party,list_type,bezirk,list_pos,name,source
afd,landes,,1,Dr. Kristin Brinker,https://www.berlin.de/wahlen/wahlen/berliner-wahlen-2026/wahllokalsuche/artikel.1701445.php
afd,landes,,2,Alexander Bertram,https://www.berlin.de/wahlen/wahlen/berliner-wahlen-2026/wahllokalsuche/artikel.1701445.php
afd,landes,,3,Rolf Wiedenhaupt,https://www.berlin.de/wahlen/wahlen/berliner-wahlen-2026/wahllokalsuche/artikel.1701445.php
afd,landes,,4,Jan-Philip Streeck,https://www.berlin.de/wahlen/wahlen/berliner-wahlen-2026/wahllokalsuche/artikel.1701445.php
afd,landes,,5,Martin Kohler,https://www.berlin.de/wahlen/wahlen/berliner-wahlen-2026/wahllokalsuche/artikel.1701445.php
bsw,landes,,1,Alexander King,https://www.berlin.de/wahlen/wahlen/berliner-wahlen-2026/wahllokalsuche/artikel.1701445.php
bsw,landes,,2,Dr. Michael Lüders,https://www.berlin.de/wahlen/wahlen/berliner-wahlen-2026/wahllokalsuche/artikel.1701445.php
bsw,landes,,3,Josephine Thyrêt,https://www.berlin.de/wahlen/wahlen/berliner-wahlen-2026/wahllokalsuche/artikel.1701445.php
bsw,landes,,4,Sevim Dağdelen,https://www.berlin.de/wahlen/wahlen/berliner-wahlen-2026/wahllokalsuche/artikel.1701445.php
bsw,landes,,5,Norman Wolf,https://www.berlin.de/wahlen/wahlen/berliner-wahlen-2026/wahllokalsuche/artikel.1701445.php
cdu,bezirk,01,1,Sven Nico Rissmann,https://www.berlin.de/wahlen/wahlen/berliner-wahlen-2026/wahllokalsuche/artikel.1701445.php
cdu,bezirk,01,2,Lucas Schaal,https://www.berlin.de/wahlen/wahlen/berliner-wahlen-2026/wahllokalsuche/artikel.1701445.php
cdu,bezirk,01,3,Daniela Fritz,https://www.berlin.de/wahlen/wahlen/berliner-wahlen-2026/wahllokalsuche/artikel.1701445.php
cdu,bezirk,01,4,Sylvia Ganz,https://www.berlin.de/wahlen/wahlen/berliner-wahlen-2026/wahllokalsuche/artikel.1701445.php
cdu,bezirk,01,5,Monika Trautmann,https://www.berlin.de/wahlen/wahlen/berliner-wahlen-2026/wahllokalsuche/artikel.1701445.php
cdu,bezirk,02,1,Kurt Wansner,https://www.berlin.de/wahlen/wahlen/berliner-wahlen-2026/wahllokalsuche/artikel.1701445.php
cdu,bezirk,02,2,Dr. Timur Husein,https://www.berlin.de/wahlen/wahlen/berliner-wahlen-2026/wahllokalsuche/artikel.1701445.php
cdu,bezirk,02,3,Max Kindler,https://www.berlin.de/wahlen/wahlen/berliner-wahlen-2026/wahllokalsuche/artikel.1701445.php
cdu,bezirk,02,4,Marita Fabeck,https://www.berlin.de/wahlen/wahlen/berliner-wahlen-2026/wahllokalsuche/artikel.1701445.php
cdu,bezirk,02,5,Björn Schlesiger,https://www.berlin.de/wahlen/wahlen/berliner-wahlen-2026/wahllokalsuche/artikel.1701445.php
cdu,bezirk,03,1,Dirk Stettner,https://www.berlin.de/wahlen/wahlen/berliner-wahlen-2026/wahllokalsuche/artikel.1701445.php
cdu,bezirk,03,2,Stephan Lenz,https://www.berlin.de/wahlen/wahlen/berliner-wahlen-2026/wahllokalsuche/artikel.1701445.php
cdu,bezirk,03,3,Johannes Kraft,https://www.berlin.de/wahlen/wahlen/berliner-wahlen-2026/wahllokalsuche/artikel.1701445.php
cdu,bezirk,03,4,Lars Bocian,https://www.berlin.de/wahlen/wahlen/berliner-wahlen-2026/wahllokalsuche/artikel.1701445.php
cdu,bezirk,03,5,Denise Bittner,https://www.berlin.de/wahlen/wahlen/berliner-wahlen-2026/wahllokalsuche/artikel.1701445.php
cdu,bezirk,04,1,Dr. Felor Badenberg,https://www.berlin.de/wahlen/wahlen/berliner-wahlen-2026/wahllokalsuche/artikel.1701445.php
cdu,bezirk,04,2,Ariturel Hack,https://www.berlin.de/wahlen/wahlen/berliner-wahlen-2026/wahllokalsuche/artikel.1701445.php
cdu,bezirk,04,3,Sandra Khalatbari,https://www.berlin.de/wahlen/wahlen/berliner-wahlen-2026/wahllokalsuche/artikel.1701445.php
cdu,bezirk,04,4,Kevin Steuer,https://www.berlin.de/wahlen/wahlen/berliner-wahlen-2026/wahllokalsuche/artikel.1701445.php
cdu,bezirk,04,5,Vivien-Nathalie Keilbar,https://www.berlin.de/wahlen/wahlen/berliner-wahlen-2026/wahllokalsuche/artikel.1701445.php
cdu,bezirk,05,1,Kai Wegner,https://www.berlin.de/wahlen/wahlen/berliner-wahlen-2026/wahllokalsuche/artikel.1701445.php
cdu,bezirk,05,2,Heiko Melzer,https://www.berlin.de/wahlen/wahlen/berliner-wahlen-2026/wahllokalsuche/artikel.1701445.php
cdu,bezirk,05,3,Bettina Meißner,https://www.berlin.de/wahlen/wahlen/berliner-wahlen-2026/wahllokalsuche/artikel.1701445.php
cdu,bezirk,05,4,Kerstin Brauner,https://www.berlin.de/wahlen/wahlen/berliner-wahlen-2026/wahllokalsuche/artikel.1701445.php
cdu,bezirk,05,5,Dr. Ersin Nas,https://www.berlin.de/wahlen/wahlen/berliner-wahlen-2026/wahllokalsuche/artikel.1701445.php
cdu,bezirk,06,1,Cornelia Seibeld,https://www.berlin.de/wahlen/wahlen/berliner-wahlen-2026/wahllokalsuche/artikel.1701445.php
cdu,bezirk,06,2,Tom Cywinski,https://www.berlin.de/wahlen/wahlen/berliner-wahlen-2026/wahllokalsuche/artikel.1701445.php
cdu,bezirk,06,3,Stephan Standfuß,https://www.berlin.de/wahlen/wahlen/berliner-wahlen-2026/wahllokalsuche/artikel.1701445.php
cdu,bezirk,06,4,Dr. Claudia Wein,https://www.berlin.de/wahlen/wahlen/berliner-wahlen-2026/wahllokalsuche/artikel.1701445.php
cdu,bezirk,06,5,Jens Hoffmann,https://www.berlin.de/wahlen/wahlen/berliner-wahlen-2026/wahllokalsuche/artikel.1701445.php
cdu,bezirk,07,1,Katharina Senge,https://www.berlin.de/wahlen/wahlen/berliner-wahlen-2026/wahllokalsuche/artikel.1701445.php
cdu,bezirk,07,2,Roman Simon,https://www.berlin.de/wahlen/wahlen/berliner-wahlen-2026/wahllokalsuche/artikel.1701445.php
cdu,bezirk,07,3,Christian Zander,https://www.berlin.de/wahlen/wahlen/berliner-wahlen-2026/wahllokalsuche/artikel.1701445.php
cdu,bezirk,07,4,Scott Körber,https://www.berlin.de/wahlen/wahlen/berliner-wahlen-2026/wahllokalsuche/artikel.1701445.php
cdu,bezirk,07,5,Frank Luhmann,https://www.berlin.de/wahlen/wahlen/berliner-wahlen-2026/wahllokalsuche/artikel.1701445.php
cdu,bezirk,08,1,Christopher Förster,https://www.berlin.de/wahlen/wahlen/berliner-wahlen-2026/wahllokalsuche/artikel.1701445.php
cdu,bezirk,08,2,Dr. Robbin Juhnke,https://www.berlin.de/wahlen/wahlen/berliner-wahlen-2026/wahllokalsuche/artikel.1701445.php
cdu,bezirk,08,3,Nimet Avci,https://www.berlin.de/wahlen/wahlen/berliner-wahlen-2026/wahllokalsuche/artikel.1701445.php
cdu,bezirk,08,4,Olaf Schenk,https://www.berlin.de/wahlen/wahlen/berliner-wahlen-2026/wahllokalsuche/artikel.1701445.php
cdu,bezirk,08,5,Davide Annone,https://www.berlin.de/wahlen/wahlen/berliner-wahlen-2026/wahllokalsuche/artikel.1701445.php
cdu,bezirk,09,1,Maik Penn,https://www.berlin.de/wahlen/wahlen/berliner-wahlen-2026/wahllokalsuche/artikel.1701445.php
cdu,bezirk,09,2,Stefan Evers,https://www.berlin.de/wahlen/wahlen/berliner-wahlen-2026/wahllokalsuche/artikel.1701445.php
cdu,bezirk,09,3,Lisa Knack,https://www.berlin.de/wahlen/wahlen/berliner-wahlen-2026/wahllokalsuche/artikel.1701445.php
cdu,bezirk,09,4,Dr. Katrin Hegenscheid,https://www.berlin.de/wahlen/wahlen/berliner-wahlen-2026/wahllokalsuche/artikel.1701445.php
cdu,bezirk,09,5,Dr. Martin Sattelkau,https://www.berlin.de/wahlen/wahlen/berliner-wahlen-2026/wahllokalsuche/artikel.1701445.php
cdu,bezirk,10,1,Alexander Herrmann,https://www.berlin.de/wahlen/wahlen/berliner-wahlen-2026/wahllokalsuche/artikel.1701445.php
cdu,bezirk,10,2,Johannes Martin,https://www.berlin.de/wahlen/wahlen/berliner-wahlen-2026/wahllokalsuche/artikel.1701445.php
cdu,bezirk,10,3,Katharina Günther-Wünsch,https://www.berlin.de/wahlen/wahlen/berliner-wahlen-2026/wahllokalsuche/artikel.1701445.php
cdu,bezirk,10,4,Susanne Gontard,https://www.berlin.de/wahlen/wahlen/berliner-wahlen-2026/wahllokalsuche/artikel.1701445.php
cdu,bezirk,10,5,Bernd Siggelkow,https://www.berlin.de/wahlen/wahlen/berliner-wahlen-2026/wahllokalsuche/artikel.1701445.php
cdu,bezirk,11,1,Danny Freymark,https://www.berlin.de/wahlen/wahlen/berliner-wahlen-2026/wahllokalsuche/artikel.1701445.php
cdu,bezirk,11,2,Dr. Martin Pätzold,https://www.berlin.de/wahlen/wahlen/berliner-wahlen-2026/wahllokalsuche/artikel.1701445.php
cdu,bezirk,11,3,Lilia Usik,https://www.berlin.de/wahlen/wahlen/berliner-wahlen-2026/wahllokalsuche/artikel.1701445.php
cdu,bezirk,11,4,Dennis Haustein,https://www.berlin.de/wahlen/wahlen/berliner-wahlen-2026/wahllokalsuche/artikel.1701445.php
cdu,bezirk,11,5,Lennart Birkenthal,https://www.berlin.de/wahlen/wahlen/berliner-wahlen-2026/wahllokalsuche/artikel.1701445.php
cdu,bezirk,12,1,Burkard Dregger,https://www.berlin.de/wahlen/wahlen/berliner-wahlen-2026/wahllokalsuche/artikel.1701445.php
cdu,bezirk,12,2,Niklas Graßelt,https://www.berlin.de/wahlen/wahlen/berliner-wahlen-2026/wahllokalsuche/artikel.1701445.php
cdu,bezirk,12,3,Matea Krolo,https://www.berlin.de/wahlen/wahlen/berliner-wahlen-2026/wahllokalsuche/artikel.1701445.php
cdu,bezirk,12,4,Tomasz Klon,https://www.berlin.de/wahlen/wahlen/berliner-wahlen-2026/wahllokalsuche/artikel.1701445.php
cdu,bezirk,12,5,Richard Gamp,https://www.berlin.de/wahlen/wahlen/berliner-wahlen-2026/wahllokalsuche/artikel.1701445.php
fdp,landes,,1,Christoph Meyer,https://www.berlin.de/wahlen/wahlen/berliner-wahlen-2026/wahllokalsuche/artikel.1701445.php
fdp,landes,,2,Dr. Maren Jasper-Winter,https://www.berlin.de/wahlen/wahlen/berliner-wahlen-2026/wahllokalsuche/artikel.1701445.php
fdp,landes,,3,Peter Langer,https://www.berlin.de/wahlen/wahlen/berliner-wahlen-2026/wahllokalsuche/artikel.1701445.php
fdp,landes,,4,Maria Wandel,https://www.berlin.de/wahlen/wahlen/berliner-wahlen-2026/wahllokalsuche/artikel.1701445.php
fdp,landes,,5,Tobias Bauschke,https://www.berlin.de/wahlen/wahlen/berliner-wahlen-2026/wahllokalsuche/artikel.1701445.php
gruene,landes,,1,Bettina Jarasch,https://www.berlin.de/wahlen/wahlen/berliner-wahlen-2026/wahllokalsuche/artikel.1701445.php
gruene,landes,,2,Werner Graf,https://www.berlin.de/wahlen/wahlen/berliner-wahlen-2026/wahllokalsuche/artikel.1701445.php
gruene,landes,,3,Daniela Ehlers,https://www.berlin.de/wahlen/wahlen/berliner-wahlen-2026/wahllokalsuche/artikel.1701445.php
gruene,landes,,4,Silke Gebel,https://www.berlin.de/wahlen/wahlen/berliner-wahlen-2026/wahllokalsuche/artikel.1701445.php
gruene,landes,,5,Klara Josephine Schedlich,https://www.berlin.de/wahlen/wahlen/berliner-wahlen-2026/wahllokalsuche/artikel.1701445.php
linke,bezirk,01,1,Martha Kleedörfer,https://www.berlin.de/wahlen/wahlen/berliner-wahlen-2026/wahllokalsuche/artikel.1701445.php
linke,bezirk,01,2,Tobias Schulze,https://www.berlin.de/wahlen/wahlen/berliner-wahlen-2026/wahllokalsuche/artikel.1701445.php
linke,bezirk,01,3,Jacqueline Sanehy,https://www.berlin.de/wahlen/wahlen/berliner-wahlen-2026/wahllokalsuche/artikel.1701445.php
linke,bezirk,01,4,Deike Janssen,https://www.berlin.de/wahlen/wahlen/berliner-wahlen-2026/wahllokalsuche/artikel.1701445.php
linke,bezirk,01,5,Anna Eiling,https://www.berlin.de/wahlen/wahlen/berliner-wahlen-2026/wahllokalsuche/artikel.1701445.php
linke,bezirk,02,1,Elif Eralp,https://www.berlin.de/wahlen/wahlen/berliner-wahlen-2026/wahllokalsuche/artikel.1701445.php
linke,bezirk,02,2,Damiano Valgolio,https://www.berlin.de/wahlen/wahlen/berliner-wahlen-2026/wahllokalsuche/artikel.1701445.php
linke,bezirk,02,3,Kerstin Wolter-Ehling,https://www.berlin.de/wahlen/wahlen/berliner-wahlen-2026/wahllokalsuche/artikel.1701445.php
linke,bezirk,02,4,Michael Efler,https://www.berlin.de/wahlen/wahlen/berliner-wahlen-2026/wahllokalsuche/artikel.1701445.php
linke,bezirk,02,5,Ruby Cichon,https://www.berlin.de/wahlen/wahlen/berliner-wahlen-2026/wahllokalsuche/artikel.1701445.php
linke,bezirk,03,1,Maximilian Schirmer,https://www.berlin.de/wahlen/wahlen/berliner-wahlen-2026/wahllokalsuche/artikel.1701445.php
linke,bezirk,03,2,Enja Springob,https://www.berlin.de/wahlen/wahlen/berliner-wahlen-2026/wahllokalsuche/artikel.1701445.php
linke,bezirk,03,3,Maria Bigos,https://www.berlin.de/wahlen/wahlen/berliner-wahlen-2026/wahllokalsuche/artikel.1701445.php
linke,bezirk,03,4,Niklas Schrader,https://www.berlin.de/wahlen/wahlen/berliner-wahlen-2026/wahllokalsuche/artikel.1701445.php
linke,bezirk,03,5,Maxi Häber,https://www.berlin.de/wahlen/wahlen/berliner-wahlen-2026/wahllokalsuche/artikel.1701445.php
linke,bezirk,04,1,Niklas Schenker,https://www.berlin.de/wahlen/wahlen/berliner-wahlen-2026/wahllokalsuche/artikel.1701445.php
linke,bezirk,04,2,Sonja Radde,https://www.berlin.de/wahlen/wahlen/berliner-wahlen-2026/wahllokalsuche/artikel.1701445.php
linke,bezirk,04,3,Frederike-Sophie Gronde-Brunner,https://www.berlin.de/wahlen/wahlen/berliner-wahlen-2026/wahllokalsuche/artikel.1701445.php
linke,bezirk,04,4,Johannes Kolleck,https://www.berlin.de/wahlen/wahlen/berliner-wahlen-2026/wahllokalsuche/artikel.1701445.php
linke,bezirk,04,5,Lisbeth Ritterhoff,https://www.berlin.de/wahlen/wahlen/berliner-wahlen-2026/wahllokalsuche/artikel.1701445.php
linke,bezirk,05,1,Ender Atakul,https://www.berlin.de/wahlen/wahlen/berliner-wahlen-2026/wahllokalsuche/artikel.1701445.php
linke,bezirk,05,2,Isabella-Marie Sander,https://www.berlin.de/wahlen/wahlen/berliner-wahlen-2026/wahllokalsuche/artikel.1701445.php
linke,bezirk,05,3,Hanna Lena Krüger,https://www.berlin.de/wahlen/wahlen/berliner-wahlen-2026/wahllokalsuche/artikel.1701445.php
linke,bezirk,05,4,Thomas Wulfes,https://www.berlin.de/wahlen/wahlen/berliner-wahlen-2026/wahllokalsuche/artikel.1701445.php
linke,bezirk,05,5,Fritz Stephan,https://www.berlin.de/wahlen/wahlen/berliner-wahlen-2026/wahllokalsuche/artikel.1701445.php
linke,bezirk,06,1,Franziska Brychcy,https://www.berlin.de/wahlen/wahlen/berliner-wahlen-2026/wahllokalsuche/artikel.1701445.php
linke,bezirk,06,2,Marcus Otto,https://www.berlin.de/wahlen/wahlen/berliner-wahlen-2026/wahllokalsuche/artikel.1701445.php
linke,bezirk,06,3,Dr. Bettina Günter,https://www.berlin.de/wahlen/wahlen/berliner-wahlen-2026/wahllokalsuche/artikel.1701445.php
linke,bezirk,06,4,Mathias Gruner,https://www.berlin.de/wahlen/wahlen/berliner-wahlen-2026/wahllokalsuche/artikel.1701445.php
linke,bezirk,06,5,Lara Wiebelt,https://www.berlin.de/wahlen/wahlen/berliner-wahlen-2026/wahllokalsuche/artikel.1701445.php
linke,bezirk,07,1,Sarah Bremer,https://www.berlin.de/wahlen/wahlen/berliner-wahlen-2026/wahllokalsuche/artikel.1701445.php
linke,bezirk,07,2,Katharina Marg,https://www.berlin.de/wahlen/wahlen/berliner-wahlen-2026/wahllokalsuche/artikel.1701445.php
linke,bezirk,07,3,Asya Șenyüz,https://www.berlin.de/wahlen/wahlen/berliner-wahlen-2026/wahllokalsuche/artikel.1701445.php
linke,bezirk,07,4,Elisabeth Staudt,https://www.berlin.de/wahlen/wahlen/berliner-wahlen-2026/wahllokalsuche/artikel.1701445.php
linke,bezirk,07,5,Miriam Morhart,https://www.berlin.de/wahlen/wahlen/berliner-wahlen-2026/wahllokalsuche/artikel.1701445.php
linke,bezirk,08,1,Rouzbeh Taheri,https://www.berlin.de/wahlen/wahlen/berliner-wahlen-2026/wahllokalsuche/artikel.1701445.php
linke,bezirk,08,2,Vanessa Emde,https://www.berlin.de/wahlen/wahlen/berliner-wahlen-2026/wahllokalsuche/artikel.1701445.php
linke,bezirk,08,3,Betül Havva Yilmaz-Bergk,https://www.berlin.de/wahlen/wahlen/berliner-wahlen-2026/wahllokalsuche/artikel.1701445.php
linke,bezirk,08,4,Philipp-Martin Dehne,https://www.berlin.de/wahlen/wahlen/berliner-wahlen-2026/wahllokalsuche/artikel.1701445.php
linke,bezirk,08,5,Emmi Stiegler,https://www.berlin.de/wahlen/wahlen/berliner-wahlen-2026/wahllokalsuche/artikel.1701445.php
linke,bezirk,09,1,Moritz Warnke,https://www.berlin.de/wahlen/wahlen/berliner-wahlen-2026/wahllokalsuche/artikel.1701445.php
linke,bezirk,09,2,Lisa Pfitzmann,https://www.berlin.de/wahlen/wahlen/berliner-wahlen-2026/wahllokalsuche/artikel.1701445.php
linke,bezirk,09,3,Eda Terkan,https://www.berlin.de/wahlen/wahlen/berliner-wahlen-2026/wahllokalsuche/artikel.1701445.php
linke,bezirk,09,4,Dr. Hans Kromrey,https://www.berlin.de/wahlen/wahlen/berliner-wahlen-2026/wahllokalsuche/artikel.1701445.php
linke,bezirk,09,5,Lena Fries,https://www.berlin.de/wahlen/wahlen/berliner-wahlen-2026/wahllokalsuche/artikel.1701445.php
linke,bezirk,10,1,Björn Tielebein,https://www.berlin.de/wahlen/wahlen/berliner-wahlen-2026/wahllokalsuche/artikel.1701445.php
linke,bezirk,10,2,Sarah Bigall,https://www.berlin.de/wahlen/wahlen/berliner-wahlen-2026/wahllokalsuche/artikel.1701445.php
linke,bezirk,10,3,Steffen Ostehr,https://www.berlin.de/wahlen/wahlen/berliner-wahlen-2026/wahllokalsuche/artikel.1701445.php
linke,bezirk,10,4,Nadine Jüngling,https://www.berlin.de/wahlen/wahlen/berliner-wahlen-2026/wahllokalsuche/artikel.1701445.php
linke,bezirk,10,5,Juliane Witt,https://www.berlin.de/wahlen/wahlen/berliner-wahlen-2026/wahllokalsuche/artikel.1701445.php
linke,bezirk,11,1,Hendrikje Klein,https://www.berlin.de/wahlen/wahlen/berliner-wahlen-2026/wahllokalsuche/artikel.1701445.php
linke,bezirk,11,2,Antonio Leonhardt,https://www.berlin.de/wahlen/wahlen/berliner-wahlen-2026/wahllokalsuche/artikel.1701445.php
linke,bezirk,11,3,Claudia Engelmann,https://www.berlin.de/wahlen/wahlen/berliner-wahlen-2026/wahllokalsuche/artikel.1701445.php
linke,bezirk,11,4,Toni Kraus,https://www.berlin.de/wahlen/wahlen/berliner-wahlen-2026/wahllokalsuche/artikel.1701445.php
linke,bezirk,11,5,Julia Behrens,https://www.berlin.de/wahlen/wahlen/berliner-wahlen-2026/wahllokalsuche/artikel.1701445.php
linke,bezirk,12,1,Pilar Caballero Alvarez,https://www.berlin.de/wahlen/wahlen/berliner-wahlen-2026/wahllokalsuche/artikel.1701445.php
linke,bezirk,12,2,Jessica Gerke,https://www.berlin.de/wahlen/wahlen/berliner-wahlen-2026/wahllokalsuche/artikel.1701445.php
linke,bezirk,12,3,Sophia-Marie Dietrich,https://www.berlin.de/wahlen/wahlen/berliner-wahlen-2026/wahllokalsuche/artikel.1701445.php
linke,bezirk,12,4,Noah Keilmann,https://www.berlin.de/wahlen/wahlen/berliner-wahlen-2026/wahllokalsuche/artikel.1701445.php
linke,bezirk,12,5,Gülistan Erdil,https://www.berlin.de/wahlen/wahlen/berliner-wahlen-2026/wahllokalsuche/artikel.1701445.php
spd,bezirk,01,1,Mathias Schulz,https://www.berlin.de/wahlen/wahlen/berliner-wahlen-2026/wahllokalsuche/artikel.1701445.php
spd,bezirk,01,2,Dr. Maja Lasić,https://www.berlin.de/wahlen/wahlen/berliner-wahlen-2026/wahllokalsuche/artikel.1701445.php
spd,bezirk,01,3,Lucy Merle Demers,https://www.berlin.de/wahlen/wahlen/berliner-wahlen-2026/wahllokalsuche/artikel.1701445.php
spd,bezirk,01,4,Federico Quadrelli,https://www.berlin.de/wahlen/wahlen/berliner-wahlen-2026/wahllokalsuche/artikel.1701445.php
spd,bezirk,01,5,Susanne Fischer,https://www.berlin.de/wahlen/wahlen/berliner-wahlen-2026/wahllokalsuche/artikel.1701445.php
spd,bezirk,02,1,Sevim Aydin,https://www.berlin.de/wahlen/wahlen/berliner-wahlen-2026/wahllokalsuche/artikel.1701445.php
spd,bezirk,02,2,Sven Heinemann,https://www.berlin.de/wahlen/wahlen/berliner-wahlen-2026/wahllokalsuche/artikel.1701445.php
spd,bezirk,02,3,Dr. Britt Schlünz,https://www.berlin.de/wahlen/wahlen/berliner-wahlen-2026/wahllokalsuche/artikel.1701445.php
spd,bezirk,02,4,Thomas Giebel,https://www.berlin.de/wahlen/wahlen/berliner-wahlen-2026/wahllokalsuche/artikel.1701445.php
spd,bezirk,02,5,Dora Oswald,https://www.berlin.de/wahlen/wahlen/berliner-wahlen-2026/wahllokalsuche/artikel.1701445.php
spd,bezirk,03,1,Rona Tietje,https://www.berlin.de/wahlen/wahlen/berliner-wahlen-2026/wahllokalsuche/artikel.1701445.php
spd,bezirk,03,2,Dennis Buchner,https://www.berlin.de/wahlen/wahlen/berliner-wahlen-2026/wahllokalsuche/artikel.1701445.php
spd,bezirk,03,3,Annette Unger,https://www.berlin.de/wahlen/wahlen/berliner-wahlen-2026/wahllokalsuche/artikel.1701445.php
spd,bezirk,03,4,Tino Schopf,https://www.berlin.de/wahlen/wahlen/berliner-wahlen-2026/wahllokalsuche/artikel.1701445.php
spd,bezirk,03,5,Linda Vierecke,https://www.berlin.de/wahlen/wahlen/berliner-wahlen-2026/wahllokalsuche/artikel.1701445.php
spd,bezirk,04,1,Florian Dörstelmann,https://www.berlin.de/wahlen/wahlen/berliner-wahlen-2026/wahllokalsuche/artikel.1701445.php
spd,bezirk,04,2,Dr. Ann-Kathrin Biewener,https://www.berlin.de/wahlen/wahlen/berliner-wahlen-2026/wahllokalsuche/artikel.1701445.php
spd,bezirk,04,3,Timur Sarić,https://www.berlin.de/wahlen/wahlen/berliner-wahlen-2026/wahllokalsuche/artikel.1701445.php
spd,bezirk,04,4,Dr. Claudia Buß,https://www.berlin.de/wahlen/wahlen/berliner-wahlen-2026/wahllokalsuche/artikel.1701445.php
spd,bezirk,04,5,Nicola Aleksander Kaufmann,https://www.berlin.de/wahlen/wahlen/berliner-wahlen-2026/wahllokalsuche/artikel.1701445.php
spd,bezirk,05,1,Raed Saleh,https://www.berlin.de/wahlen/wahlen/berliner-wahlen-2026/wahllokalsuche/artikel.1701445.php
spd,bezirk,05,2,Sebahat Atli,https://www.berlin.de/wahlen/wahlen/berliner-wahlen-2026/wahllokalsuche/artikel.1701445.php
spd,bezirk,05,3,Stephan Machulik,https://www.berlin.de/wahlen/wahlen/berliner-wahlen-2026/wahllokalsuche/artikel.1701445.php
spd,bezirk,05,4,Susanne Drescher,https://www.berlin.de/wahlen/wahlen/berliner-wahlen-2026/wahllokalsuche/artikel.1701445.php
spd,bezirk,05,5,Marco Rumza,https://www.berlin.de/wahlen/wahlen/berliner-wahlen-2026/wahllokalsuche/artikel.1701445.php
spd,bezirk,06,1,Steffen Krach,https://www.berlin.de/wahlen/wahlen/berliner-wahlen-2026/wahllokalsuche/artikel.1701445.php
spd,bezirk,06,2,Dr. Ina Czyborra,https://www.berlin.de/wahlen/wahlen/berliner-wahlen-2026/wahllokalsuche/artikel.1701445.php
spd,bezirk,06,3,Martin Matz,https://www.berlin.de/wahlen/wahlen/berliner-wahlen-2026/wahllokalsuche/artikel.1701445.php
spd,bezirk,06,4,Mirjam Golm,https://www.berlin.de/wahlen/wahlen/berliner-wahlen-2026/wahllokalsuche/artikel.1701445.php
spd,bezirk,06,5,Norbert Buchta,https://www.berlin.de/wahlen/wahlen/berliner-wahlen-2026/wahllokalsuche/artikel.1701445.php
spd,bezirk,07,1,Wiebke Neumann,https://www.berlin.de/wahlen/wahlen/berliner-wahlen-2026/wahllokalsuche/artikel.1701445.php
spd,bezirk,07,2,Orkan Özdemir,https://www.berlin.de/wahlen/wahlen/berliner-wahlen-2026/wahllokalsuche/artikel.1701445.php
spd,bezirk,07,3,Melanie Kühnemann-Grunow,https://www.berlin.de/wahlen/wahlen/berliner-wahlen-2026/wahllokalsuche/artikel.1701445.php
spd,bezirk,07,4,Michael Biel,https://www.berlin.de/wahlen/wahlen/berliner-wahlen-2026/wahllokalsuche/artikel.1701445.php
spd,bezirk,07,5,Annette Hertlein,https://www.berlin.de/wahlen/wahlen/berliner-wahlen-2026/wahllokalsuche/artikel.1701445.php
spd,bezirk,08,1,Derya Çağlar,https://www.berlin.de/wahlen/wahlen/berliner-wahlen-2026/wahllokalsuche/artikel.1701445.php
spd,bezirk,08,2,Marcel Hopp,https://www.berlin.de/wahlen/wahlen/berliner-wahlen-2026/wahllokalsuche/artikel.1701445.php
spd,bezirk,08,3,Charlotte Mende,https://www.berlin.de/wahlen/wahlen/berliner-wahlen-2026/wahllokalsuche/artikel.1701445.php
spd,bezirk,08,4,Joachim Rahmann,https://www.berlin.de/wahlen/wahlen/berliner-wahlen-2026/wahllokalsuche/artikel.1701445.php
spd,bezirk,08,5,Anne Roever,https://www.berlin.de/wahlen/wahlen/berliner-wahlen-2026/wahllokalsuche/artikel.1701445.php
spd,bezirk,09,1,Julia Dittmar,https://www.berlin.de/wahlen/wahlen/berliner-wahlen-2026/wahllokalsuche/artikel.1701445.php
spd,bezirk,09,2,Alexander Freier-Winterwerb,https://www.berlin.de/wahlen/wahlen/berliner-wahlen-2026/wahllokalsuche/artikel.1701445.php
spd,bezirk,09,3,Ellen Haußdörfer,https://www.berlin.de/wahlen/wahlen/berliner-wahlen-2026/wahllokalsuche/artikel.1701445.php
spd,bezirk,09,4,Paul Bahlmann,https://www.berlin.de/wahlen/wahlen/berliner-wahlen-2026/wahllokalsuche/artikel.1701445.php
spd,bezirk,09,5,Sara Rüdiger,https://www.berlin.de/wahlen/wahlen/berliner-wahlen-2026/wahllokalsuche/artikel.1701445.php
spd,bezirk,10,1,Iris Spranger,https://www.berlin.de/wahlen/wahlen/berliner-wahlen-2026/wahllokalsuche/artikel.1701445.php
spd,bezirk,10,2,Jan Lehmann,https://www.berlin.de/wahlen/wahlen/berliner-wahlen-2026/wahllokalsuche/artikel.1701445.php
spd,bezirk,10,3,Dr. Luise Lehmann,https://www.berlin.de/wahlen/wahlen/berliner-wahlen-2026/wahllokalsuche/artikel.1701445.php
spd,bezirk,10,4,Enrico Bloch,https://www.berlin.de/wahlen/wahlen/berliner-wahlen-2026/wahllokalsuche/artikel.1701445.php
spd,bezirk,10,5,Maria Geidel-Künne,https://www.berlin.de/wahlen/wahlen/berliner-wahlen-2026/wahllokalsuche/artikel.1701445.php
spd,bezirk,11,1,Tamara Lüdke,https://www.berlin.de/wahlen/wahlen/berliner-wahlen-2026/wahllokalsuche/artikel.1701445.php
spd,bezirk,11,2,Marlon Bünck,https://www.berlin.de/wahlen/wahlen/berliner-wahlen-2026/wahllokalsuche/artikel.1701445.php
spd,bezirk,11,3,Marie Scharfenberg,https://www.berlin.de/wahlen/wahlen/berliner-wahlen-2026/wahllokalsuche/artikel.1701445.php
spd,bezirk,11,4,Klaus-Uwe Heinecke,https://www.berlin.de/wahlen/wahlen/berliner-wahlen-2026/wahllokalsuche/artikel.1701445.php
spd,bezirk,11,5,Stefan Schenck,https://www.berlin.de/wahlen/wahlen/berliner-wahlen-2026/wahllokalsuche/artikel.1701445.php
spd,bezirk,12,1,Bettina König,https://www.berlin.de/wahlen/wahlen/berliner-wahlen-2026/wahllokalsuche/artikel.1701445.php
spd,bezirk,12,2,Sven Meyer,https://www.berlin.de/wahlen/wahlen/berliner-wahlen-2026/wahllokalsuche/artikel.1701445.php
spd,bezirk,12,3,Laurence Stroedter,https://www.berlin.de/wahlen/wahlen/berliner-wahlen-2026/wahllokalsuche/artikel.1701445.php
spd,bezirk,12,4,Dr. Kai Kottenstede,https://www.berlin.de/wahlen/wahlen/berliner-wahlen-2026/wahllokalsuche/artikel.1701445.php
spd,bezirk,12,5,Sevda Boyraci,https://www.berlin.de/wahlen/wahlen/berliner-wahlen-2026/wahllokalsuche/artikel.1701445.php
