"wahlkreis","wahlkreisname","wahlbeteiligung","year","gültige_erststimmen","spd_erst","cdu_erst","linke_erst","gruene_erst","fdp_erst","afd_erst","others_erst","gültige_zweitstimmen","spd_zweit","cdu_zweit","linke_zweit","gruene_zweit","fdp_zweit","afd_zweit","others_zweit"
1,"Greifswald",51.3,2011,22628,9373,5284,3395,2756,623,0,1197,22495,6199,5258,3901,3547,668,0,2922
2,"Neubrandenburg I",50.7,2011,13724,5517,3321,2987,846,296,0,757,13735,5277,2683,3127,929,271,0,1448
3,"Neubrandenburg II",51,2011,13613,5206,3486,2742,993,247,0,939,13611,5010,2943,2768,1132,302,0,1456
4,"Hansestadt Rostock I",47.1,2011,16950,5835,2987,4408,1553,348,0,1819,16987,5926,2694,4165,1647,396,0,2159
5,"Hansestadt Rostock II",49.6,2011,18952,7309,2786,5750,1785,325,0,997,19028,7265,2557,5108,1644,313,0,2141
6,"Hansestadt Rostock III",58.7,2011,26397,10957,4852,4793,3638,665,0,1492,26482,8663,4494,4777,5050,661,0,2837
7,"Hansestadt Rostock IV",49.8,2011,23161,7290,5291,5267,3797,618,0,898,23270,7126,4220,4489,3911,746,0,2778
8,"Schwerin I",58.6,2011,27516,12718,5587,4291,2580,547,0,1793,27600,10612,5319,4846,3468,657,0,2698
9,"Schwerin II",51.6,2011,15136,5713,3014,3816,954,282,0,1357,15161,6075,2630,3258,1194,318,0,1686
10,"Wismar",51,2011,17539,7767,3324,3392,1624,614,0,818,17613,8092,2807,3017,1526,493,0,1678
11,"Landkreis Rostock I",56,2011,23330,8637,5839,4140,2092,975,0,1647,23408,9153,5053,3922,2090,770,0,2420
12,"Landkreis Rostock II",59.1,2011,27243,8791,8362,5370,2529,796,0,1395,27296,9433,6759,4805,2641,818,0,2840
13,"Mecklenburgische Seenplatte I - Vorpommern-Greifswald I",46.5,2011,13925,4797,6163,0,919,337,0,1709,14245,4276,4551,2575,717,363,0,1763
14,"Mecklenburgische Seenplatte II",48.1,2011,15193,5745,5617,0,1083,713,0,2035,15743,5232,4500,3034,722,493,0,1762
15,"Landkreis Rostock III",49.3,2011,19878,6370,5749,3625,1142,523,0,2469,19850,7310,5172,3215,1209,508,0,2436
16,"Landkreis Rostock IV",47.2,2011,21363,8941,5273,3604,1540,681,0,1324,21431,8719,4790,3682,1543,524,0,2173
17,"Ludwigslust-Parchim I",52.8,2011,17263,8349,3218,2117,799,1077,0,1703,17097,7542,3229,2467,1029,624,0,2206
18,"Ludwigslust-Parchim II",55.4,2011,18553,8401,4522,2886,1077,532,0,1135,18514,7916,4094,2856,1182,523,0,1943
19,"Ludwigslust-Parchim III",54.2,2011,17585,7243,3726,3067,1807,646,0,1096,17552,7329,3613,2931,1205,594,0,1880
20,"Mecklenburgische Seenplatte III",48.9,2011,22386,8819,5795,3804,1490,728,0,1750,22262,8829,5004,3827,1616,742,0,2244
21,"Mecklenburgische Seenplatte IV",53.2,2011,18252,6056,4998,3609,1269,948,0,1372,18155,6555,4649,3272,1309,462,0,1908
22,"Mecklenburgische Seenplatte V",53.7,2011,18699,5575,6894,3368,1119,523,0,1220,18595,6441,5407,3089,1041,473,0,2144
23,"Vorpommern-Rügen I",51.2,2011,18091,5929,6118,3251,1307,599,0,887,18052,6208,5184,3206,1218,561,0,1675
24,"Vorpommern-Rügen II - Stralsund III",50.3,2011,13910,2618,6721,2784,765,217,0,805,13785,3734,5025,2571,759,292,0,1404
25,"Vorpommern-Rügen III - Stralsund I",48.7,2011,20767,5470,7007,4494,1130,762,0,1904,20804,6539,6056,4043,1228,526,0,2412
26,"Stralsund II",47.8,2011,12983,3477,4388,2340,1803,311,0,664,12984,3639,3787,2182,1445,361,0,1570
27,"Nordwestmecklenburg I",49.8,2011,22648,9168,5083,4286,2139,460,0,1512,22648,9457,4608,3723,2045,580,0,2235
28,"Nordwestmecklenburg II",54,2011,25136,9824,6562,4324,1939,706,0,1781,25278,10249,5493,4243,1982,697,0,2614
29,"Vorpommern-Greifswald II",50.6,2011,19111,4416,6111,3875,1357,1335,0,2017,19084,5694,5115,3393,1176,727,0,2979
30,"Vorpommern-Greifswald III",49.8,2011,23191,5683,7214,5378,1697,540,0,2679,23153,6524,6247,4472,1470,585,0,3855
31,"Ludwigslust-Parchim IV",53.3,2011,21103,6601,7225,3852,1236,560,0,1629,21086,7981,5720,3564,1123,467,0,2231
32,"Ludwigslust-Parchim V",55.6,2011,21075,8017,5970,3734,1423,543,0,1388,21104,8386,4823,3654,1551,608,0,2082
33,"Vorpommern-Rügen IV",44.3,2011,11884,3625,2453,2743,1044,1159,0,860,11830,3242,2608,2639,1549,568,0,1224
34,"Vorpommern-Rügen V",42.8,2011,11726,2699,2890,2812,1564,1091,0,670,11834,3020,2675,2570,1874,601,0,1094
35,"Vorpommern-Greifswald IV",53.3,2011,15595,3608,3970,3677,477,284,0,3579,15506,4208,3807,3206,571,336,0,3378
36,"Vorpommern-Greifswald V",51.7,2011,14178,3824,4188,2979,733,443,0,2011,14097,4390,3395,2931,661,315,0,2405
1,"Greifswald",62.3,2016,27552,7802,5694,3756,2600,1013,5482,1205,27613,7680,5136,3565,2835,1067,5164,2166
2,"Neubrandenburg I",59.1,2016,15316,4805,2422,3481,682,438,3488,0,15366,4752,2407,2881,516,335,3336,1139
3,"Neubrandenburg II",61.5,2016,15946,5162,3228,2670,730,597,3559,0,16052,4881,2731,2649,732,443,3365,1251
4,"Hansestadt Rostock I",58.2,2016,20874,6992,3297,3373,874,653,4763,922,20973,6805,3063,3419,888,572,4494,1732
5,"Hansestadt Rostock II",59.2,2016,22057,8013,2986,4768,1299,676,4315,0,22175,7997,2830,4055,1000,526,4107,1660
6,"Hansestadt Rostock III",70.7,2016,31554,9902,5251,6493,3625,1030,3904,1349,31680,10338,5110,5366,3803,1040,3860,2163
7,"Hansestadt Rostock IV",63.2,2016,30129,8746,5879,5871,2977,1219,5437,0,30297,9175,5188,4594,2766,1084,5228,2262
8,"Schwerin I",68.4,2016,32162,15232,4977,3212,1708,1064,4514,1455,32087,11101,6048,4389,2496,1064,4725,2264
9,"Schwerin II",60.1,2016,16717,4940,2812,3609,661,460,3313,922,16943,6123,2590,2587,665,467,3082,1429
10,"Wismar",59.2,2016,20103,8160,2866,2487,1127,884,4239,340,20161,7666,2784,2475,1093,743,3958,1442
11,"Landkreis Rostock I",66.8,2016,28364,8322,5960,3038,1407,858,5470,3309,28408,9114,5739,3302,1269,848,6065,2071
12,"Landkreis Rostock II",69.7,2016,32527,9568,7821,5132,1714,1168,6541,583,32647,10292,7034,4101,1565,1125,6465,2065
13,"Mecklenburgische Seenplatte I - Vorpommern-Greifswald I",57.4,2016,16784,3173,4727,2402,370,NA,4213,1899,16885,4069,3936,2052,421,353,4148,1906
14,"Mecklenburgische Seenplatte II",58.2,2016,18276,4473,4375,2865,414,719,3918,1512,18290,5065,3830,2400,400,521,3826,2248
15,"Landkreis Rostock III",60.2,2016,23558,6960,5831,3054,754,710,5194,1055,23622,7601,5211,2618,771,598,4875,1948
16,"Landkreis Rostock IV",59.2,2016,26265,8652,6697,3074,858,763,5600,621,26367,9308,5032,2910,1018,701,5283,2115
17,"Ludwigslust-Parchim I",61.6,2016,19726,8219,2838,2260,505,1654,3996,254,19796,7334,3191,2186,652,942,3481,2010
18,"Ludwigslust-Parchim II",65.2,2016,21327,6394,5690,2813,570,564,4082,1214,21430,7482,4256,2590,651,617,3699,2135
19,"Ludwigslust-Parchim III",63.6,2016,20042,5744,3925,2995,619,849,4544,1366,20166,6779,3448,2392,623,695,4155,2074
20,"Mecklenburgische Seenplatte III",58.2,2016,26547,8004,5610,3753,1835,742,6149,454,26659,8384,5008,3552,1358,716,5908,1733
21,"Mecklenburgische Seenplatte IV",61.2,2016,20554,5882,5428,3090,881,673,4600,0,20591,5779,4646,2916,939,508,4441,1362
22,"Mecklenburgische Seenplatte V",63.6,2016,21223,5218,5641,2800,631,754,5502,677,21309,5598,4657,2555,702,553,5130,2114
23,"Vorpommern-Rügen I",62.5,2016,21643,5919,5914,2613,635,620,4434,1508,21691,6578,4987,2515,781,600,4469,1761
24,"Vorpommern-Rügen II - Stralsund III",58.4,2016,15642,2621,6697,2199,765,NA,3360,0,15758,3713,4359,1804,577,390,3635,1280
25,"Vorpommern-Rügen III - Stralsund I",57.9,2016,23960,5662,6402,3554,1000,1056,6286,0,24146,6590,5074,2863,924,681,5969,2045
26,"Stralsund II",59.2,2016,16322,3411,3631,2015,1614,584,3575,1492,16369,3868,3700,1812,1389,579,3562,1459
27,"Nordwestmecklenburg I",59.3,2016,27140,10447,5035,4130,1122,617,5122,667,27196,9832,4938,3408,1434,742,4888,1954
28,"Nordwestmecklenburg II",63.8,2016,29549,9431,6043,4084,1208,1053,6824,906,29635,10194,5362,3533,1214,945,5950,2437
29,"Vorpommern-Greifswald II",60.9,2016,22220,4081,5113,3644,895,1465,7022,0,22364,5070,4347,2624,756,799,6181,2587
30,"Vorpommern-Greifswald III",63.5,2016,29244,5196,5553,5247,809,999,10326,1114,29365,5516,5222,3991,977,974,9512,3173
31,"Ludwigslust-Parchim IV",60.2,2016,23051,6528,5743,3311,660,598,4970,1241,23091,7398,4560,2964,728,690,4627,2124
32,"Ludwigslust-Parchim V",66,2016,24035,7593,5615,2743,933,720,4498,1933,24126,8200,4547,2804,945,709,4472,2449
33,"Vorpommern-Rügen IV",57.7,2016,14769,2614,3817,1971,514,407,3362,2084,14811,3704,2975,2037,595,473,3596,1431
34,"Vorpommern-Rügen V",58.8,2016,15940,3566,4445,2392,708,860,3969,0,16018,4057,3380,2131,671,680,3988,1111
35,"Vorpommern-Greifswald IV",60.7,2016,16862,5234,3118,1869,316,443,4939,943,16990,4468,2944,2186,322,411,4161,2498
36,"Vorpommern-Greifswald V",59.3,2016,15168,3653,3976,2606,593,NA,4340,0,15342,3884,2845,2030,360,330,4047,1846
1,"Greifswald",72.1,2021,32322,9680,5079,3263,4719,2275,4248,3058,32410,10867,4055,3196,4670,2234,4027,3361
2,"Neubrandenburg I",67.8,2021,17334,6001,2693,3190,898,1019,3078,455,17465,7396,2007,2242,710,885,2872,1353
3,"Neubrandenburg II",70.4,2021,17457,5928,2997,2832,973,1127,3084,516,17658,7148,2104,2060,993,993,2856,1504
4,"Hansestadt Rostock I",66.9,2021,23686,8864,2783,3527,2202,1312,3736,1262,23811,10254,2271,2987,1637,1261,3352,2049
5,"Hansestadt Rostock II",67,2021,24090,9501,2182,4019,2053,1326,3166,1843,24236,10811,1901,3449,1733,1220,2865,2257
6,"Hansestadt Rostock III",80.6,2021,34809,10646,3618,7135,5801,2016,2805,2788,34982,12340,3075,5131,6285,2283,2604,3264
7,"Hansestadt Rostock IV",74.3,2021,36628,11013,5162,5097,5619,2695,4154,2888,36757,13428,3611,4624,4753,2745,3968,3628
8,"Schwerin I",75.2,2021,35723,16573,4230,3518,2934,2177,3986,2305,35686,12562,4316,4570,4206,2609,4234,3189
9,"Schwerin II",66.6,2021,17873,6892,2160,2388,1155,1179,3128,971,18020,7977,1882,2028,948,1002,2837,1346
10,"Wismar",67.1,2021,22111,9590,2746,2173,1856,1615,2833,1298,22193,10007,2314,2322,1816,1319,2753,1662
11,"Landkreis Rostock I",73.7,2021,32056,12335,5314,3144,1841,2100,5336,1986,32137,13300,4186,2923,1935,2054,4951,2788
12,"Landkreis Rostock II",78.6,2021,37618,12868,6266,4288,2689,3178,6082,2247,37776,15175,5230,3626,2357,2734,5657,2997
13,"Mecklenburgische Seenplatte I - Vorpommern-Greifswald I",65.4,2021,18563,4757,4919,1853,600,888,5083,463,18648,6280,3932,1499,480,787,4483,1187
14,"Mecklenburgische Seenplatte II",67.7,2021,20481,7020,4375,1931,430,1240,4627,858,20491,8204,3253,1740,494,1016,4310,1474
15,"Landkreis Rostock III",70.6,2021,27167,8955,5468,2748,1237,1627,6062,1070,27306,11062,3967,2303,956,1515,5389,2114
16,"Landkreis Rostock IV",67.6,2021,29765,11734,4989,2630,1317,2098,5783,1214,29862,13208,3534,2442,1363,1647,5256,2412
17,"Ludwigslust-Parchim I",71.7,2021,22984,11826,2670,1989,931,1196,3403,969,23028,11074,2750,1787,1036,1242,3294,1845
18,"Ludwigslust-Parchim II",73.8,2021,23685,9162,4494,2484,926,1831,3906,882,23802,10356,3524,2167,864,1491,3613,1787
19,"Ludwigslust-Parchim III",72.1,2021,22122,7370,3407,2964,726,1467,4157,2031,22254,9166,2928,2115,833,1262,3977,1973
20,"Mecklenburgische Seenplatte III",69,2021,31265,11097,6286,3608,1362,1808,5911,1193,31384,12993,4250,2927,1429,1732,5816,2237
21,"Mecklenburgische Seenplatte IV",68.4,2021,22824,8556,3376,2739,1489,1291,4201,1172,22873,9469,2842,2307,1292,1171,4011,1781
22,"Mecklenburgische Seenplatte V",73.5,2021,24014,7069,4418,2899,745,1321,5773,1789,24090,9025,3505,2163,761,1227,5387,2022
23,"Vorpommern-Rügen I",70.8,2021,24323,7388,5912,2734,1310,1260,4338,1381,24446,9864,3961,2240,1133,1277,4169,1802
24,"Vorpommern-Rügen II - Stralsund III",67.9,2021,18247,4139,6041,1735,754,1004,4136,438,18284,6161,3739,1479,702,928,3926,1349
25,"Vorpommern-Rügen III - Stralsund I",67.7,2021,27749,8709,4855,2874,1351,1676,6188,2096,27868,10579,3947,2488,1206,1506,5768,2374
26,"Stralsund II",69.5,2021,19186,4901,3234,2160,2109,1731,3103,1948,19251,6460,2621,1739,1921,1350,3034,2126
27,"Nordwestmecklenburg I",70.3,2021,32703,12527,5547,4972,2003,1662,4987,1005,32789,13972,4402,3313,2379,1823,4555,2345
28,"Nordwestmecklenburg II",72,2021,33677,11680,5548,3791,2064,2097,6169,2328,33817,14054,4480,3293,1825,1915,5726,2524
29,"Vorpommern-Greifswald II",68.9,2021,24542,6911,4940,2101,999,2316,5796,1479,24659,8779,4137,1803,985,1523,5255,2177
30,"Vorpommern-Greifswald III",70.8,2021,32014,8927,7395,2529,1257,1814,8167,1925,32162,11176,4982,2383,1227,1779,7635,2980
31,"Ludwigslust-Parchim IV",69.9,2021,25824,9073,4983,2768,855,1296,5068,1781,25892,10562,3669,2462,893,1333,4791,2182
32,"Ludwigslust-Parchim V",74.2,2021,26692,9248,4320,3149,1578,1664,4644,2089,26839,10970,3657,2786,1267,1607,4425,2127
33,"Vorpommern-Rügen IV",67.4,2021,16911,4628,4223,1916,810,871,3517,946,16960,6298,2512,1742,788,888,3340,1392
34,"Vorpommern-Rügen V",67.6,2021,18542,5756,4018,1998,1088,1099,3662,921,18625,7112,2763,1873,924,1129,3321,1503
35,"Vorpommern-Greifswald IV",68.2,2021,18376,6764,2798,1497,426,887,5139,865,18475,7200,2461,1397,385,806,4379,1847
36,"Vorpommern-Greifswald V",68.4,2021,16806,5136,3957,1546,437,788,4506,436,16927,6480,2815,1275,368,670,3939,1380
