"wahlkreisnummer16","gemeindekennziffer","gemeindename"
"4, 5, 6, 7","13003000","Hansestadt Rostock"
"8, 9","13004000","Landeshauptstadt Schwerin"
"20","13071001","Alt Schwerin"
"14","13071002","Altenhagen"
"20","13071003","Altenhof"
"14","13071004","Altentreptow, Stadt"
"22","13071005","Ankershagen"
"14","13071006","Bartow"
"14","13071007","Basedow"
"13","13071008","Beggerow"
"22","13071009","Beseritz"
"22","13071010","Blankenhof"
"21","13071011","Blankensee"
"21","13071012","Blumenholz"
"20","13071013","Bollewick"
"13","13071014","Borrentin"
"14","13071015","Bredenfelde"
"14","13071016","Breesen"
"14","13071017","Breest"
"14","13071018","Briggow"
"22","13071019","Brunn"
"20","13071020","Buchholz"
"22","13071021","Burg Stargard, Stadt"
"14","13071022","Burow"
"20","13071023","Bütow"
"21","13071025","Carpin"
"22","13071026","Cölpin"
"13","13071027","Dargun, Stadt"
"22","13071028","Datzetal"
"13","13071029","Demmin, Hansestadt"
"14","13071030","Duckow"
"14","13071032","Faulenrost"
"21","13071033","Feldberger Seenlandschaft"
"20","13071034","Fincken"
"22","13071035","Friedland, Stadt"
"20","13071036","Fünfseen"
"22","13071037","Galenbeck"
"22","13071038","Genzkow"
"14","13071039","Gielow"
"14","13071041","Gnevkow"
"21","13071042","Godendorf"
"20","13071043","Göhren-Lebbin"
"14","13071044","Golchen"
"20","13071045","Gotthun"
"20","13071046","Grabow-Below"
"20","13071047","Grabowhöfe"
"14","13071048","Grammentin"
"14","13071049","Grapzow"
"14","13071050","Grischow"
"20","13071053","Groß Kelle"
"22","13071054","Groß Miltzow"
"22","13071055","Groß Nemerow"
"20","13071056","Groß Plasten"
"14","13071057","Groß Teetzleben"
"21","13071058","Grünow"
"14","13071059","Gültz"
"14","13071060","Gülzow"
"20","13071063","Hohen Wangelin"
"13","13071064","Hohenbollentin"
"13","13071065","Hohenmocker"
"21","13071066","Hohenzieritz"
"22","13071067","Holldorf"
"14","13071068","Ivenack"
"20","13071069","Jabel"
"14","13071070","Jürgenstorf"
"20","13071071","Kargow"
"13","13071072","Kentzlin"
"20","13071073","Kieve"
"14","13071074","Kittendorf"
"21","13071075","Klein Vielen"
"13","13071076","Kletzin"
"20","13071077","Klink"
"20","13071078","Klocksin"
"14","13071079","Knorrendorf"
"21","13071080","Kratzeburg"
"14","13071081","Kriesow"
"22","13071083","Kublank"
"14","13071084","Kummerow"
"20","13071087","Lärz"
"20","13071088","Leizen"
"13","13071089","Lindenberg"
"22","13071090","Lindetal"
"20","13071091","Ludorf"
"14","13071092","Malchin, Stadt"
"20","13071093","Malchow, Stadt"
"20","13071095","Massow"
"13","13071096","Meesiger"
"20","13071097","Melz"
"21","13071099","Mirow, Stadt"
"21","13071100","Möllenbeck"
"22","13071101","Möllenhagen"
"14","13071102","Mölln"
"20","13071103","Moltzow"
"22","13071104","Neddemin"
"22","13071105","Neetzka"
"2, 3","13071107","Neubrandenburg, Stadt"
"22","13071108","Neuenkirchen"
"14","13071109","Neukalen, Stadt"
"21","13071110","Neustrelitz, Stadt"
"22","13071111","Neverin"
"13","13071112","Nossendorf"
"20","13071113","Nossentiner Hütte"
"20","13071114","Penkow"
"22","13071115","Penzlin, Stadt"
"22","13071116","Petersdorf"
"22","13071117","Pragsdorf"
"20","13071118","Priborn"
"21","13071119","Priepert"
"14","13071120","Pripsleben"
"20","13071122","Rechlin"
"14","13071123","Ritzerow"
"20","13071124","Röbel/Müritz, Stadt"
"14","13071125","Röckwitz"
"14","13071127","Rosenow"
"13","13071128","Sarow"
"22","13071130","Schönbeck"
"13","13071131","Schönfeld"
"22","13071132","Schönhausen"
"20","13071133","Schwarz"
"14","13071135","Siedenbollentin"
"13","13071136","Siedenbrünzow"
"20","13071137","Sietow"
"20","13071138","Silz"
"13","13071139","Sommersdorf"
"22","13071140","Sponholz"
"22","13071141","Staven"
"14","13071142","Stavenhagen, Reuterstadt, Stadt"
"20","13071143","Stuer"
"20","13071144","Torgelow am See"
"22","13071145","Trollenhagen"
"14","13071146","Tützpatz"
"21","13071147","Userin"
"13","13071148","Utzedel"
"20","13071149","Varchentin"
"13","13071150","Verchen"
"20","13071152","Vipperow"
"22","13071153","Voigtsdorf"
"20","13071154","Vollrathsruhe"
"20","13071155","Walow"
"20","13071156","Waren (Müritz), Stadt"
"13","13071157","Warrenzin"
"14","13071158","Werder"
"21","13071159","Wesenberg, Stadt"
"14","13071160","Wildberg"
"22","13071161","Woggersin"
"21","13071162","Wokuhl-Dabelow"
"14","13071163","Wolde"
"22","13071164","Woldegk, Stadt"
"20","13071165","Wredenhagen"
"22","13071166","Wulkenzin"
"21","13071167","Wustrow"
"20","13071168","Zepkow"
"14","13071169","Zettemin"
"22","13071170","Zirzow"
"20","13071171","Zislow"
"20","13071172","Peenehagen"
"22","13071173","Kuckssee"
"20","13071174","Schloen-Dratow"
"13","13071751","Briefwahl Demmin-Land"
"22","13071752","Briefwahl Friedland"
"14","13071753","Briefwahl Malchin am Kummerower See"
"20","13071754","Briefwahl Malchow"
"21","13071755","Briefwahl Mecklenburgische Kleinseenplatte"
"21","13071756","Briefwahl Neustrelitz-Land"
"22","13071757","Briefwahl Neverin"
"22","13071758","Briefwahl Penzliner Land"
"20","13071759","Briefwahl Röbel-Müritz"
"20","13071760","Briefwahl Seenlandschaft Waren"
"22","13071761","Briefwahl Stargarder Land"
"14","13071762","Briefwahl Stavenhagen"
"14","13071763","Briefwahl Treptower Tollensewinkel"
"22","13071764","Briefwahl Woldegk"
"11","13072001","Admannshagen-Bargeshagen"
"11","13072002","Alt Bukow"
"15","13072003","Alt Sührkow"
"15","13072004","Altkalen"
"11","13072005","Am Salzhaff"
"11","13072006","Bad Doberan, Stadt"
"11","13072007","Bartenshagen-Parkentin"
"11","13072008","Bastorf"
"16","13072009","Baumgarten"
"15","13072010","Behren-Lübchin"
"15","13072011","Benitz"
"12","13072012","Bentwisch"
"16","13072013","Bernitt"
"11","13072014","Biendorf"
"12","13072015","Blankenhagen"
"15","13072016","Boddin"
"11","13072017","Börgerende-Rethwisch"
"15","13072018","Bröbberow"
"12","13072019","Broderstorf"
"16","13072020","Bützow, Stadt"
"12","13072021","Cammin"
"11","13072022","Carinerland"
"15","13072023","Dahmen"
"15","13072024","Dalkendorf"
"15","13072025","Diekhof"
"15","13072026","Dobbin-Linstow"
"15","13072027","Dolgen am See"
"16","13072028","Dreetz"
"12","13072029","Dummerstorf"
"12","13072030","Elmenhorst/Lichtenhagen"
"15","13072031","Finkenthal"
"12","13072032","Gelbensande"
"16","13072033","Glasewitz"
"12","13072034","Gnewitz"
"15","13072035","Gnoien, Stadt"
"12","13072036","Graal-Müritz"
"12","13072037","Grammow"
"15","13072038","Groß Roge"
"16","13072039","Groß Schwiesow"
"15","13072040","Groß Wokern"
"15","13072041","Groß Wüstenfelde"
"16","13072042","Gülzow-Prüzen"
"16","13072043","Güstrow, Stadt"
"16","13072044","Gutow"
"15","13072045","Hohen Demzin"
"15","13072046","Hohen Sprenz"
"11","13072047","Hohenfelde"
"15","13072048","Hoppenrade"
"15","13072049","Jördenstorf"
"16","13072050","Jürgenshagen"
"15","13072051","Kassow"
"11","13072052","Kirch Mulsow"
"16","13072053","Klein Belitz"
"12","13072054","Klein Kussewitz"
"16","13072055","Klein Upahl"
"15","13072056","Krakow am See, Stadt"
"12","13072057","Kritzmow"
"11","13072058","Kröpelin, Stadt"
"15","13072059","Kuchelmiß"
"11","13072060","Kühlungsborn, Stadt"
"16","13072061","Kuhs"
"15","13072062","Laage, Stadt"
"15","13072063","Lalendorf"
"12","13072064","Lambrechtshagen"
"15","13072066","Lelkendorf"
"16","13072067","Lohmen"
"15","13072068","Lühburg"
"16","13072069","Lüssow"
"16","13072071","Mistorf"
"12","13072072","Mönchhagen"
"16","13072073","Mühl Rosin"
"11","13072074","Neubukow, Stadt"
"11","13072075","Nienhagen"
"12","13072076","Nustrow"
"12","13072077","Papendorf"
"16","13072078","Penzin"
"16","13072079","Plaaz"
"12","13072080","Pölchow"
"12","13072081","Poppendorf"
"15","13072082","Prebberede"
"11","13072083","Reddelich"
"16","13072084","Reimershagen"
"11","13072085","Rerik, Stadt"
"11","13072086","Retschow"
"12","13072087","Roggentin"
"12","13072088","Rövershagen"
"16","13072089","Rühn"
"15","13072090","Rukieten"
"12","13072091","Sanitz"
"16","13072092","Sarmstorf"
"11","13072093","Satow"
"15","13072094","Schorssow"
"15","13072095","Schwaan, Stadt"
"15","13072096","Schwasdorf"
"12","13072097","Selpin"
"12","13072098","Stäbelow"
"11","13072099","Steffenshagen"
"16","13072101","Steinhagen"
"12","13072102","Stubbendorf"
"15","13072103","Sukow-Levitzow"
"16","13072104","Tarnow"
"12","13072105","Tessin, Stadt"
"15","13072106","Teterow, Stadt"
"12","13072107","Thelkow"
"12","13072108","Thulendorf"
"15","13072109","Thürkow"
"15","13072110","Vorbeck"
"15","13072111","Walkendorf"
"15","13072112","Wardow"
"15","13072113","Warnkenhagen"
"16","13072114","Warnow"
"15","13072116","Wiendorf"
"11","13072117","Wittenbeck"
"12","13072118","Zarnewanz"
"16","13072119","Zehna"
"16","13072120","Zepelin"
"12","13072121","Ziesendorf"
"11","13072751","Briefwahl Bad Doberan-Land"
"16","13072752","Briefwahl Bützow-Land"
"12","13072753","Briefwahl Carbäk"
"15","13072754","Briefwahl Gnoien"
"16","13072755","Briefwahl Güstrow-Land"
"15","13072756","Briefwahl Krakow am See"
"15","13072757","Briefwahl Laage"
"15","13072758","Briefwahl Mecklenburgische Schweiz"
"11","13072759","Briefwahl Neubukow-Salzhaff"
"12","13072760","Briefwahl Rostocker Heide"
"15","13072761","Briefwahl Schwaan"
"12","13072762","Briefwahl Tessin"
"12","13072763","Briefwahl Warnow-West"
"23","13073001","Ahrenshagen-Daskow"
"23","13073002","Ahrenshoop"
"33","13073003","Altefähr"
"33","13073004","Altenkirchen"
"25","13073005","Altenpleen"
"34","13073006","Baabe"
"23","13073007","Bad Sülze, Stadt"
"25","13073009","Barth, Stadt"
"34","13073010","Bergen auf Rügen, Stadt"
"34","13073011","Binz"
"23","13073012","Born a. Darß"
"33","13073013","Breege"
"34","13073014","Buschvitz"
"23","13073015","Dettmannsdorf"
"23","13073016","Deyelsdorf"
"23","13073017","Dierhagen"
"25","13073018","Divitz-Spoldershagen"
"33","13073019","Dranske"
"23","13073020","Drechow"
"33","13073021","Dreschvitz"
"23","13073022","Eixen"
"24","13073023","Elmenhorst"
"24","13073024","Franzburg, Stadt"
"25","13073025","Fuhlendorf"
"34","13073026","Gager"
"33","13073027","Garz/Rügen, Stadt"
"33","13073028","Gingst"
"24","13073029","Glewitz"
"33","13073030","Glowe"
"34","13073031","Göhren"
"23","13073032","Grammendorf"
"23","13073033","Gransebieth"
"24","13073034","Gremersdorf-Buchholz"
"24","13073035","Grimmen, Stadt"
"25","13073036","Groß Kordshagen"
"25","13073037","Groß Mohrdorf"
"33","13073038","Gustow"
"23","13073039","Hugoldsdorf"
"33","13073040","Insel Hiddensee"
"25","13073041","Jakobsdorf"
"25","13073042","Karnin"
"25","13073043","Kenz-Küstrow"
"25","13073044","Klausdorf"
"33","13073045","Kluis"
"25","13073046","Kramerhof"
"25","13073047","Kummerow"
"34","13073048","Lancken-Granitz"
"34","13073049","Lietzow"
"23","13073050","Lindholz"
"25","13073051","Löbnitz"
"33","13073052","Lohme"
"25","13073053","Lüdershagen"
"25","13073054","Lüssow"
"23","13073055","Marlow, Stadt"
"34","13073056","Middelhagen"
"24","13073057","Millienhagen-Oebelitz"
"25","13073058","Neu Bartelshagen"
"33","13073059","Neuenkirchen"
"25","13073060","Niepars"
"25","13073061","Pantelitz"
"24","13073062","Papenhagen"
"34","13073063","Parchtitz"
"34","13073064","Patzig"
"33","13073065","Poseritz"
"25","13073066","Preetz"
"23","13073067","Prerow"
"25","13073068","Prohn"
"25","13073069","Pruchten"
"34","13073070","Putbus, Stadt"
"33","13073071","Putgarten"
"34","13073072","Ralswiek"
"33","13073073","Rambin"
"34","13073074","Rappin"
"23","13073075","Ribnitz-Damgarten, Stadt"
"24","13073076","Richtenberg, Stadt"
"25","13073077","Saal"
"33","13073078","Sagard"
"33","13073079","Samtens"
"33","13073080","Sassnitz, Stadt"
"33","13073081","Schaprode"
"23","13073082","Schlemmin"
"34","13073083","Sehlen"
"34","13073084","Sellin"
"23","13073085","Semlow"
"24","13073086","Splietsdorf"
"25","13073087","Steinhagen"
"24, 25, 26","13073088","Stralsund, Hansestadt"
"24","13073089","Süderholz"
"24","13073090","Sundhagen"
"34","13073091","Thiessow"
"33","13073092","Trent"
"23","13073093","Tribsees, Stadt"
"25","13073094","Trinwillershagen"
"33","13073095","Ummanz"
"24","13073096","Velgast"
"24","13073097","Weitenhagen"
"24","13073098","Wendisch Baggendorf"
"25","13073099","Wendorf"
"23","13073100","Wieck a. Darß"
"33","13073101","Wiek"
"24","13073102","Wittenhagen"
"23","13073103","Wustrow"
"25","13073104","Zarrendorf"
"23","13073105","Zingst"
"34","13073106","Zirkow"
"25","13073751","Briefwahl Altenpleen"
"25","13073752","Briefwahl Barth"
"33","13073753","Briefwahl Bergen auf Rügen"
"34","13073753","Briefwahl Bergen auf Rügen"
"23","13073754","Briefwahl Darß/Fischland"
"24","13073755","Briefwahl Franzburg-Richtenberg"
"24","13073756","Briefwahl Miltzow"
"34","13073757","Briefwahl Mönchgut-Granitz"
"25","13073758","Briefwahl Niepars"
"33","13073759","Briefwahl Nord-Rügen"
"23","13073760","Briefwahl Recknitz-Trebeltal"
"23","13073761","Briefwahl Ribnitz-Damgarten"
"33","13073762","Briefwahl West-Rügen"
"28","13074001","Alt Meteln"
"28","13074002","Bad Kleinen"
"28","13074003","Barnekow"
"28","13074004","Benz"
"27","13074005","Bernstorf"
"28","13074006","Bibow"
"28","13074007","Blowatz"
"28","13074008","Bobitz"
"28","13074009","Boiensdorf"
"27","13074010","Boltenhagen"
"28","13074012","Brüsewitz"
"27","13074013","Carlow"
"28","13074014","Cramonshagen"
"28","13074015","Dalberg-Wendelstorf"
"27","13074016","Damshagen"
"27","13074017","Dassow, Stadt"
"27","13074018","Dechow"
"28","13074019","Dorf Mecklenburg"
"28","13074020","Dragun"
"28","13074021","Gadebusch, Stadt"
"27","13074022","Gägelow"
"28","13074023","Glasin"
"28","13074024","Gottesgabe"
"28","13074025","Grambow"
"27","13074026","Grevesmühlen, Stadt"
"27","13074027","Grieben"
"27","13074028","Groß Molzahn"
"27","13074029","Groß Siemz"
"28","13074030","Groß Stieten"
"28","13074031","Hohen Viecheln"
"27","13074032","Hohenkirchen"
"27","13074033","Holdorf"
"28","13074034","Hornstorf"
"28","13074035","Insel Poel"
"28","13074036","Jesendorf"
"27","13074037","Kalkhorst"
"28","13074038","Klein Trebbow"
"27","13074039","Klütz, Stadt"
"28","13074040","Kneese"
"27","13074042","Königsfeld"
"28","13074043","Krembz"
"28","13074044","Krusenhagen"
"27","13074045","Lockwisch"
"28","13074046","Lübberstorf"
"28","13074047","Lübow"
"28","13074048","Lübstorf"
"27","13074049","Lüdersdorf"
"28","13074050","Lützow"
"27","13074052","Menzendorf"
"28","13074053","Metelsdorf"
"28","13074054","Mühlen Eichsen"
"28","13074056","Neuburg"
"28","13074057","Neukloster, Stadt"
"27","13074058","Niendorf"
"28","13074060","Passee"
"28","13074061","Perlin"
"28","13074062","Pingelshagen"
"27","13074063","Plüschow"
"28","13074064","Pokrent"
"27","13074065","Rehna, Stadt"
"27","13074066","Rieps"
"27","13074067","Roduchelstorf"
"28","13074068","Roggendorf"
"27","13074069","Roggenstorf"
"28","13074070","Rögnitz"
"27","13074071","Rüting"
"28","13074072","Schildetal"
"27","13074073","Schlagsdorf"
"27","13074074","Schönberg, Stadt"
"28","13074075","Seehof"
"27","13074076","Selmsdorf"
"27","13074077","Testorf-Steinfort"
"27","13074078","Thandorf"
"27","13074079","Upahl"
"27","13074080","Utecht"
"28","13074081","Veelböken"
"28","13074082","Ventschow"
"28","13074084","Warin, Stadt"
"27","13074085","Warnow"
"10","13074087","Wismar, Hansestadt"
"28","13074088","Zickhusen"
"27","13074089","Zierow"
"28","13074090","Zurow"
"28","13074091","Züsow"
"27","13074092","Wedendorfersee"
"27","13074093","Stepenitztal"
"28","13074751","Briefwahl Dorf Mecklenburg-Bad Kleinen"
"28","13074752","Briefwahl Gadebusch"
"27","13074753","Briefwahl Grevesmühlen-Land"
"27","13074754","Briefwahl Klützer Winkel"
"28","13074755","Briefwahl Lützow-Lübstorf"
"28","13074756","Briefwahl Neuburg"
"28","13074757","Briefwahl Neukloster-Warin"
"27","13074758","Briefwahl Rehna"
"27","13074759","Briefwahl Schönberger Land"
"35","13075001","Ahlbeck"
"13","13075002","Alt Tellin"
"35","13075003","Altwarp"
"35","13075004","Altwigshagen"
"29","13075005","Anklam, Stadt"
"29","13075006","Bandelin"
"29","13075007","Bargischow"
"29","13075008","Behrenhoff"
"13","13075009","Bentzin"
"30","13075010","Benz"
"36","13075011","Bergholz"
"36","13075012","Blankensee"
"29","13075013","Blesewitz"
"29","13075015","Boldekow"
"36","13075016","Boock"
"36","13075017","Brietzig"
"30","13075018","Brünzow"
"29","13075020","Bugewitz"
"30","13075021","Buggenhagen"
"29","13075022","Butzow"
"13","13075023","Daberkow"
"29","13075025","Dargelin"
"30","13075026","Dargen"
"29","13075027","Dersekow"
"29","13075028","Diedrichshagen"
"29","13075029","Ducherow"
"35","13075031","Eggesin, Stadt"
"36","13075032","Fahrenwalde"
"35","13075033","Ferdinandshof"
"30","13075034","Garz"
"36","13075035","Glasow"
"13","13075036","Görmin"
"35","13075037","Grambin"
"36","13075038","Grambow"
"1","13075039","Greifswald, Hansestadt"
"29","13075040","Gribow"
"29","13075041","Groß Kiesow"
"36","13075042","Groß Luckow"
"29","13075043","Groß Polzin"
"29","13075044","Gützkow, Stadt"
"35","13075045","Hammer a. d. Uecker"
"30","13075046","Hanshagen"
"35","13075048","Heinrichswalde"
"30","13075049","Heringsdorf"
"29","13075050","Hinrichshagen"
"35","13075051","Hintersee"
"29","13075053","Iven"
"13","13075054","Jarmen, Stadt"
"36","13075055","Jatznick"
"30","13075056","Kamminke"
"29","13075057","Karlsburg"
"30","13075058","Karlshagen"
"30","13075059","Katzow"
"30","13075060","Kemnitz"
"29","13075061","Klein Bünzow"
"36","13075063","Koblentz"
"30","13075065","Korswandt"
"30","13075066","Koserow"
"36","13075067","Krackow"
"29","13075068","Krien"
"30","13075069","Kröslin"
"13","13075070","Kruckow"
"36","13075071","Krugsdorf"
"30","13075072","Krummin"
"29","13075073","Krusenfelde"
"30","13075074","Lassan, Stadt"
"35","13075075","Leopoldshagen"
"29","13075076","Levenhagen"
"35","13075078","Liepgarten"
"36","13075079","Löcknitz"
"30","13075080","Loddin"
"30","13075081","Loissin"
"13","13075082","Loitz, Stadt"
"30","13075083","Lubmin"
"35","13075084","Lübs"
"35","13075085","Luckow"
"29","13075086","Lühmannsdorf"
"30","13075087","Lütow"
"29","13075088","Medow"
"35","13075089","Meiersberg"
"30","13075090","Mellenthin"
"29","13075091","Mesekenhagen"
"30","13075092","Mölschow"
"35","13075093","Mönkebude"
"29","13075094","Murchin"
"36","13075095","Nadrensee"
"30","13075097","Neu Boltenhagen"
"29","13075098","Neu Kosenow"
"29","13075101","Neuenkirchen"
"29","13075102","Neuenkirchen"
"36","13075103","Nieden"
"36","13075104","Papendorf"
"36","13075105","Pasewalk, Stadt"
"30","13075106","Peenemünde"
"36","13075107","Penkun, Stadt"
"36","13075108","Plöwen"
"36","13075109","Polzow"
"29","13075110","Postlow"
"30","13075111","Pudagla"
"36","13075113","Ramin"
"30","13075114","Rankwitz"
"36","13075115","Rollwitz"
"29","13075116","Rossin"
"36","13075117","Rossow"
"35","13075118","Rothemühl"
"36","13075119","Rothenklempenow"
"30","13075120","Rubenow"
"29","13075121","Rubkow"
"29","13075122","Sarnow"
"13","13075123","Sassen-Trantow"
"30","13075124","Sauzin"
"29","13075125","Schmatzin"
"36","13075126","Schönwalde"
"29","13075127","Spantekow"
"29","13075128","Stolpe an der Peene"
"30","13075129","Stolpe auf Usedom"
"36","13075130","Strasburg (Uckermark), Stadt"
"35","13075131","Torgelow, Stadt"
"30","13075133","Trassenheide"
"13","13075134","Tutow"
"30","13075135","Ückeritz"
"35","13075136","Ueckermünde, Stadt"
"30","13075137","Usedom, Stadt"
"36","13075138","Viereck"
"35","13075139","Vogelsang-Warsin"
"13","13075140","Völschow"
"29","13075141","Wackerow"
"29","13075142","Weitenhagen"
"35","13075143","Wilhelmsburg"
"30","13075144","Wolgast, Stadt"
"29","13075145","Wrangelsburg"
"30","13075146","Wusterhusen"
"30","13075147","Zemitz"
"30","13075148","Zempin"
"36","13075149","Zerrenthin"
"29","13075150","Ziethen"
"30","13075151","Zinnowitz"
"30","13075152","Zirchow"
"29","13075154","Züssow"
"29","13075155","Neetzow-Liepen"
"30","13075751","Briefwahl Am Peenestrom"
"35","13075752","Briefwahl Am Stettiner Haff"
"29","13075753","Briefwahl Anklam-Land"
"13","13075754","Briefwahl Jarmen-Tutow"
"29","13075755","Briefwahl Landhagen"
"36","13075756","Briefwahl Löcknitz-Penkun"
"30","13075757","Briefwahl Lubmin"
"13","13075758","Briefwahl Peenetal/Loitz"
"35","13075759","Briefwahl Torgelow-Ferdinandshof"
"36","13075760","Briefwahl Uecker-Randow-Tal"
"30","13075761","Briefwahl Usedom-Nord"
"30","13075762","Briefwahl Usedom-Süd"
"29","13075763","Briefwahl Züssow"
"19","13076001","Alt Krenzlin"
"18","13076002","Alt Zachun"
"19","13076003","Balow"
"18","13076004","Bandenitz"
"32","13076005","Banzkow"
"31","13076006","Barkhagen"
"32","13076007","Barnin"
"18","13076008","Belsch"
"17","13076009","Bengerstorf"
"17","13076010","Besitz"
"32","13076011","Blankenberg"
"19","13076012","Blievenstorf"
"18","13076013","Bobzin"
"17","13076014","Boizenburg/Elbe, Stadt"
"32","13076015","Borkow"
"17","13076016","Brahlstorf"
"19","13076017","Brenz"
"19","13076018","Bresegard bei Eldena"
"18","13076019","Bresegard bei Picher"
"32","13076020","Brüel, Stadt"
"19","13076021","Brunow"
"32","13076023","Bülow"
"32","13076024","Cambs"
"32","13076025","Crivitz, Stadt"
"32","13076026","Dabel"
"19","13076027","Dambeck"
"32","13076029","Demen"
"17","13076030","Dersenow"
"32","13076032","Dobbertin"
"32","13076033","Dobin am See"
"17","13076034","Dömitz, Stadt"
"31","13076035","Domsühl"
"18","13076036","Dümmer"
"19","13076037","Eldena"
"32","13076038","Friedrichsruhe"
"17","13076039","Gallin"
"31","13076040","Gallin-Kuppentin"
"18","13076041","Gammelin"
"31","13076043","Gischow"
"32","13076044","Gneven"
"19","13076046","Göhlen"
"32","13076048","Goldberg, Stadt"
"19","13076049","Gorlosen"
"19","13076050","Grabow, Stadt"
"31","13076051","Granzin"
"17","13076053","Grebs-Niendorf"
"17","13076054","Gresse"
"17","13076055","Greven"
"31","13076056","Groß Godems"
"18","13076057","Groß Krams"
"19","13076058","Groß Laasch"
"18","13076060","Hagenow, Stadt"
"32","13076062","Hohen Pritz"
"18","13076063","Holthusen"
"18","13076064","Hoort"
"18","13076065","Hülseburg"
"17","13076067","Karenz"
"31","13076068","Karrenzin"
"19","13076069","Karstädt"
"18","13076070","Kirch Jesar"
"18","13076071","Klein Rogahn"
"32","13076072","Kobrow"
"17","13076073","Kogel"
"31","13076075","Kreien"
"19","13076076","Kremmin"
"31","13076077","Kritzow"
"32","13076078","Kuhlen-Wendorf"
"18","13076079","Kuhstorf"
"32","13076080","Langen Brütz"
"32","13076082","Leezen"
"19","13076084","Leussow"
"31","13076085","Lewitzrand"
"19","13076086","Lübesse"
"19","13076087","Lüblow"
"17","13076088","Lübtheen, Stadt"
"31","13076089","Lübz, Stadt"
"19","13076090","Ludwigslust, Stadt"
"17","13076092","Lüttow-Valluhn"
"17","13076093","Malk Göhren"
"17","13076094","Malliß"
"31","13076095","Marnitz"
"32","13076096","Mestlin"
"19","13076097","Milow"
"19","13076098","Möllenbeck"
"18","13076099","Moraas"
"19","13076100","Muchow"
"32","13076101","Mustin"
"17","13076102","Neu Gülze"
"17","13076103","Neu Kaliß"
"32","13076104","Neu Poserin"
"19","13076105","Neustadt-Glewe, Stadt"
"17","13076106","Nostorf"
"18","13076107","Pampow"
"31","13076108","Parchim, Stadt"
"31","13076109","Passow"
"18","13076110","Pätow-Steegen"
"18","13076111","Picher"
"32","13076112","Pinnow"
"32","13076113","Plate"
"31","13076114","Plau am See, Stadt"
"19","13076115","Prislich"
"18","13076116","Pritzier"
"32","13076117","Raben Steinfeld"
"19","13076118","Rastow"
"18","13076119","Redefin"
"31","13076120","Rom"
"18","13076121","Schossin"
"17","13076122","Schwanheide"
"18","13076123","Setzin"
"31","13076125","Siggelkow"
"31","13076126","Spornitz"
"32","13076128","Sternberg, Stadt"
"31","13076129","Stolpe"
"18","13076130","Stralendorf"
"18","13076131","Strohkirchen"
"31","13076132","Suckow"
"32","13076133","Sukow"
"19","13076134","Sülstorf"
"32","13076135","Techentin"
"17","13076136","Teldau"
"31","13076137","Tessenow"
"17","13076138","Tessin b. Boizenburg"
"18","13076139","Toddin"
"32","13076140","Tramm"
"19","13076141","Uelitz"
"17","13076142","Vellahn"
"17","13076143","Vielank"
"18","13076145","Warlitz"
"19","13076146","Warlow"
"18","13076147","Warsow"
"32","13076148","Weitendorf"
"31","13076151","Werder"
"18","13076152","Wittenburg, Stadt"
"18","13076153","Wittendörp"
"18","13076154","Wittenförden"
"32","13076155","Witzin"
"19","13076156","Wöbbelin"
"32","13076158","Zapel"
"17","13076159","Zarrentin am Schaalsee, Stadt"
"31","13076160","Ziegendorf"
"19","13076161","Zierzow"
"31","13076162","Zölkow"
"18","13076163","Zülow"
"31","13076164","Obere Warnow"
"31","13076165","Gehlsbach"
"31","13076166","Ganzlin"
"32","13076167","Kloster Tempzin"
"17","13076752","Briefwahl Boizenburg-Land"
"17","13076754","Briefwahl Dömitz-Malliß"
"31","13076755","Briefwahl Eldenburg Lübz"
"32","13076756","Briefwahl Goldberg-Mildenitz"
"19","13076757","Briefwahl Amt Grabow"
"18","13076758","Briefwahl Hagenow-Land"
"19","13076759","Briefwahl Ludwigslust-Land"
"19","13076760","Briefwahl Neustadt-Glewe"
"31","13076762","Briefwahl Parchimer Umland"
"31","13076763","Briefwahl Plau am See"
"32","13076764","Briefwahl Sternberger Seenlandschaft"
"18","13076765","Briefwahl Stralendorf"
"18","13076766","Briefwahl Wittenburg"
"17","13076767","Briefwahl Zarrentin"
"32","13076768","Briefwahl Crivitz"
