wkr,party,partei,name,source
1,afd,AfD,Simon Lansmann,https://www.altmarkkreis-salzwedel.de/PortalData/1/Resources/landkreis/bekantmachungen/2026/07_2026/2026-07-28_Bekanntmachung_Zulassung_Wahlvorschlaege.pdf
1,bsw,BSW,Heiko Behne,https://www.altmarkkreis-salzwedel.de/PortalData/1/Resources/landkreis/bekantmachungen/2026/07_2026/2026-07-28_Bekanntmachung_Zulassung_Wahlvorschlaege.pdf
1,cdu,CDU/CSU,Carsten Borchert,https://www.cdulsa.de/landtagswahl-2026
1,fdp,FDP,Thomas Mothes,https://www.altmarkkreis-salzwedel.de/PortalData/1/Resources/landkreis/bekantmachungen/2026/07_2026/2026-07-28_Bekanntmachung_Zulassung_Wahlvorschlaege.pdf
1,gruene,GRÜNE,Jascha Rihm,https://www.gruene-lsa.de/team2026/
1,linke,LINKE,Raik Ohlmeyer,https://www.dielinke-sachsen-anhalt.de/wahlen/landtagswahl-2026/
1,spd,SPD,Dieter Diederichs,https://spdsachsenanhalt.de/wahlkreise/
2,afd,AfD,Sebastian Koch,https://www.altmarkkreis-salzwedel.de/PortalData/1/Resources/landkreis/bekantmachungen/2026/07_2026/2026-07-28_Bekanntmachung_Zulassung_Wahlvorschlaege.pdf
2,bsw,BSW,Frank Roßband,https://www.altmarkkreis-salzwedel.de/PortalData/1/Resources/landkreis/bekantmachungen/2026/07_2026/2026-07-28_Bekanntmachung_Zulassung_Wahlvorschlaege.pdf
2,cdu,CDU/CSU,Sandra Hietel-Heuer,https://www.cdulsa.de/landtagswahl-2026
2,fdp,FDP,Annelie Brune,https://www.altmarkkreis-salzwedel.de/PortalData/1/Resources/landkreis/bekantmachungen/2026/07_2026/2026-07-28_Bekanntmachung_Zulassung_Wahlvorschlaege.pdf
2,gruene,GRÜNE,Tobias Kremkau,https://www.altmarkkreis-salzwedel.de/PortalData/1/Resources/landkreis/bekantmachungen/2026/07_2026/2026-07-28_Bekanntmachung_Zulassung_Wahlvorschlaege.pdf
2,linke,LINKE,Toni Klabis,https://www.dielinke-sachsen-anhalt.de/wahlen/landtagswahl-2026/
2,spd,SPD,Skady Herkenrath,https://spdsachsenanhalt.de/wahlkreise/
3,afd,AfD,Sebastian Killinger,"https://www.landkreis-stendal.de/de/datei/anzeigen/id/1283327,1037/oebk__zugelassene_kwv_wk_3_und_4.pdf"
3,bsw,BSW,Holger Köhne,https://st.bsw-vg.de/landtagswahl-2026/
3,cdu,CDU/CSU,Chris Schulenburg,"https://www.landkreis-stendal.de/de/datei/anzeigen/id/1283327,1037/oebk__zugelassene_kwv_wk_3_und_4.pdf"
3,fdp,FDP,Gunnar Salomon,"https://www.landkreis-stendal.de/de/datei/anzeigen/id/1283327,1037/oebk__zugelassene_kwv_wk_3_und_4.pdf"
3,gruene,GRÜNE,Michael Dihlmann,"https://www.landkreis-stendal.de/de/datei/anzeigen/id/1283327,1037/oebk__zugelassene_kwv_wk_3_und_4.pdf"
3,linke,LINKE,René Schernikau,"https://www.landkreis-stendal.de/de/datei/anzeigen/id/1283327,1037/oebk__zugelassene_kwv_wk_3_und_4.pdf"
3,spd,SPD,Eric Böllstorf,"https://www.landkreis-stendal.de/de/datei/anzeigen/id/1283327,1037/oebk__zugelassene_kwv_wk_3_und_4.pdf"
4,afd,AfD,Matthias Büttner,"https://www.landkreis-stendal.de/de/datei/anzeigen/id/1283327,1037/oebk__zugelassene_kwv_wk_3_und_4.pdf"
4,bsw,BSW,Volkmar Gryschok,"https://www.landkreis-stendal.de/de/datei/anzeigen/id/1283327,1037/oebk__zugelassene_kwv_wk_3_und_4.pdf"
4,cdu,CDU/CSU,Thomas Weise,"https://www.landkreis-stendal.de/de/datei/anzeigen/id/1283327,1037/oebk__zugelassene_kwv_wk_3_und_4.pdf"
4,fdp,FDP,Marco Slotta,"https://www.landkreis-stendal.de/de/datei/anzeigen/id/1283327,1037/oebk__zugelassene_kwv_wk_3_und_4.pdf"
4,gruene,GRÜNE,Miriam Zeller,"https://www.landkreis-stendal.de/de/datei/anzeigen/id/1283327,1037/oebk__zugelassene_kwv_wk_3_und_4.pdf"
4,linke,LINKE,Rico Goroncy,"https://www.landkreis-stendal.de/de/datei/anzeigen/id/1283327,1037/oebk__zugelassene_kwv_wk_3_und_4.pdf"
4,spd,SPD,Juliane Kleemann,"https://www.landkreis-stendal.de/de/datei/anzeigen/id/1283327,1037/oebk__zugelassene_kwv_wk_3_und_4.pdf"
5,afd,AfD,Ulrich Siegmund,"https://www.lkjl.de/de/datei/anzeigen/id/96959,1239/046_pm_landtagswahl_am_6._september_2026.pdf"
5,bsw,BSW,Thomas Schulze,"https://www.lkjl.de/de/datei/anzeigen/id/96959,1239/046_pm_landtagswahl_am_6._september_2026.pdf"
5,cdu,CDU/CSU,Thomas Staudt,https://www.cdulsa.de/landtagswahl-2026
5,fdp,FDP,Oliver Mank,"https://www.lkjl.de/de/datei/anzeigen/id/96959,1239/046_pm_landtagswahl_am_6._september_2026.pdf"
5,gruene,GRÜNE,Alexander Michael,https://www.gruene-lsa.de/team2026/
5,linke,LINKE,Denis Kreuzadler,https://www.dielinke-sachsen-anhalt.de/wahlen/landtagswahl-2026/
5,spd,SPD,Timm Haußen,https://spdsachsenanhalt.de/wahlkreise/
6,afd,AfD,Jan Scharfenort,"https://www.lkjl.de/de/datei/anzeigen/id/96959,1239/046_pm_landtagswahl_am_6._september_2026.pdf"
6,bsw,BSW,Matthias Hohmann,"https://www.lkjl.de/de/datei/anzeigen/id/96959,1239/046_pm_landtagswahl_am_6._september_2026.pdf"
6,cdu,CDU/CSU,Markus Kurze,https://www.cdulsa.de/landtagswahl-2026
6,fdp,FDP,Allard von Arnim,"https://www.lkjl.de/de/datei/anzeigen/id/96959,1239/046_pm_landtagswahl_am_6._september_2026.pdf"
6,gruene,GRÜNE,Friederike Larek,https://www.gruene-lsa.de/team2026/
6,linke,LINKE,Rafael Rotermund,https://www.dielinke-sachsen-anhalt.de/wahlen/landtagswahl-2026/
6,spd,SPD,Elrid Pasbrig,https://spdsachsenanhalt.de/wahlkreise/
7,afd,AfD,Dirk Lassowski,https://www.landkreis-boerde.de/fileadmin/Dateiverwaltung_Downloads/Bekanntmachungen/2026/2026-07-29_Bekanntmachung_zugelassene_Kreiswahlvorschlaege_.pdf
7,bsw,BSW,Oliver Bart,https://www.landkreis-boerde.de/fileadmin/Dateiverwaltung_Downloads/Bekanntmachungen/2026/2026-07-29_Bekanntmachung_zugelassene_Kreiswahlvorschlaege_.pdf
7,cdu,CDU/CSU,Tim Teßmann,https://www.landkreis-boerde.de/fileadmin/Dateiverwaltung_Downloads/Bekanntmachungen/2026/2026-07-29_Bekanntmachung_zugelassene_Kreiswahlvorschlaege_.pdf
7,fdp,FDP,Pascal Weiser,https://www.landkreis-boerde.de/fileadmin/Dateiverwaltung_Downloads/Bekanntmachungen/2026/2026-07-29_Bekanntmachung_zugelassene_Kreiswahlvorschlaege_.pdf
7,gruene,GRÜNE,Philipp Händler,https://www.landkreis-boerde.de/fileadmin/Dateiverwaltung_Downloads/Bekanntmachungen/2026/2026-07-29_Bekanntmachung_zugelassene_Kreiswahlvorschlaege_.pdf
7,linke,LINKE,Arne Hornung,https://www.landkreis-boerde.de/fileadmin/Dateiverwaltung_Downloads/Bekanntmachungen/2026/2026-07-29_Bekanntmachung_zugelassene_Kreiswahlvorschlaege_.pdf
7,spd,SPD,Philipp Morgner,https://www.landkreis-boerde.de/fileadmin/Dateiverwaltung_Downloads/Bekanntmachungen/2026/2026-07-29_Bekanntmachung_zugelassene_Kreiswahlvorschlaege_.pdf
8,afd,AfD,Felix Zietmann,https://www.landkreis-boerde.de/fileadmin/Dateiverwaltung_Downloads/Bekanntmachungen/2026/2026-07-29_Bekanntmachung_zugelassene_Kreiswahlvorschlaege_.pdf
8,bsw,BSW,Michael Fürst,https://st.bsw-vg.de/landtagswahl-2026/
8,cdu,CDU/CSU,Christopher Schult,https://www.landkreis-boerde.de/fileadmin/Dateiverwaltung_Downloads/Bekanntmachungen/2026/2026-07-29_Bekanntmachung_zugelassene_Kreiswahlvorschlaege_.pdf
8,fdp,FDP,Björn Wasserthal,https://www.landkreis-boerde.de/fileadmin/Dateiverwaltung_Downloads/Bekanntmachungen/2026/2026-07-29_Bekanntmachung_zugelassene_Kreiswahlvorschlaege_.pdf
8,gruene,GRÜNE,Stefan Lehfeld,https://www.gruene-lsa.de/team2026/
8,linke,LINKE,Vanessa Mertens,https://www.landkreis-boerde.de/fileadmin/Dateiverwaltung_Downloads/Bekanntmachungen/2026/2026-07-29_Bekanntmachung_zugelassene_Kreiswahlvorschlaege_.pdf
8,spd,SPD,Katrin Gensecke,https://www.landkreis-boerde.de/fileadmin/Dateiverwaltung_Downloads/Bekanntmachungen/2026/2026-07-29_Bekanntmachung_zugelassene_Kreiswahlvorschlaege_.pdf
9,afd,AfD,Thomas Schmirander,https://www.landkreis-boerde.de/fileadmin/Dateiverwaltung_Downloads/Bekanntmachungen/2026/2026-07-29_Bekanntmachung_zugelassene_Kreiswahlvorschlaege_.pdf
9,bsw,BSW,Carsten Reiche,https://www.landkreis-boerde.de/fileadmin/Dateiverwaltung_Downloads/Bekanntmachungen/2026/2026-07-29_Bekanntmachung_zugelassene_Kreiswahlvorschlaege_.pdf
9,cdu,CDU/CSU,Guido Heuer,https://www.landkreis-boerde.de/fileadmin/Dateiverwaltung_Downloads/Bekanntmachungen/2026/2026-07-29_Bekanntmachung_zugelassene_Kreiswahlvorschlaege_.pdf
9,fdp,FDP,Adrian Gusinde,https://www.landkreis-boerde.de/fileadmin/Dateiverwaltung_Downloads/Bekanntmachungen/2026/2026-07-29_Bekanntmachung_zugelassene_Kreiswahlvorschlaege_.pdf
9,gruene,GRÜNE,Kristin Schuller,https://www.landkreis-boerde.de/fileadmin/Dateiverwaltung_Downloads/Bekanntmachungen/2026/2026-07-29_Bekanntmachung_zugelassene_Kreiswahlvorschlaege_.pdf
9,linke,LINKE,Sophie Manleitner,https://www.landkreis-boerde.de/fileadmin/Dateiverwaltung_Downloads/Bekanntmachungen/2026/2026-07-29_Bekanntmachung_zugelassene_Kreiswahlvorschlaege_.pdf
9,spd,SPD,Thorben Nick Rehak,https://www.landkreis-boerde.de/fileadmin/Dateiverwaltung_Downloads/Bekanntmachungen/2026/2026-07-29_Bekanntmachung_zugelassene_Kreiswahlvorschlaege_.pdf
10,cdu,CDU/CSU,Tim Rohne,https://www.cdulsa.de/landtagswahl-2026
10,fdp,FDP,Dr. Lydia Hüskens,https://fdp-md.de/project/ltwlsa2026/
10,gruene,GRÜNE,Rico Hermann,https://www.gruene-lsa.de/team2026/
10,linke,LINKE,Noah Biswanger,https://www.dielinke-sachsen-anhalt.de/wahlen/landtagswahl-2026/
10,spd,SPD,Julia Brandt,https://spdsachsenanhalt.de/wahlkreise/
11,bsw,BSW,John Lucas Dittrich,https://st.bsw-vg.de/landtagswahl-2026/
11,cdu,CDU/CSU,Tobias Krull,https://www.cdulsa.de/landtagswahl-2026
11,fdp,FDP,Christian Daehre,https://fdp-md.de/project/ltwlsa2026/
11,gruene,GRÜNE,Madeleine Linke,https://www.gruene-lsa.de/team2026/
11,linke,LINKE,Mustafa Groener,https://www.dielinke-sachsen-anhalt.de/wahlen/landtagswahl-2026/
11,spd,SPD,Dr. Falko Grube,https://spdsachsenanhalt.de/wahlkreise/
12,cdu,CDU/CSU,Sven Schulze,https://www.cdulsa.de/landtagswahl-2026
12,fdp,FDP,Thomas Gürke,https://fdp-md.de/project/ltwlsa2026/
12,gruene,GRÜNE,Michelle Angeli,https://www.gruene-lsa.de/team2026/
12,linke,LINKE,Eva von Angern,https://www.dielinke-sachsen-anhalt.de/wahlen/landtagswahl-2026/
12,spd,SPD,Christian Hausmann,https://spdsachsenanhalt.de/wahlkreise/
13,cdu,CDU/CSU,Andreas Schumann,https://www.cdulsa.de/landtagswahl-2026
13,fdp,FDP,Daniela Tost,https://fdp-md.de/project/ltwlsa2026/
13,gruene,GRÜNE,Olaf Meister,https://www.gruene-lsa.de/team2026/
13,linke,LINKE,Dennis Jannack,https://www.dielinke-sachsen-anhalt.de/wahlen/landtagswahl-2026/
13,spd,SPD,Ralph Blümel,https://spdsachsenanhalt.de/wahlkreise/
14,afd,AfD,Christian Ulrich Hecht,"https://www.kreis-hz.de/de/datei/anzeigen/id/58935,1000/amtliche_bekantmachung_ueber_die_zugelassenen_kreiswahlvorschlaege_der_wahlkreise_14_15_16_und_17.pdf"
14,bsw,BSW,Monika Gehlis,"https://www.kreis-hz.de/de/datei/anzeigen/id/58935,1000/amtliche_bekantmachung_ueber_die_zugelassenen_kreiswahlvorschlaege_der_wahlkreise_14_15_16_und_17.pdf"
14,cdu,CDU/CSU,Artjom Pusch,"https://www.kreis-hz.de/de/datei/anzeigen/id/58935,1000/amtliche_bekantmachung_ueber_die_zugelassenen_kreiswahlvorschlaege_der_wahlkreise_14_15_16_und_17.pdf"
14,fdp,FDP,Felix Julius Krüger,"https://www.kreis-hz.de/de/datei/anzeigen/id/58935,1000/amtliche_bekantmachung_ueber_die_zugelassenen_kreiswahlvorschlaege_der_wahlkreise_14_15_16_und_17.pdf"
14,fw,FW,Danny Becker,"https://www.kreis-hz.de/de/datei/anzeigen/id/58935,1000/amtliche_bekantmachung_ueber_die_zugelassenen_kreiswahlvorschlaege_der_wahlkreise_14_15_16_und_17.pdf"
14,gruene,GRÜNE,Elke Ruth Lampka,"https://www.kreis-hz.de/de/datei/anzeigen/id/58935,1000/amtliche_bekantmachung_ueber_die_zugelassenen_kreiswahlvorschlaege_der_wahlkreise_14_15_16_und_17.pdf"
14,linke,LINKE,Alexander Luft,"https://www.kreis-hz.de/de/datei/anzeigen/id/58935,1000/amtliche_bekantmachung_ueber_die_zugelassenen_kreiswahlvorschlaege_der_wahlkreise_14_15_16_und_17.pdf"
14,spd,SPD,Nils Johannson,"https://www.kreis-hz.de/de/datei/anzeigen/id/58935,1000/amtliche_bekantmachung_ueber_die_zugelassenen_kreiswahlvorschlaege_der_wahlkreise_14_15_16_und_17.pdf"
15,afd,AfD,Armin Friese,"https://www.kreis-hz.de/de/datei/anzeigen/id/58935,1000/amtliche_bekantmachung_ueber_die_zugelassenen_kreiswahlvorschlaege_der_wahlkreise_14_15_16_und_17.pdf"
15,bsw,BSW,Maximilian Schwartz,"https://www.kreis-hz.de/de/datei/anzeigen/id/58935,1000/amtliche_bekantmachung_ueber_die_zugelassenen_kreiswahlvorschlaege_der_wahlkreise_14_15_16_und_17.pdf"
15,cdu,CDU/CSU,Alexander Räuscher,"https://www.kreis-hz.de/de/datei/anzeigen/id/58935,1000/amtliche_bekantmachung_ueber_die_zugelassenen_kreiswahlvorschlaege_der_wahlkreise_14_15_16_und_17.pdf"
15,fdp,FDP,Steffen Mente,"https://www.kreis-hz.de/de/datei/anzeigen/id/58935,1000/amtliche_bekantmachung_ueber_die_zugelassenen_kreiswahlvorschlaege_der_wahlkreise_14_15_16_und_17.pdf"
15,fw,FW,Andre Weber,"https://www.kreis-hz.de/de/datei/anzeigen/id/58935,1000/amtliche_bekantmachung_ueber_die_zugelassenen_kreiswahlvorschlaege_der_wahlkreise_14_15_16_und_17.pdf"
15,gruene,GRÜNE,Klaus Plitzkat,"https://www.kreis-hz.de/de/datei/anzeigen/id/58935,1000/amtliche_bekantmachung_ueber_die_zugelassenen_kreiswahlvorschlaege_der_wahlkreise_14_15_16_und_17.pdf"
15,linke,LINKE,Lukas Franke,"https://www.kreis-hz.de/de/datei/anzeigen/id/58935,1000/amtliche_bekantmachung_ueber_die_zugelassenen_kreiswahlvorschlaege_der_wahlkreise_14_15_16_und_17.pdf"
15,spd,SPD,Florian Fahrtmann,"https://www.kreis-hz.de/de/datei/anzeigen/id/58935,1000/amtliche_bekantmachung_ueber_die_zugelassenen_kreiswahlvorschlaege_der_wahlkreise_14_15_16_und_17.pdf"
16,afd,AfD,Frank-Ronald Bischoff,"https://www.kreis-hz.de/de/datei/anzeigen/id/58935,1000/amtliche_bekantmachung_ueber_die_zugelassenen_kreiswahlvorschlaege_der_wahlkreise_14_15_16_und_17.pdf"
16,bsw,BSW,Joachim Pasemann,"https://www.kreis-hz.de/de/datei/anzeigen/id/58935,1000/amtliche_bekantmachung_ueber_die_zugelassenen_kreiswahlvorschlaege_der_wahlkreise_14_15_16_und_17.pdf"
16,cdu,CDU/CSU,Bianca Heine,"https://www.kreis-hz.de/de/datei/anzeigen/id/58935,1000/amtliche_bekantmachung_ueber_die_zugelassenen_kreiswahlvorschlaege_der_wahlkreise_14_15_16_und_17.pdf"
16,fdp,FDP,Max Henrik Schröder,"https://www.kreis-hz.de/de/datei/anzeigen/id/58935,1000/amtliche_bekantmachung_ueber_die_zugelassenen_kreiswahlvorschlaege_der_wahlkreise_14_15_16_und_17.pdf"
16,fw,FW,Bianka Willke,"https://www.kreis-hz.de/de/datei/anzeigen/id/58935,1000/amtliche_bekantmachung_ueber_die_zugelassenen_kreiswahlvorschlaege_der_wahlkreise_14_15_16_und_17.pdf"
16,gruene,GRÜNE,Lennox Schrickel,"https://www.kreis-hz.de/de/datei/anzeigen/id/58935,1000/amtliche_bekantmachung_ueber_die_zugelassenen_kreiswahlvorschlaege_der_wahlkreise_14_15_16_und_17.pdf"
16,linke,LINKE,Katja Käfer,"https://www.kreis-hz.de/de/datei/anzeigen/id/58935,1000/amtliche_bekantmachung_ueber_die_zugelassenen_kreiswahlvorschlaege_der_wahlkreise_14_15_16_und_17.pdf"
16,spd,SPD,Prof. Dr. Armin Willingmann,https://spdsachsenanhalt.de/wahlkreise/
17,afd,AfD,Dennis Möhring,"https://www.kreis-hz.de/de/datei/anzeigen/id/58935,1000/amtliche_bekantmachung_ueber_die_zugelassenen_kreiswahlvorschlaege_der_wahlkreise_14_15_16_und_17.pdf"
17,bsw,BSW,Michael Reim,https://st.bsw-vg.de/landtagswahl-2026/
17,cdu,CDU/CSU,Ulrich Thomas,"https://www.kreis-hz.de/de/datei/anzeigen/id/58935,1000/amtliche_bekantmachung_ueber_die_zugelassenen_kreiswahlvorschlaege_der_wahlkreise_14_15_16_und_17.pdf"
17,fdp,FDP,Florian Pascal Feger,"https://www.kreis-hz.de/de/datei/anzeigen/id/58935,1000/amtliche_bekantmachung_ueber_die_zugelassenen_kreiswahlvorschlaege_der_wahlkreise_14_15_16_und_17.pdf"
17,fw,FW,Jerome Querfurth,"https://www.kreis-hz.de/de/datei/anzeigen/id/58935,1000/amtliche_bekantmachung_ueber_die_zugelassenen_kreiswahlvorschlaege_der_wahlkreise_14_15_16_und_17.pdf"
17,gruene,GRÜNE,Susan Sziborra-Seidlitz,"https://www.kreis-hz.de/de/datei/anzeigen/id/58935,1000/amtliche_bekantmachung_ueber_die_zugelassenen_kreiswahlvorschlaege_der_wahlkreise_14_15_16_und_17.pdf"
17,linke,LINKE,Maik Fye,"https://www.kreis-hz.de/de/datei/anzeigen/id/58935,1000/amtliche_bekantmachung_ueber_die_zugelassenen_kreiswahlvorschlaege_der_wahlkreise_14_15_16_und_17.pdf"
17,spd,SPD,Nadine Hillecke,"https://www.kreis-hz.de/de/datei/anzeigen/id/58935,1000/amtliche_bekantmachung_ueber_die_zugelassenen_kreiswahlvorschlaege_der_wahlkreise_14_15_16_und_17.pdf"
18,afd,AfD,Daniel Rausch,https://daten.verwaltungsportal.de/dateien/publicizing/9/6/2/8/6/AHERRMANN_-_11.06.2026_-_Bekanntmachung_zugelassen.pdf
18,bsw,BSW,Andreas Michelmann,https://www.mz.de/lokal/aschersleben/paukenschlag-vor-der-landtagswahl-ascherslebens-ex-ob-andreas-michelmann-kandidiert-fur-das-bsw-4277842
18,cdu,CDU/CSU,Detlef Gürth,https://www.cdulsa.de/landtagswahl-2026
18,fdp,FDP,Torsten Haußmann,https://daten.verwaltungsportal.de/dateien/publicizing/9/6/2/8/6/AHERRMANN_-_11.06.2026_-_Bekanntmachung_zugelassen.pdf
18,gruene,GRÜNE,Martin Mertens-Keylock,https://www.gruene-lsa.de/team2026/
18,linke,LINKE,Kay Lorenz,https://www.dielinke-sachsen-anhalt.de/wahlen/landtagswahl-2026/
18,spd,SPD,Yves Metzing,https://spdsachsenanhalt.de/wahlkreise/
19,afd,AfD,Matthias Büttner,https://daten.verwaltungsportal.de/dateien/publicizing/9/6/2/8/6/AHERRMANN_-_11.06.2026_-_Bekanntmachung_zugelassen.pdf
19,bsw,BSW,Roland Herbert,https://daten.verwaltungsportal.de/dateien/publicizing/9/6/2/8/6/AHERRMANN_-_11.06.2026_-_Bekanntmachung_zugelassen.pdf
19,cdu,CDU/CSU,Sven Rosomkiewicz,https://www.cdulsa.de/landtagswahl-2026
19,fdp,FDP,Axel Riedel,https://daten.verwaltungsportal.de/dateien/publicizing/9/6/2/8/6/AHERRMANN_-_11.06.2026_-_Bekanntmachung_zugelassen.pdf
19,gruene,GRÜNE,Kevin Pockrandt,https://www.gruene-lsa.de/team2026/
19,linke,LINKE,Veit Kuhr,https://www.dielinke-sachsen-anhalt.de/wahlen/landtagswahl-2026/
19,spd,SPD,Seluan Al-Chakmakchi,https://spdsachsenanhalt.de/wahlkreise/
20,afd,AfD,Tobias Rausch,https://daten.verwaltungsportal.de/dateien/publicizing/9/6/2/8/6/AHERRMANN_-_11.06.2026_-_Bekanntmachung_zugelassen.pdf
20,bsw,BSW,Uwe Erich Georgi,https://daten.verwaltungsportal.de/dateien/publicizing/9/6/2/8/6/AHERRMANN_-_11.06.2026_-_Bekanntmachung_zugelassen.pdf
20,cdu,CDU/CSU,Dr. Daniel Schlothmann-Jeschek,https://www.cdulsa.de/landtagswahl-2026
20,fdp,FDP,Johanna Engel,https://daten.verwaltungsportal.de/dateien/publicizing/9/6/2/8/6/AHERRMANN_-_11.06.2026_-_Bekanntmachung_zugelassen.pdf
20,gruene,GRÜNE,Marlyn Waga,https://www.gruene-lsa.de/team2026/
20,linke,LINKE,Natalie Nagel,https://www.dielinke-sachsen-anhalt.de/wahlen/landtagswahl-2026/
20,spd,SPD,René Wölfer,https://spdsachsenanhalt.de/wahlkreise/
21,afd,AfD,Dr. Jan Moldenhauer,https://daten.verwaltungsportal.de/dateien/publicizing/9/6/2/8/6/AHERRMANN_-_11.06.2026_-_Bekanntmachung_zugelassen.pdf
21,cdu,CDU/CSU,Stefan Ruland,https://www.cdulsa.de/landtagswahl-2026
21,fdp,FDP,Dr. Frank Odemar,https://daten.verwaltungsportal.de/dateien/publicizing/9/6/2/8/6/AHERRMANN_-_11.06.2026_-_Bekanntmachung_zugelassen.pdf
21,gruene,GRÜNE,Sandra Bauer,https://www.gruene-lsa.de/team2026/
21,linke,LINKE,Henriette Krebs,https://www.dielinke-sachsen-anhalt.de/wahlen/landtagswahl-2026/
21,spd,SPD,Caroline Müller,https://spdsachsenanhalt.de/wahlkreise/
22,afd,AfD,Volker Olenicak,"https://www.anhalt-bitterfeld.de/datei/anzeigen/id/87050,1247/ltw2026_bekanntmachung_der_zugelassenen_bewerber_wahlkreise_22_23_und_28.pdf"
22,bsw,BSW,Christian Samter,"https://www.lkjl.de/de/datei/download/id/97098,1239/15_20_2026_vom_31.07.2026.pdf"
22,cdu,CDU/CSU,Olaf Feuerborn,"https://www.anhalt-bitterfeld.de/datei/anzeigen/id/87050,1247/ltw2026_bekanntmachung_der_zugelassenen_bewerber_wahlkreise_22_23_und_28.pdf"
22,fdp,FDP,John Matthias Kaube,"https://www.anhalt-bitterfeld.de/datei/anzeigen/id/87050,1247/ltw2026_bekanntmachung_der_zugelassenen_bewerber_wahlkreise_22_23_und_28.pdf"
22,gruene,GRÜNE,Sascha Greiner,https://www.gruene-lsa.de/team2026/
22,linke,LINKE,Andreas Pulst,"https://www.anhalt-bitterfeld.de/datei/anzeigen/id/87050,1247/ltw2026_bekanntmachung_der_zugelassenen_bewerber_wahlkreise_22_23_und_28.pdf"
22,spd,SPD,Felix Giesa,https://spdsachsenanhalt.de/wahlkreise/
23,afd,AfD,Phillipp-Anders Rau,"https://www.anhalt-bitterfeld.de/datei/anzeigen/id/87050,1247/ltw2026_bekanntmachung_der_zugelassenen_bewerber_wahlkreise_22_23_und_28.pdf"
23,cdu,CDU/CSU,Jonas Döhring,"https://www.anhalt-bitterfeld.de/datei/anzeigen/id/87050,1247/ltw2026_bekanntmachung_der_zugelassenen_bewerber_wahlkreise_22_23_und_28.pdf"
23,fdp,FDP,Marco Airoldi,"https://www.anhalt-bitterfeld.de/datei/anzeigen/id/87050,1247/ltw2026_bekanntmachung_der_zugelassenen_bewerber_wahlkreise_22_23_und_28.pdf"
23,gruene,GRÜNE,Luise Globig,"https://www.anhalt-bitterfeld.de/datei/anzeigen/id/87050,1247/ltw2026_bekanntmachung_der_zugelassenen_bewerber_wahlkreise_22_23_und_28.pdf"
23,linke,LINKE,Natalie Winzenhöller,https://www.dielinke-sachsen-anhalt.de/wahlen/landtagswahl-2026/
23,spd,SPD,Tobias Böttcher,"https://www.anhalt-bitterfeld.de/datei/anzeigen/id/87050,1247/ltw2026_bekanntmachung_der_zugelassenen_bewerber_wahlkreise_22_23_und_28.pdf"
24,afd,AfD,Andreas Best,https://afd-wittenberg.de/
24,cdu,CDU/CSU,Nico Elsner,https://www.cdulsa.de/landtagswahl-2026
24,gruene,GRÜNE,Bea Lindhorst,https://www.gruene-lsa.de/team2026/
24,linke,LINKE,Thomas Lippmann,https://www.dielinke-sachsen-anhalt.de/wahlen/landtagswahl-2026/
24,spd,SPD,Tina Führer,https://spdsachsenanhalt.de/wahlkreise/
25,afd,AfD,Matthias Lieschke,https://www.mz.de/lokal/wittenberg/afd-landtagswahl-lieschke-fraktionsausschluss-4208012
25,cdu,CDU/CSU,Patrick Schubert,https://www.cdulsa.de/landtagswahl-2026
25,gruene,GRÜNE,Martin Schäfer,https://www.gruene-lsa.de/team2026/
25,linke,LINKE,Doreen Hainich,https://www.dielinke-sachsen-anhalt.de/wahlen/landtagswahl-2026/
25,spd,SPD,Alexander Riedle,https://spdsachsenanhalt.de/wahlkreise/
26,afd,AfD,Burkhardt Ratzmann,https://verwaltung.dessau-rosslau.de/fileadmin/Verwaltungsportal_Dessau-Rosslau/Stadt_Buerger/Wahlen_und_Statistik/Wahlbekanntmachungen/2026_LTW/2026_07_27_Bekanntmachung_zugelassene_Kreiswahlvorschlaege.pdf
26,cdu,CDU/CSU,Dr. Anja Schneider,https://verwaltung.dessau-rosslau.de/fileadmin/Verwaltungsportal_Dessau-Rosslau/Stadt_Buerger/Wahlen_und_Statistik/Wahlbekanntmachungen/2026_LTW/2026_07_27_Bekanntmachung_zugelassene_Kreiswahlvorschlaege.pdf
26,fdp,FDP,Jörg Bernstein,https://verwaltung.dessau-rosslau.de/fileadmin/Verwaltungsportal_Dessau-Rosslau/Stadt_Buerger/Wahlen_und_Statistik/Wahlbekanntmachungen/2026_LTW/2026_07_27_Bekanntmachung_zugelassene_Kreiswahlvorschlaege.pdf
26,gruene,GRÜNE,Leonie Bronkalla,https://verwaltung.dessau-rosslau.de/fileadmin/Verwaltungsportal_Dessau-Rosslau/Stadt_Buerger/Wahlen_und_Statistik/Wahlbekanntmachungen/2026_LTW/2026_07_27_Bekanntmachung_zugelassene_Kreiswahlvorschlaege.pdf
26,linke,LINKE,Kevin Goldhahn,https://verwaltung.dessau-rosslau.de/fileadmin/Verwaltungsportal_Dessau-Rosslau/Stadt_Buerger/Wahlen_und_Statistik/Wahlbekanntmachungen/2026_LTW/2026_07_27_Bekanntmachung_zugelassene_Kreiswahlvorschlaege.pdf
26,spd,SPD,Larissa Wallner,https://verwaltung.dessau-rosslau.de/fileadmin/Verwaltungsportal_Dessau-Rosslau/Stadt_Buerger/Wahlen_und_Statistik/Wahlbekanntmachungen/2026_LTW/2026_07_27_Bekanntmachung_zugelassene_Kreiswahlvorschlaege.pdf
27,afd,AfD,Nadine Koppehel,https://www.oranienbaum-woerlitz.de/media/custom/3069_4371_1.PDF?1785240748
27,cdu,CDU/CSU,Karin Tschernich-Weiske,https://www.oranienbaum-woerlitz.de/media/custom/3069_4371_1.PDF?1785240748
27,fdp,FDP,Philipp Stavenow,https://www.oranienbaum-woerlitz.de/media/custom/3069_4371_1.PDF?1785240748
27,fw,FW,Holger Wenzel,https://www.oranienbaum-woerlitz.de/media/custom/3069_4371_1.PDF?1785240748
27,gruene,GRÜNE,Felix Fugmann,https://www.oranienbaum-woerlitz.de/media/custom/3069_4371_1.PDF?1785240748
27,linke,LINKE,Stine Rummel-Strebelow,https://www.oranienbaum-woerlitz.de/media/custom/3069_4371_1.PDF?1785240748
27,spd,SPD,Daniel Frank Kutsche,https://www.oranienbaum-woerlitz.de/media/custom/3069_4371_1.PDF?1785240748
28,afd,AfD,Daniel Roi,"https://www.anhalt-bitterfeld.de/datei/anzeigen/id/87050,1247/ltw2026_bekanntmachung_der_zugelassenen_bewerber_wahlkreise_22_23_und_28.pdf"
28,cdu,CDU/CSU,Lars-Jörn Zimmer,https://www.cdulsa.de/landtagswahl-2026
28,fdp,FDP,Guido Kosmehl,"https://www.lkjl.de/de/datei/download/id/97098,1239/15_20_2026_vom_31.07.2026.pdf"
28,gruene,GRÜNE,Janina Hampel,https://www.gruene-lsa.de/team2026/
28,linke,LINKE,Antonia Kaloff,"https://www.anhalt-bitterfeld.de/datei/anzeigen/id/87050,1247/ltw2026_bekanntmachung_der_zugelassenen_bewerber_wahlkreise_22_23_und_28.pdf"
28,spd,SPD,Katharina Kohl,https://spdsachsenanhalt.de/wahlkreise/
29,afd,AfD,Florian Schröder,"https://wahlen.saalekreis.de/datei/anzeigen/id/1524,1165/bekanntmachung_zugelassene_kreiswahlvorschl_ge.pdf"
29,cdu,CDU/CSU,Michael Scheffler,"https://wahlen.saalekreis.de/datei/anzeigen/id/1524,1165/bekanntmachung_zugelassene_kreiswahlvorschl_ge.pdf"
29,fdp,FDP,Dr. Maximilian Georg Philipp,"https://wahlen.saalekreis.de/datei/anzeigen/id/1524,1165/bekanntmachung_zugelassene_kreiswahlvorschl_ge.pdf"
29,gruene,GRÜNE,Sandra Sabine Lüder,"https://wahlen.saalekreis.de/datei/anzeigen/id/1524,1165/bekanntmachung_zugelassene_kreiswahlvorschl_ge.pdf"
29,linke,LINKE,Isabell Anton,"https://wahlen.saalekreis.de/datei/anzeigen/id/1524,1165/bekanntmachung_zugelassene_kreiswahlvorschl_ge.pdf"
29,spd,SPD,Danilo Pee-Moch,"https://wahlen.saalekreis.de/datei/anzeigen/id/1524,1165/bekanntmachung_zugelassene_kreiswahlvorschl_ge.pdf"
30,afd,AfD,Reiner Kretschmann,https://www.mansfeldsuedharz.de/fileadmin/mediamanager/SampleFiles/Dokumente/Wahlen/Landtagswahl_2026_oeffentliche_Bekanntmachung_Zugelassene_Kreiswahlvorschlaege_270726.pdf
30,cdu,CDU/CSU,René Barthel,https://www.mansfeldsuedharz.de/fileadmin/mediamanager/SampleFiles/Dokumente/Wahlen/Landtagswahl_2026_oeffentliche_Bekanntmachung_Zugelassene_Kreiswahlvorschlaege_270726.pdf
30,fdp,FDP,Kathrin Tarricone,https://www.mansfeldsuedharz.de/fileadmin/mediamanager/SampleFiles/Dokumente/Wahlen/Landtagswahl_2026_oeffentliche_Bekanntmachung_Zugelassene_Kreiswahlvorschlaege_270726.pdf
30,gruene,GRÜNE,Lisa Mertens,https://www.mansfeldsuedharz.de/fileadmin/mediamanager/SampleFiles/Dokumente/Wahlen/Landtagswahl_2026_oeffentliche_Bekanntmachung_Zugelassene_Kreiswahlvorschlaege_270726.pdf
30,linke,LINKE,Stefan Gebhardt,https://www.mansfeldsuedharz.de/fileadmin/mediamanager/SampleFiles/Dokumente/Wahlen/Landtagswahl_2026_oeffentliche_Bekanntmachung_Zugelassene_Kreiswahlvorschlaege_270726.pdf
30,spd,SPD,Aick Pietschmann,https://www.mansfeldsuedharz.de/fileadmin/mediamanager/SampleFiles/Dokumente/Wahlen/Landtagswahl_2026_oeffentliche_Bekanntmachung_Zugelassene_Kreiswahlvorschlaege_270726.pdf
31,afd,AfD,Andreas Gehlmann,https://www.mansfeldsuedharz.de/fileadmin/mediamanager/SampleFiles/Dokumente/Wahlen/Landtagswahl_2026_oeffentliche_Bekanntmachung_Zugelassene_Kreiswahlvorschlaege_270726.pdf
31,cdu,CDU/CSU,Matthias Redlich,https://www.mansfeldsuedharz.de/fileadmin/mediamanager/SampleFiles/Dokumente/Wahlen/Landtagswahl_2026_oeffentliche_Bekanntmachung_Zugelassene_Kreiswahlvorschlaege_270726.pdf
31,fdp,FDP,Karsten Pille,https://www.mansfeldsuedharz.de/fileadmin/mediamanager/SampleFiles/Dokumente/Wahlen/Landtagswahl_2026_oeffentliche_Bekanntmachung_Zugelassene_Kreiswahlvorschlaege_270726.pdf
31,gruene,GRÜNE,Christine Reimann,https://www.mansfeldsuedharz.de/fileadmin/mediamanager/SampleFiles/Dokumente/Wahlen/Landtagswahl_2026_oeffentliche_Bekanntmachung_Zugelassene_Kreiswahlvorschlaege_270726.pdf
31,linke,LINKE,André Röthel,https://www.mansfeldsuedharz.de/fileadmin/mediamanager/SampleFiles/Dokumente/Wahlen/Landtagswahl_2026_oeffentliche_Bekanntmachung_Zugelassene_Kreiswahlvorschlaege_270726.pdf
31,spd,SPD,Friedrich Ruschke,https://www.mansfeldsuedharz.de/fileadmin/mediamanager/SampleFiles/Dokumente/Wahlen/Landtagswahl_2026_oeffentliche_Bekanntmachung_Zugelassene_Kreiswahlvorschlaege_270726.pdf
32,afd,AfD,Dr. Hans-Thomas Tillschneider,"https://wahlen.saalekreis.de/datei/anzeigen/id/1524,1165/bekanntmachung_zugelassene_kreiswahlvorschl_ge.pdf"
32,cdu,CDU/CSU,Eva Feußner,"https://wahlen.saalekreis.de/datei/anzeigen/id/1524,1165/bekanntmachung_zugelassene_kreiswahlvorschl_ge.pdf"
32,fdp,FDP,Ramona Hoyer,"https://wahlen.saalekreis.de/datei/anzeigen/id/1524,1165/bekanntmachung_zugelassene_kreiswahlvorschl_ge.pdf"
32,gruene,GRÜNE,Susanne Otto,"https://wahlen.saalekreis.de/datei/anzeigen/id/1524,1165/bekanntmachung_zugelassene_kreiswahlvorschl_ge.pdf"
32,linke,LINKE,Andreas Tschurn,"https://wahlen.saalekreis.de/datei/anzeigen/id/1524,1165/bekanntmachung_zugelassene_kreiswahlvorschl_ge.pdf"
32,spd,SPD,Raphael Coccejus,"https://wahlen.saalekreis.de/datei/anzeigen/id/1524,1165/bekanntmachung_zugelassene_kreiswahlvorschl_ge.pdf"
33,afd,AfD,Daniel Wald,"https://wahlen.saalekreis.de/datei/anzeigen/id/1524,1165/bekanntmachung_zugelassene_kreiswahlvorschl_ge.pdf"
33,cdu,CDU/CSU,Ilka Reckmann,"https://wahlen.saalekreis.de/datei/anzeigen/id/1524,1165/bekanntmachung_zugelassene_kreiswahlvorschl_ge.pdf"
33,fdp,FDP,Markus Göhricke,"https://wahlen.saalekreis.de/datei/anzeigen/id/1524,1165/bekanntmachung_zugelassene_kreiswahlvorschl_ge.pdf"
33,gruene,GRÜNE,Dennis Tobias Helmich,"https://wahlen.saalekreis.de/datei/anzeigen/id/1524,1165/bekanntmachung_zugelassene_kreiswahlvorschl_ge.pdf"
33,linke,LINKE,Leila Kim Eisfelder-Mylius,"https://wahlen.saalekreis.de/datei/anzeigen/id/1524,1165/bekanntmachung_zugelassene_kreiswahlvorschl_ge.pdf"
33,spd,SPD,Dr. Andreas Schmidt,"https://wahlen.saalekreis.de/datei/anzeigen/id/1524,1165/bekanntmachung_zugelassene_kreiswahlvorschl_ge.pdf"
34,afd,AfD,Gordon Köhler,"https://wahlen.saalekreis.de/datei/anzeigen/id/1524,1165/bekanntmachung_zugelassene_kreiswahlvorschl_ge.pdf"
34,bsw,BSW,László Müller,https://st.bsw-vg.de/landtagswahl-2026/
34,cdu,CDU/CSU,Frank Hartmut Uwe Bommersbach,"https://wahlen.saalekreis.de/datei/anzeigen/id/1524,1165/bekanntmachung_zugelassene_kreiswahlvorschl_ge.pdf"
34,fdp,FDP,Dirk Taschner,"https://wahlen.saalekreis.de/datei/anzeigen/id/1524,1165/bekanntmachung_zugelassene_kreiswahlvorschl_ge.pdf"
34,gruene,GRÜNE,Leon Lenny Elias Eisfelder-Mylius,"https://wahlen.saalekreis.de/datei/anzeigen/id/1524,1165/bekanntmachung_zugelassene_kreiswahlvorschl_ge.pdf"
34,linke,LINKE,Julia Mayer,"https://wahlen.saalekreis.de/datei/anzeigen/id/1524,1165/bekanntmachung_zugelassene_kreiswahlvorschl_ge.pdf"
34,spd,SPD,Ines Seeger,"https://wahlen.saalekreis.de/datei/anzeigen/id/1524,1165/bekanntmachung_zugelassene_kreiswahlvorschl_ge.pdf"
35,afd,AfD,Alexander Raue,https://halle.de/verwaltung-stadtrat/presseportal/nachrichten/nachricht/landtagswahl-wahlbenachrichtigungen-werden-verschickt-briefwahlunterlagen-koennen-online-beantragt-werden-wahlvorschlaege-zugelassen
35,bsw,BSW,Andreas Neubert,https://dubisthalle.de/laufend-fuer-die-menschen-unterwegs-bsw-direktkandidat-am-samstag-im-westen-von-halle-auf-tour/
35,cdu,CDU/CSU,Christian Albrecht,https://www.cdulsa.de/landtagswahl-2026
35,fdp,FDP,Annett Krake,https://halle.de/verwaltung-stadtrat/presseportal/nachrichten/nachricht/landtagswahl-wahlbenachrichtigungen-werden-verschickt-briefwahlunterlagen-koennen-online-beantragt-werden-wahlvorschlaege-zugelassen
35,gruene,GRÜNE,Lena Zehne,https://www.gruene-lsa.de/team2026/
35,linke,LINKE,Hendrik Lange,https://www.dielinke-sachsen-anhalt.de/wahlen/landtagswahl-2026/
35,spd,SPD,Dr. Christine Fuhrmann,https://spdsachsenanhalt.de/wahlkreise/
36,afd,AfD,Benedikt Weiß,https://halle.de/verwaltung-stadtrat/presseportal/nachrichten/nachricht/landtagswahl-wahlbenachrichtigungen-werden-verschickt-briefwahlunterlagen-koennen-online-beantragt-werden-wahlvorschlaege-zugelassen
36,bsw,BSW,Dr. Sylvia Winkelmann-Witkowsky,https://halle.de/verwaltung-stadtrat/presseportal/nachrichten/nachricht/landtagswahl-wahlbenachrichtigungen-werden-verschickt-briefwahlunterlagen-koennen-online-beantragt-werden-wahlvorschlaege-zugelassen
36,cdu,CDU/CSU,Marco Tullner,https://www.cdulsa.de/landtagswahl-2026
36,fdp,FDP,Torsten Schaper,https://halle.de/verwaltung-stadtrat/presseportal/nachrichten/nachricht/landtagswahl-wahlbenachrichtigungen-werden-verschickt-briefwahlunterlagen-koennen-online-beantragt-werden-wahlvorschlaege-zugelassen
36,gruene,GRÜNE,Mamad Mohamad,https://www.gruene-lsa.de/team2026/
36,linke,LINKE,Gitta Susann Hartenstein-Wiermann,https://www.dielinke-sachsen-anhalt.de/wahlen/landtagswahl-2026/
36,spd,SPD,Dr. Katja Pähle,https://spdsachsenanhalt.de/wahlkreise/
37,afd,AfD,Martin Sehrndt,https://halle.de/verwaltung-stadtrat/presseportal/nachrichten/nachricht/landtagswahl-wahlbenachrichtigungen-werden-verschickt-briefwahlunterlagen-koennen-online-beantragt-werden-wahlvorschlaege-zugelassen
37,bsw,BSW,Dr. Claudia Wittig,https://st.bsw-vg.de/landtagswahl-2026/
37,cdu,CDU/CSU,Kerstin Godenrath,https://www.cdulsa.de/landtagswahl-2026
37,fdp,FDP,Andreas Silbersack,https://halle.de/verwaltung-stadtrat/presseportal/nachrichten/nachricht/landtagswahl-wahlbenachrichtigungen-werden-verschickt-briefwahlunterlagen-koennen-online-beantragt-werden-wahlvorschlaege-zugelassen
37,gruene,GRÜNE,Wolfgang Aldag,https://www.gruene-lsa.de/team2026/
37,linke,LINKE,Jannik-Loris Balint,https://www.dielinke-sachsen-anhalt.de/wahlen/landtagswahl-2026/
37,spd,SPD,Stephan Scherf,https://spdsachsenanhalt.de/wahlkreise/
38,afd,AfD,Paul Backmund,https://halle.de/verwaltung-stadtrat/presseportal/nachrichten/nachricht/landtagswahl-wahlbenachrichtigungen-werden-verschickt-briefwahlunterlagen-koennen-online-beantragt-werden-wahlvorschlaege-zugelassen
38,bsw,BSW,Rudenz Schramm,https://st.bsw-vg.de/landtagswahl-2026/
38,cdu,CDU/CSU,Claudia Freia Schmidt,https://www.cdulsa.de/landtagswahl-2026
38,fdp,FDP,Tim Kehrwieder,https://halle.de/verwaltung-stadtrat/presseportal/nachrichten/nachricht/landtagswahl-wahlbenachrichtigungen-werden-verschickt-briefwahlunterlagen-koennen-online-beantragt-werden-wahlvorschlaege-zugelassen
38,gruene,GRÜNE,Nicole Walldorf,https://www.gruene-lsa.de/team2026/
38,linke,LINKE,Wenke Marie Dargel,https://www.dielinke-sachsen-anhalt.de/wahlen/landtagswahl-2026/
38,spd,SPD,Julius Neumann,https://spdsachsenanhalt.de/wahlkreise/
39,afd,AfD,Dirk Jonas,https://www.mz.de/lokal/zeitz/im-wahlkreis-zeitz-treten-neun-direktkandidaten-zur-landtagswahl-an-4292200
39,cdu,CDU/CSU,Elke Simon-Kuch,https://www.mz.de/lokal/zeitz/im-wahlkreis-zeitz-treten-neun-direktkandidaten-zur-landtagswahl-an-4292200
39,fdp,FDP,Maximilian Gludau,https://www.mz.de/lokal/zeitz/im-wahlkreis-zeitz-treten-neun-direktkandidaten-zur-landtagswahl-an-4292200
39,gruene,GRÜNE,Peter Paul Schneider,https://www.mz.de/lokal/zeitz/im-wahlkreis-zeitz-treten-neun-direktkandidaten-zur-landtagswahl-an-4292200
39,linke,LINKE,Eric Roman Stehr,https://www.mz.de/lokal/zeitz/im-wahlkreis-zeitz-treten-neun-direktkandidaten-zur-landtagswahl-an-4292200
39,spd,SPD,Jens Mende,https://www.mz.de/lokal/zeitz/im-wahlkreis-zeitz-treten-neun-direktkandidaten-zur-landtagswahl-an-4292200
40,afd,AfD,Juliane Waehler,https://www.mz.de/lokal/zeitz/im-wahlkreis-zeitz-treten-neun-direktkandidaten-zur-landtagswahl-an-4292200
40,cdu,CDU/CSU,Daniel Sturm,https://www.mz.de/lokal/zeitz/im-wahlkreis-zeitz-treten-neun-direktkandidaten-zur-landtagswahl-an-4292200
40,fdp,FDP,Gunnar Blache,https://www.mz.de/lokal/zeitz/im-wahlkreis-zeitz-treten-neun-direktkandidaten-zur-landtagswahl-an-4292200
40,gruene,GRÜNE,Stefan Garthoff,https://www.mz.de/lokal/zeitz/im-wahlkreis-zeitz-treten-neun-direktkandidaten-zur-landtagswahl-an-4292200
40,linke,LINKE,Michael Scholz,https://www.mz.de/lokal/zeitz/im-wahlkreis-zeitz-treten-neun-direktkandidaten-zur-landtagswahl-an-4292200
40,spd,SPD,Paul Kley,https://www.mz.de/lokal/zeitz/im-wahlkreis-zeitz-treten-neun-direktkandidaten-zur-landtagswahl-an-4292200
41,afd,AfD,Lothar Waehler,https://www.mz.de/lokal/zeitz/im-wahlkreis-zeitz-treten-neun-direktkandidaten-zur-landtagswahl-an-4292200
41,bsw,BSW,Andreas Holger Kendelbacher,https://www.mz.de/lokal/zeitz/im-wahlkreis-zeitz-treten-neun-direktkandidaten-zur-landtagswahl-an-4292200
41,cdu,CDU/CSU,Ulf Altmann,https://www.mz.de/lokal/zeitz/im-wahlkreis-zeitz-treten-neun-direktkandidaten-zur-landtagswahl-an-4292200
41,fdp,FDP,Birgit Kansy,https://www.mz.de/lokal/zeitz/im-wahlkreis-zeitz-treten-neun-direktkandidaten-zur-landtagswahl-an-4292200
41,fw,FW,Rebecca Resch,https://www.mz.de/lokal/zeitz/im-wahlkreis-zeitz-treten-neun-direktkandidaten-zur-landtagswahl-an-4292200
41,gruene,GRÜNE,Ralf Hönicke,https://www.mz.de/lokal/zeitz/im-wahlkreis-zeitz-treten-neun-direktkandidaten-zur-landtagswahl-an-4292200
41,linke,LINKE,Nicklas Kurzweil,https://www.mz.de/lokal/zeitz/im-wahlkreis-zeitz-treten-neun-direktkandidaten-zur-landtagswahl-an-4292200
41,spd,SPD,Stefan Schneider,https://www.mz.de/lokal/zeitz/im-wahlkreis-zeitz-treten-neun-direktkandidaten-zur-landtagswahl-an-4292200
