Ergebnisart;Datum;leer;leer;leer;Satzart;Schlüsselnummer;Name;A - Wahlberechtigte;B - Wähler;E - Ungültige Zweitstimmen;F - Gültige Zweitstimmen;F01 - CDU ;F02 - AfD ;F03 - DIE LINKE ;F04 - SPD ;F05 - GRÜNE ;F06 - FDP ;F07 - FREIE WÄHLER ;F08 - NPD ;F09 - Tierschutzpartei ;F10 - Tierschutzallianz ;F11 - LKR ;F12 - Die PARTEI ;F13 - Gartenpartei ;F14 - FBM ;F15 - TIERSCHUTZ hier! ;F16 - dieBasis ;F19 - Klimaliste ST ;F21 - ÖDP ;F22 - Die Humanisten ;F23 - Gesundheitsforschung ;F24 - PIRATEN ;F25 - WiR2020 ;C - Ungültige Erststimmen;D - Gültige Erststimmen;D01 - CDU ;D02 - AfD ;D03 - DIE LINKE ;D04 - SPD ;D05 - GRÜNE ;D06 - FDP ;D07 - FREIE WÄHLER ;D08 - NPD ;D09 - Tierschutzpartei ;D10 - Tierschutzallianz ;D12 - Die PARTEI ;D13 - Gartenpartei ;D14 - FBM ;D16 - dieBasis ;D21 - ÖDP ;D26 - Andere KWV ;D27 - Andere KWV ;D28 - Andere KWV ;
E;06.06.2021;;;;GEM;15001000;Stadt Dessau-Roßlau;65076;37903;553;37350;14988;6858;4039;3005;2846;2608;726;102;494;111;9;227;219;14;204;466;29;28;42;134;148;53;779;37124;13530;7224;5037;4213;2851;3389;880;;;;;;;;;;;;
E;06.06.2021;;;;GEM;15002000;Stadt Halle (Saale);181768;112697;1453;111244;35676;16698;14604;9806;15440;8044;2389;162;1761;431;63;1400;558;73;589;1612;235;250;332;408;569;144;1680;111017;32463;17503;16951;13625;14083;9098;4496;;;;1638;;;1160;;;;;
E;06.06.2021;;;;GEM;15003000;Landeshauptstadt Magdeburg;183678;118150;1303;116847;38411;17683;14724;11166;12580;7924;2164;312;2535;1515;75;1231;2333;53;651;1580;194;224;303;439;575;175;1425;116725;35931;18550;15586;13407;13428;8058;2786;160;;2726;890;3216;;1757;145;85;;;
E;06.06.2021;;;;GEM;15081026;Gemeinde Flecken Apenburg-Winterfeld;1364;931;4;927;342;195;87;94;32;55;51;10;6;5;0;5;4;2;5;23;0;2;1;3;4;1;6;925;367;182;91;101;33;40;76;;;;;;;35;;;;;
E;06.06.2021;;;;GEM;15081030;Stadt Arendsee (Altmark);5558;3509;54;3455;1207;634;496;295;175;205;223;12;34;10;1;13;15;2;15;86;7;1;2;9;10;3;58;3451;1189;626;521;329;172;262;266;;;;;;;86;;;;;
E;06.06.2021;;;;GEM;15081045;Gemeinde Beetzendorf;2594;1539;17;1522;529;270;164;129;123;78;62;3;19;3;0;13;4;1;8;101;2;0;3;3;7;0;15;1524;578;275;182;140;112;73;85;;;;;;;79;;;;;
E;06.06.2021;;;;GEM;15081095;Gemeinde Dähre;1200;734;5;729;287;130;67;69;43;49;22;1;6;7;0;7;5;0;4;29;0;0;0;1;1;1;8;726;281;130;78;83;40;36;45;;;;;;;33;;;;;
E;06.06.2021;;;;GEM;15081105;Gemeinde Flecken Diesdorf;1862;1106;9;1097;437;199;104;118;67;60;28;1;20;5;1;6;7;0;3;29;2;1;0;5;3;1;9;1097;476;186;115;134;48;59;47;;;;;;;32;;;;;
E;06.06.2021;;;;GEM;15081135;Hansestadt Gardelegen;18329;11268;185;11083;4219;2119;1177;1236;419;687;388;23;163;26;5;89;87;9;89;166;9;22;15;63;46;26;182;11086;3963;2159;1210;1861;397;528;748;;;;;;;169;;51;;;
E;06.06.2021;;;;GEM;15081225;Gemeinde Jübar;1316;946;13;933;393;175;82;88;42;61;23;3;12;3;0;6;5;1;13;21;0;0;0;2;3;0;12;934;524;134;67;87;19;51;41;;;;;;;11;;;;;
E;06.06.2021;;;;GEM;15081240;Stadt Kalbe (Milde);6173;3807;71;3736;1490;720;468;301;169;203;135;7;46;7;1;33;25;1;13;58;9;4;3;20;17;6;68;3739;1392;751;535;381;215;181;182;;;;;;;61;;41;;;
E;06.06.2021;;;;GEM;15081280;Stadt Klötze;8296;5408;84;5324;2151;939;561;556;213;352;203;26;62;10;2;37;27;1;22;95;3;5;4;21;23;11;83;5325;2063;1050;624;673;206;275;292;;;;;;;126;;16;;;
E;06.06.2021;;;;GEM;15081290;Gemeinde Kuhfelde;879;572;6;566;234;95;62;37;31;40;20;1;10;0;7;3;5;1;4;12;1;0;0;1;1;1;6;566;237;108;61;44;21;40;47;;;;;;;8;;;;;
E;06.06.2021;;;;GEM;15081440;Gemeinde Rohrberg;879;587;11;576;192;138;59;63;27;27;25;2;6;2;0;1;1;0;5;20;0;1;0;4;3;0;11;576;233;135;49;71;26;17;32;;;;;;;13;;;;;
E;06.06.2021;;;;GEM;15081455;Hansestadt Salzwedel;18935;11058;136;10922;3870;1954;1580;907;668;567;642;12;130;31;10;73;81;4;51;234;18;3;7;40;25;15;136;10922;3624;1878;1951;1032;469;489;1231;;;;;;;248;;;;;
E;06.06.2021;;;;GEM;15081545;Gemeinde Wallstawe;718;469;5;464;184;90;38;38;39;40;16;0;2;0;4;1;4;0;0;5;0;0;0;0;2;1;7;462;192;89;49;31;30;31;38;;;;;;;2;;;;;
E;06.06.2021;;;;GEM;15082005;Stadt Aken (Elbe);6410;3868;61;3807;1568;853;447;275;134;225;111;17;44;7;0;19;12;2;22;36;1;2;1;11;14;6;75;3793;1483;864;661;282;108;212;183;;;;;;;;;;;;
E;06.06.2021;;;;GEM;15082015;Stadt Bitterfeld-Wolfen;31626;16522;299;16223;6063;4094;1733;1234;686;827;485;48;264;58;7;108;99;14;140;169;8;8;15;87;61;15;310;16212;5543;4522;2011;1499;721;1012;904;;;;;;;;;;;;
E;06.06.2021;;;;GEM;15082180;Stadt Köthen (Anhalt);20593;10919;250;10669;3936;2236;1775;727;446;595;240;39;131;35;7;64;73;4;66;151;7;13;12;46;40;26;214;10705;3900;2260;2672;583;378;457;455;;;;;;;;;;;;
E;06.06.2021;;;;GEM;15082241;Gemeinde Muldestausee;9977;6526;96;6430;2607;1595;549;385;248;409;228;21;102;25;6;27;34;6;38;74;2;6;8;34;14;12;133;6393;2364;1698;678;417;271;395;570;;;;;;;;;;;;
E;06.06.2021;;;;GEM;15082256;Gemeinde Osternienburger Land;7120;4301;112;4189;1697;1043;530;242;115;244;71;24;53;19;0;19;29;5;17;39;3;2;3;17;6;11;84;4217;1840;1068;583;243;114;219;150;;;;;;;;;;;;
E;06.06.2021;;;;GEM;15082301;Stadt Raguhn-Jeßnitz;7701;4950;81;4869;1787;1412;479;297;142;280;118;32;83;18;2;18;50;2;41;64;1;1;6;14;12;10;93;4857;1658;1542;530;458;142;279;248;;;;;;;;;;;;
E;06.06.2021;;;;GEM;15082340;Stadt Sandersdorf-Brehna;12298;7886;127;7759;3151;1884;741;522;250;483;215;22;140;26;1;42;53;8;52;97;3;1;2;28;28;10;166;7720;2912;1993;897;731;244;490;453;;;;;;;;;;;;
E;06.06.2021;;;;GEM;15082377;Stadt Südliches Anhalt;11079;7020;148;6872;2767;1730;887;365;168;391;197;34;74;21;1;28;39;3;33;66;3;5;2;24;20;14;132;6888;2872;1750;1219;317;148;299;283;;;;;;;;;;;;
E;06.06.2021;;;;GEM;15082430;Stadt Zerbst/Anhalt;17494;10531;204;10327;3888;2370;1094;830;435;597;536;16;113;35;5;37;72;14;66;120;7;4;6;29;35;18;208;10323;3316;2390;1187;707;473;662;1588;;;;;;;;;;;;
E;06.06.2021;;;;GEM;15082440;Stadt Zörbig;7733;5127;100;5027;2060;1167;372;299;171;296;350;13;65;18;0;25;46;8;28;67;3;2;6;13;12;6;105;5022;1755;1205;388;297;147;271;959;;;;;;;;;;;;
E;06.06.2021;;;;GEM;15083020;Gemeinde Altenhausen;908;616;7;609;237;127;77;55;20;35;14;3;3;2;0;3;8;0;3;19;0;0;0;1;2;0;5;611;231;133;86;55;23;38;20;;;;;;;25;;;;;
E;06.06.2021;;;;GEM;15083025;Gemeinde Am Großen Bruch;1726;1091;8;1083;428;274;89;118;23;74;31;3;9;1;0;4;8;0;3;8;0;1;1;5;0;3;9;1082;345;277;83;232;19;85;41;;;;;;;;;;;;
E;06.06.2021;;;;GEM;15083030;Gemeinde Angern;1625;1165;10;1155;417;286;144;87;31;67;44;2;13;10;1;7;8;0;8;19;0;0;2;5;4;0;11;1154;437;278;145;104;34;60;50;;;22;;;;19;;5;;;
E;06.06.2021;;;;GEM;15083035;Gemeinde Ausleben;1340;815;9;806;320;205;63;72;22;43;17;5;9;1;0;7;16;3;3;15;0;1;1;1;2;0;14;801;269;225;64;138;23;45;37;;;;;;;;;;;;
E;06.06.2021;;;;GEM;15083040;Gemeinde Barleben;7492;5366;47;5319;1968;1047;587;404;314;394;186;11;71;56;4;27;62;1;29;105;2;3;12;22;13;1;63;5303;2165;976;614;447;315;309;223;;;134;;;;102;;18;;;
E;06.06.2021;;;;GEM;15083060;Gemeinde Beendorf;666;406;11;395;171;47;34;52;16;35;10;1;5;1;0;1;4;0;3;12;0;0;0;3;0;0;10;396;175;55;38;60;13;29;15;;;;;;;11;;;;;
E;06.06.2021;;;;GEM;15083115;Gemeinde Bülstringen;717;525;7;518;233;109;38;23;8;36;33;7;10;3;1;0;5;0;0;1;0;0;2;5;1;3;8;517;236;118;43;36;11;27;37;;;;;;;9;;;;;
E;06.06.2021;;;;GEM;15083120;Gemeinde Burgstall;1268;851;10;841;302;245;86;54;19;57;25;3;13;6;0;4;2;3;4;8;0;0;0;5;4;1;13;838;318;235;86;61;21;55;32;;;16;;;;10;;4;;;
E;06.06.2021;;;;GEM;15083125;Gemeinde Calvörde;2848;1802;28;1774;660;403;171;137;62;123;91;3;16;11;0;18;19;0;9;37;1;0;0;6;5;2;31;1771;623;432;193;166;65;109;140;;;;;;;43;;;;;
E;06.06.2021;;;;GEM;15083130;Gemeinde Colbitz;2752;1948;31;1917;726;502;208;113;94;128;31;10;26;13;0;8;8;0;7;19;0;1;4;8;8;3;28;1920;774;475;226;139;81;101;51;;;36;;;;24;;13;;;
E;06.06.2021;;;;GEM;15083190;Gemeinde Eilsleben;3107;1933;27;1906;727;366;208;219;71;139;52;11;16;9;1;8;23;1;10;16;2;2;2;11;5;7;29;1904;671;373;225;284;75;160;85;;;;;;;31;;;;;
E;06.06.2021;;;;GEM;15083205;Gemeinde Erxleben;2308;1385;30;1355;558;295;149;82;50;62;36;4;24;7;0;8;8;0;10;49;1;0;0;3;8;1;30;1355;543;324;158;109;44;64;42;;;;;;;71;;;;;
E;06.06.2021;;;;GEM;15083230;Gemeinde Flechtingen;2277;1414;11;1403;607;257;130;131;70;77;41;5;15;4;0;5;5;1;1;42;0;0;0;4;5;3;9;1405;636;277;125;132;71;66;59;;;;;;;39;;;;;
E;06.06.2021;;;;GEM;15083245;Stadt Gröningen;2968;1825;22;1803;664;421;177;189;47;112;51;1;28;12;0;6;16;3;11;42;1;0;2;7;5;8;30;1795;588;440;191;293;46;122;115;;;;;;;;;;;;
E;06.06.2021;;;;GEM;15083270;Stadt Haldensleben;15511;8999;113;8886;3332;2054;926;762;438;492;215;32;135;40;5;67;55;3;70;152;4;11;8;36;37;12;124;8875;3188;2300;1083;955;457;401;330;;;;;;;161;;;;;
E;06.06.2021;;;;GEM;15083275;Gemeinde Harbke;1149;711;13;698;216;155;92;95;26;36;15;2;15;4;0;7;15;0;6;5;0;0;0;2;5;2;21;690;192;154;104;150;19;31;30;;;;;;;10;;;;;
E;06.06.2021;;;;GEM;15083298;Gemeinde Hohe Börde;15325;9947;121;9826;3584;2066;909;769;456;803;464;28;156;102;7;49;97;3;52;178;3;14;10;31;38;7;119;9828;4158;1810;870;736;364;627;854;;;213;;;;176;;20;;;
E;06.06.2021;;;;GEM;15083320;Gemeinde Hötensleben;2928;1745;17;1728;702;354;146;200;51;122;52;5;27;5;0;6;15;1;9;15;0;1;2;8;5;2;22;1723;653;387;157;258;49;128;70;;;;;;;21;;;;;
E;06.06.2021;;;;GEM;15083323;Gemeinde Ingersleben;1112;733;14;719;263;185;62;63;31;45;18;2;13;1;1;7;3;0;2;12;0;1;0;5;3;2;13;720;274;191;60;70;28;41;34;;;;;;;22;;;;;
E;06.06.2021;;;;GEM;15083355;Stadt Kroppenstedt;1132;708;6;702;285;199;50;40;15;51;22;1;9;1;2;3;5;0;2;11;0;0;0;3;2;1;5;703;264;213;58;64;14;44;46;;;;;;;;;;;;
E;06.06.2021;;;;GEM;15083361;Gemeinde Loitsche-Heinrichsberg;779;548;12;536;185;132;48;44;16;49;13;0;4;8;1;0;9;2;3;12;1;1;1;1;4;2;17;531;203;138;53;44;17;26;21;;;12;;;;13;;4;;;
E;06.06.2021;;;;GEM;15083390;Gemeinde Niedere Börde;5815;3992;64;3928;1433;936;409;270;137;286;126;11;55;40;1;46;39;1;18;75;2;5;4;20;10;4;71;3921;1537;875;439;329;128;239;177;;;101;;;;79;;17;;;
E;06.06.2021;;;;GEM;15083411;Stadt Oebisfelde-Weferlingen;11101;6881;108;6773;2579;1326;726;674;302;380;199;22;112;27;2;109;62;7;47;109;2;14;10;30;20;14;124;6757;2361;1373;997;834;319;332;397;;;;;;;111;;33;;;
E;06.06.2021;;;;GEM;15083415;Stadt Oschersleben (Bode);15996;8886;94;8792;3289;1968;875;959;321;513;273;26;137;25;1;42;86;4;47;130;4;7;7;34;29;15;109;8777;2671;2080;888;1719;326;603;490;;;;;;;;;;;;
E;06.06.2021;;;;GEM;15083440;Gemeinde Rogätz;1803;1183;19;1164;438;288;110;97;33;73;43;2;13;2;1;5;13;2;1;26;0;3;3;5;2;4;24;1159;448;285;131;107;23;63;61;;;11;;;;21;;9;;;
E;06.06.2021;;;;GEM;15083485;Gemeinde Sommersdorf;1163;769;7;762;272;198;81;74;34;44;18;1;18;1;1;3;3;0;3;5;2;1;0;1;2;0;7;762;263;191;89;96;35;46;36;;;;;;;6;;;;;
E;06.06.2021;;;;GEM;15083490;Gemeinde Sülzetal;7415;5162;66;5096;1892;1259;440;460;197;346;140;12;87;32;2;23;59;1;31;68;3;2;3;17;16;6;79;5083;1902;1375;464;480;194;358;310;;;;;;;;;;;;
E;06.06.2021;;;;GEM;15083505;Gemeinde Ummendorf;773;494;2;492;198;87;52;44;36;35;7;2;6;0;1;2;7;0;6;6;0;0;0;0;1;2;2;492;194;97;51;59;31;36;17;;;;;;;7;;;;;
E;06.06.2021;;;;GEM;15083515;Gemeinde Völpke;1039;594;5;589;220;138;72;63;21;30;15;0;2;1;0;2;4;1;6;8;0;0;3;1;2;0;8;586;211;145;74;78;15;33;27;;;;;;;3;;;;;
E;06.06.2021;;;;GEM;15083531;Stadt Wanzleben-Börde;11657;7406;76;7330;2716;1641;708;566;231;597;391;28;98;25;3;32;70;3;62;85;3;3;3;31;21;13;96;7310;2334;1656;731;597;229;1138;625;;;;;;;;;;;;
E;06.06.2021;;;;GEM;15083535;Gemeinde Wefensleben;1402;813;7;806;293;151;122;89;27;45;38;6;7;0;0;3;6;0;6;6;0;0;1;4;0;2;8;805;280;165;131;110;31;42;42;;;;;;;4;;;;;
E;06.06.2021;;;;GEM;15083557;Gemeinde Westheide;1415;943;11;932;372;241;80;64;31;53;23;2;13;7;0;12;8;0;1;10;1;0;2;5;4;3;17;926;393;242;78;76;32;38;35;;;16;;;;15;;1;;;
E;06.06.2021;;;;GEM;15083565;Stadt Wolmirstedt;9532;5879;74;5805;2071;1256;721;516;260;387;145;14;77;63;1;45;65;5;29;79;2;2;12;22;24;9;72;5807;2264;1145;812;528;218;313;202;;;156;;;;99;;70;;;
E;06.06.2021;;;;GEM;15083580;Gemeinde Zielitz;1530;978;23;955;353;230;94;64;43;75;28;2;11;6;0;3;11;1;5;13;1;1;0;4;6;4;25;953;366;215;118;92;28;54;31;;;25;;;;16;;8;;;
E;06.06.2021;;;;GEM;15084012;Gemeinde An der Poststraße;1353;831;16;815;291;227;56;74;15;47;22;6;6;8;0;6;4;2;4;40;0;2;0;4;0;1;23;808;271;257;82;84;9;74;;;;31;;;;;;;;;
E;06.06.2021;;;;GEM;15084013;Gemeinde Meineweh;812;482;3;479;181;117;59;33;11;30;11;2;1;4;0;2;4;0;4;12;0;2;0;0;3;3;3;479;180;127;60;51;7;28;;;;;15;;;;;11;;;
E;06.06.2021;;;;GEM;15084015;Stadt Bad Bibra;2251;1316;20;1296;526;320;126;99;27;89;28;7;11;13;2;5;8;1;6;12;0;1;2;7;5;1;33;1283;435;368;161;117;19;137;;;;46;;;;;;;;;
E;06.06.2021;;;;GEM;15084025;Gemeinde Balgstädt;903;570;8;562;226;160;39;39;21;27;7;5;8;2;2;3;2;0;2;16;0;0;0;2;1;0;7;563;236;175;33;54;6;26;;;;;16;;;;;17;;;
E;06.06.2021;;;;GEM;15084115;Gemeinde Droyßig;1610;1004;11;993;366;244;114;62;43;73;31;0;10;0;1;4;7;2;3;19;2;2;1;1;3;5;12;992;238;230;192;59;46;81;126;;;;;;;;;5;10;5;
E;06.06.2021;;;;GEM;15084125;Stadt Eckartsberga;1894;1028;18;1010;394;289;84;68;31;57;21;3;10;10;1;4;8;2;6;9;0;0;0;5;4;4;17;1011;376;300;115;86;27;71;;;;36;;;;;;;;;
E;06.06.2021;;;;GEM;15084130;Gemeinde Elsteraue;6877;4190;33;4157;1605;1069;409;261;132;302;132;28;36;11;1;24;28;3;23;39;2;0;5;26;14;7;48;4142;1125;1109;514;253;138;469;420;;;;;;;;;42;44;28;
E;06.06.2021;;;;GEM;15084132;Gemeinde Finne;955;556;9;547;249;131;53;40;17;26;5;1;3;4;0;3;2;1;1;5;1;0;1;1;2;1;10;546;247;141;59;48;12;27;;;;12;;;;;;;;;
E;06.06.2021;;;;GEM;15084133;Gemeinde Finneland;882;581;4;577;255;116;55;42;17;52;7;1;1;4;0;2;4;0;3;14;0;0;1;2;1;0;11;570;229;128;74;45;12;63;;;;19;;;;;;;;;
E;06.06.2021;;;;GEM;15084135;Stadt Freyburg (Unstrut);3870;2203;30;2173;953;494;209;118;80;150;62;2;19;5;0;22;12;1;8;16;0;4;0;7;8;3;30;2173;953;500;231;152;44;139;;;;;42;;;;;112;;;
E;06.06.2021;;;;GEM;15084150;Gemeinde Gleina;996;665;18;647;305;144;58;48;18;24;20;2;8;3;0;2;3;2;4;0;0;0;0;4;2;0;18;647;285;135;53;49;20;24;;;;;8;;;;;73;;;
E;06.06.2021;;;;GEM;15084170;Gemeinde Goseck;853;572;2;570;239;134;68;22;24;41;16;0;4;1;0;6;4;1;0;7;0;1;0;2;0;0;3;569;234;143;56;30;27;50;;;;;19;;;;;10;;;
E;06.06.2021;;;;GEM;15084207;Gemeinde Gutenborn;1445;1004;9;995;390;249;84;57;36;76;42;1;9;2;1;5;8;1;10;17;0;1;0;1;4;1;16;988;277;246;96;55;43;86;143;;;;;;;;;1;34;7;
E;06.06.2021;;;;GEM;15084235;Stadt Hohenmölsen;8142;4429;43;4386;1648;1102;497;412;112;288;72;18;37;5;0;29;22;4;23;71;3;4;2;19;12;6;55;4374;1197;1138;584;828;111;334;134;;;;;;;;;7;29;12;
E;06.06.2021;;;;GEM;15084246;Gemeinde Kaiserpfalz;1311;768;8;760;313;188;75;56;33;38;9;3;2;9;0;4;4;2;5;7;0;2;0;3;6;1;11;757;288;201;99;66;31;53;;;;19;;;;;;;;;
E;06.06.2021;;;;GEM;15084250;Gemeinde Karsdorf;1233;720;8;712;297;169;96;44;24;38;13;1;5;3;0;4;3;0;5;10;0;0;0;0;0;0;7;713;311;192;91;53;15;28;;;;;13;;;;;10;;;
E;06.06.2021;;;;GEM;15084275;Gemeinde Kretzschau;2031;1230;10;1220;453;350;126;72;29;81;43;10;7;1;1;6;10;0;8;12;0;2;1;5;1;2;31;1199;292;362;188;68;19;90;154;;;;;;;;;1;16;9;
E;06.06.2021;;;;GEM;15084282;Gemeinde Lanitz-Hassel-Tal;874;564;6;558;230;140;44;50;15;35;8;2;9;6;1;1;7;0;3;3;1;1;0;2;0;0;8;556;224;149;54;54;14;45;;;;16;;;;;;;;;
E;06.06.2021;;;;GEM;15084285;Stadt Laucha an der Unstrut;2359;1420;18;1402;593;367;108;103;41;84;20;12;13;2;6;11;11;2;6;16;1;0;0;2;2;2;23;1397;571;397;105;123;41;74;;;;;32;;;;;54;;;
E;06.06.2021;;;;GEM;15084315;Stadt Lützen;7056;4099;39;4060;1525;1068;325;389;157;236;77;4;48;17;1;37;31;4;18;77;3;2;3;20;10;8;46;4053;1180;1042;274;950;113;227;142;;;;75;;;;;50;;;
E;06.06.2021;;;;GEM;15084335;Gemeinde Mertendorf;1346;814;8;806;299;211;71;53;29;67;12;1;12;0;0;11;5;1;8;15;0;3;1;4;1;2;8;806;299;228;68;55;20;66;;;;;29;;;;;41;;;
E;06.06.2021;;;;GEM;15084341;Gemeinde Molauer Land;878;502;7;495;178;129;47;50;12;34;5;1;6;0;0;8;4;0;2;15;1;0;0;1;2;0;6;496;180;136;50;44;11;33;;;;;14;;;;;28;;;
E;06.06.2021;;;;GEM;15084355;Stadt Naumburg (Saale);26632;15118;144;14974;6083;3210;1488;1032;878;978;219;39;179;42;6;203;81;18;71;274;6;24;20;53;48;22;148;14970;6500;3256;1338;1151;612;815;;;;;567;;;;;731;;;
E;06.06.2021;;;;GEM;15084360;Stadt Nebra (Unstrut);2571;1559;6;1553;588;435;175;115;31;96;23;7;19;9;1;9;7;2;9;11;0;0;2;10;3;1;6;1553;541;474;185;149;22;103;;;;;32;;;;;47;;;
E;06.06.2021;;;;GEM;15084375;Stadt Osterfeld;1993;1167;10;1157;475;281;125;84;20;61;24;4;14;2;1;11;6;1;8;28;0;0;1;4;5;2;11;1156;459;323;130;115;10;56;;;;;28;;;;;35;;;
E;06.06.2021;;;;GEM;15084442;Gemeinde Schnaudertal;758;535;8;527;167;197;42;26;5;38;12;1;7;1;2;7;5;0;3;12;0;0;0;1;0;1;8;527;152;185;56;32;8;37;41;;;;;;;;;0;11;5;
E;06.06.2021;;;;GEM;15084445;Gemeinde Schönburg;847;573;4;569;227;145;44;28;24;49;13;0;5;3;1;6;4;2;0;13;0;0;0;0;4;1;4;569;244;149;35;35;15;29;;;;;16;;;;;46;;;
E;06.06.2021;;;;GEM;15084470;Stadt Stößen;741;441;5;436;157;114;27;34;20;39;7;0;3;0;1;11;1;0;2;14;1;0;0;3;1;1;4;437;174;108;37;33;9;47;;;;;18;;;;;11;;;
E;06.06.2021;;;;GEM;15084490;Stadt Teuchern;6679;3728;43;3685;1269;1008;325;420;62;201;70;23;51;17;2;34;20;3;29;112;0;2;0;16;14;7;59;3669;809;1012;256;1106;45;162;114;;;;75;;;;;90;;;
E;06.06.2021;;;;GEM;15084550;Stadt Weißenfels;29908;16011;161;15850;6009;3875;1528;1478;551;940;396;50;202;35;6;186;103;7;82;222;3;9;12;66;61;29;177;15834;4528;3800;1286;3391;356;890;1043;;;;373;;;;;167;;;
E;06.06.2021;;;;GEM;15084560;Gemeinde Wethau;745;489;0;489;209;147;39;28;3;24;15;0;3;0;0;3;1;0;2;8;1;0;2;2;2;0;2;487;218;146;37;26;6;21;;;;;9;;;;;24;;;
E;06.06.2021;;;;GEM;15084565;Gemeinde Wetterzeube;1455;946;12;934;302;285;105;53;34;65;28;3;14;0;0;7;13;2;3;8;0;0;1;4;5;2;13;933;202;291;160;41;29;63;110;;;;;;;;;3;32;2;
E;06.06.2021;;;;GEM;15084590;Stadt Zeitz;22835;11457;131;11326;4154;3003;1225;733;381;655;462;66;114;39;3;98;91;7;68;121;5;6;11;50;25;9;145;11312;2909;3066;1646;722;435;684;1590;;;;;;;;;17;127;116;
E;06.06.2021;;;;GEM;15085040;Stadt Ballenstedt;7540;4459;66;4393;1724;854;471;429;198;296;132;15;64;13;0;35;28;1;33;59;1;1;7;15;12;5;65;4394;1562;891;541;517;224;359;300;;;;;;;;;;;;
E;06.06.2021;;;;GEM;15085055;Stadt Blankenburg (Harz);16819;9847;119;9728;3681;2063;1023;970;410;567;315;17;130;36;6;82;57;8;71;184;5;9;14;40;25;15;156;9691;3319;2335;1160;1139;445;626;667;;;;;;;;;;;;
E;06.06.2021;;;;GEM;15085090;Gemeinde Ditfurt;1298;767;11;756;269;166;75;44;35;85;23;2;13;1;2;5;10;1;18;2;0;0;0;3;2;0;12;755;242;178;91;51;45;101;47;;;;;;;;;;;;
E;06.06.2021;;;;GEM;15085110;Stadt Falkenstein/Harz;4508;2812;28;2784;1044;630;343;198;120;138;187;5;28;12;1;9;8;4;12;32;0;0;1;4;7;1;32;2780;913;608;346;217;104;119;460;;;;;;13;;;;;;
E;06.06.2021;;;;GEM;15085125;Gemeinde Groß Quenstedt;761;441;10;431;178;86;44;35;5;40;22;1;2;0;0;3;2;0;3;6;0;1;1;2;0;0;6;435;155;94;74;30;5;38;28;;;;;;;8;;3;;;
E;06.06.2021;;;;GEM;15085135;Stadt Halberstadt;32180;17739;207;17532;6478;3509;2400;1478;895;1099;501;31;218;52;3;86;121;2;88;362;12;18;14;66;69;30;227;17512;4782;3592;4245;1550;642;1306;890;;;;;;;348;;157;;;
E;06.06.2021;;;;GEM;15085140;Gemeinde Harsleben;1817;1099;10;1089;409;236;116;98;46;79;33;0;12;3;0;7;10;0;11;22;0;2;0;1;2;2;14;1085;344;266;141;139;51;75;69;;;;;;;;;;;;
E;06.06.2021;;;;GEM;15085145;Stadt Harzgerode;6548;3951;46;3905;1721;777;420;359;133;194;107;12;35;8;0;12;12;6;17;60;2;4;3;9;11;3;55;3896;1557;821;453;516;95;217;172;;;;;;;65;;;;;
E;06.06.2021;;;;GEM;15085160;Gemeinde Hedersleben;1133;633;9;624;231;186;58;49;18;41;9;2;9;1;0;2;1;1;5;4;0;0;1;5;1;0;10;623;182;183;111;51;11;62;23;;;;;;;;;;;;
E;06.06.2021;;;;GEM;15085185;Gemeinde Huy;5992;3599;56;3543;1458;781;379;282;130;197;67;8;61;15;3;16;38;1;17;59;2;4;1;11;9;4;59;3540;1624;756;495;232;80;171;87;;;;;;;57;;38;;;
E;06.06.2021;;;;GEM;15085190;Stadt Ilsenburg (Harz);8031;5155;51;5104;2002;708;459;853;282;308;143;7;65;19;1;40;28;5;28;108;7;3;5;15;15;3;54;5101;1449;726;425;1649;284;318;250;;;;;;;;;;;;
E;06.06.2021;;;;GEM;15085227;Gemeinde Nordharz;6416;4151;35;4116;1657;758;367;537;167;275;119;10;49;23;1;13;20;3;17;67;2;1;4;9;13;4;42;4109;1445;771;375;859;171;281;207;;;;;;;;;;;;
E;06.06.2021;;;;GEM;15085228;Stadt Oberharz am Brocken;8909;5455;73;5382;2075;1181;493;600;192;307;185;20;64;22;2;23;37;7;41;89;0;2;1;22;15;4;80;5375;1788;1230;508;987;135;344;307;;;;;;;76;;;;;
E;06.06.2021;;;;GEM;15085230;Stadt Osterwieck;9432;5662;60;5602;2201;1080;579;589;294;329;162;9;80;23;1;24;40;6;48;80;4;3;5;21;17;7;77;5585;2016;1104;732;752;329;334;318;;;;;;;;;;;;
E;06.06.2021;;;;GEM;15085235;Gemeinde Welterbestadt Quedlinburg;20335;11230;144;11086;3997;1909;1266;1113;897;808;335;22;152;37;0;84;82;3;57;209;4;11;11;36;41;12;169;11061;3428;1969;1408;1342;1055;1125;734;;;;;;;;;;;;
E;06.06.2021;;;;GEM;15085285;Stadt Schwanebeck;2004;1104;18;1086;354;349;127;76;31;48;33;3;14;1;0;6;5;0;6;26;0;0;0;1;2;4;19;1085;290;364;216;76;23;54;35;;;;;;;22;;5;;;
E;06.06.2021;;;;GEM;15085287;Gemeinde Selke-Aue;1178;733;6;727;280;169;85;57;26;59;23;4;4;1;0;4;6;0;3;1;0;0;0;2;1;2;8;725;259;169;116;65;26;54;36;;;;;;;;;;;;
E;06.06.2021;;;;GEM;15085330;Stadt Thale;14833;8467;94;8373;3394;1792;815;608;326;520;400;15;106;21;4;43;57;8;45;139;1;9;7;29;26;8;109;8358;3005;1975;897;708;380;593;800;;;;;;;;;;;;
E;06.06.2021;;;;GEM;15085365;Stadt Wegeleben;2127;1127;29;1098;400;227;146;91;46;72;43;2;15;4;0;6;8;0;8;17;0;1;2;5;3;2;24;1103;379;242;183;107;51;74;67;;;;;;;;;;;;
E;06.06.2021;;;;GEM;15085370;Stadt Wernigerode;27236;16669;208;16461;6243;2607;1654;2260;1141;1063;389;46;235;55;3;106;102;8;106;306;14;6;23;34;37;23;221;16448;4473;2679;1793;4763;737;1051;645;;;;;;;307;;;;;
E;06.06.2021;;;;GEM;15086005;Gemeinde Biederitz;7076;4928;59;4869;1902;760;527;474;338;383;127;6;95;29;2;29;39;1;26;71;5;6;7;16;15;11;83;4845;1703;787;545;752;301;429;;;199;;;;;129;;;;;
E;06.06.2021;;;;GEM;15086015;Stadt Burg;18584;10501;204;10297;4008;2383;1088;927;397;519;204;24;240;49;3;71;80;11;68;107;1;6;9;48;40;14;227;10274;4065;2302;1186;1189;378;586;;;408;;;;;160;;;;;
E;06.06.2021;;;;GEM;15086035;Gemeinde Elbe-Parey;5492;3391;79;3312;1331;766;343;313;90;151;114;19;41;8;4;17;17;3;18;52;0;2;0;9;12;2;95;3296;1084;836;382;437;111;158;212;;;;;;;52;;24;;;
E;06.06.2021;;;;GEM;15086040;Stadt Genthin;11553;6369;118;6251;2390;1362;657;670;256;306;208;13;95;26;3;24;46;5;47;79;1;3;10;20;18;12;154;6215;1853;1425;639;1113;310;318;357;;;;;;;65;;135;;;
E;06.06.2021;;;;GEM;15086055;Stadt Gommern;8784;5798;81;5717;2267;1115;584;538;249;373;182;12;89;18;4;30;46;2;33;56;2;2;8;25;13;69;101;5697;2141;1240;702;539;293;403;379;;;;;;;;;;;;
E;06.06.2021;;;;GEM;15086080;Stadt Jerichow;5784;3603;72;3531;1404;891;334;306;130;162;127;11;39;7;1;16;14;1;16;34;3;2;3;13;9;8;86;3517;1172;967;370;436;130;167;230;;;;;;;23;;22;;;
E;06.06.2021;;;;GEM;15086140;Stadt Möckern;10631;6887;140;6747;2707;1472;683;596;260;395;176;24;114;31;3;31;59;3;26;103;0;5;6;11;25;17;154;6733;2647;1491;713;700;312;492;;;217;;;;;161;;;;;
E;06.06.2021;;;;GEM;15086145;Gemeinde Möser;6867;4962;70;4892;2053;849;507;428;261;360;92;5;117;20;1;28;27;4;25;63;3;5;1;14;9;20;47;4915;1880;934;518;668;228;363;;;232;;;;;92;;;;;
E;06.06.2021;;;;GEM;15087010;Gemeinde Ahlsdorf;1337;817;8;809;280;228;82;65;23;62;16;2;8;1;0;6;1;11;7;11;0;0;0;2;3;1;11;806;238;245;109;71;25;81;;;;;;;37;;;;;;
E;06.06.2021;;;;GEM;15087015;Stadt Allstedt;6471;3964;79;3885;1410;1028;424;299;103;266;71;16;37;34;2;22;30;20;18;54;1;5;5;19;15;6;95;3869;1222;1136;522;385;80;379;;;;145;;;;;;;;;
E;06.06.2021;;;;GEM;15087031;Stadt Arnstein;5555;3520;70;3450;1265;901;344;322;80;187;107;10;39;7;2;8;22;69;23;44;0;1;1;11;2;5;83;3437;1123;917;382;295;82;189;285;;;;;;164;;;;;;
E;06.06.2021;;;;GEM;15087045;Gemeinde Benndorf;1700;939;26;913;357;217;108;98;13;36;14;1;8;2;0;8;12;8;11;12;0;0;2;3;3;0;27;912;307;238;153;110;16;54;;;;;;;34;;;;;;
E;06.06.2021;;;;GEM;15087055;Gemeinde Berga;1365;838;12;826;323;205;87;82;14;45;15;5;8;1;0;2;7;3;7;12;1;0;2;2;4;1;16;822;243;227;200;65;14;55;;;;;;;18;;;;;;
E;06.06.2021;;;;GEM;15087070;Gemeinde Blankenheim;998;653;7;646;228;170;67;44;14;43;13;2;8;1;0;4;5;28;5;6;0;1;1;1;5;0;9;644;180;177;77;54;16;42;;;;;;;98;;;;;;
E;06.06.2021;;;;GEM;15087075;Gemeinde Bornstedt;688;455;13;442;145;149;36;35;14;13;8;5;6;1;0;5;3;7;4;7;0;0;0;2;2;0;14;441;135;155;46;42;12;28;;;;;;;23;;;;;;
E;06.06.2021;;;;GEM;15087101;Gemeinde Brücken-Hackpfüffel;835;617;16;601;244;152;45;49;11;35;10;2;14;3;0;1;4;8;6;12;0;0;1;2;1;1;15;602;203;177;75;56;14;58;;;;;;;19;;;;;;
E;06.06.2021;;;;GEM;15087125;Gemeinde Edersleben;819;548;7;541;219;157;48;26;18;23;4;3;7;7;0;1;4;8;3;11;0;0;0;1;0;1;7;541;201;179;55;31;20;37;;;;;;;18;;;;;;
E;06.06.2021;;;;GEM;15087130;Lutherstadt Eisleben;18815;10022;199;9823;3690;2513;1138;690;282;670;102;17;145;39;5;89;55;122;78;107;1;4;4;35;27;10;219;9803;3551;2642;1514;686;324;737;;;;;;;349;;;;;;
E;06.06.2021;;;;GEM;15087165;Stadt Gerbstedt;5939;3315;48;3267;1224;959;322;217;109;177;33;20;36;10;1;25;15;20;27;44;5;0;4;6;10;3;66;3249;1048;1042;490;271;92;220;;;;;;;86;;;;;;
E;06.06.2021;;;;GEM;15087205;Gemeinde Helbra;3283;1882;20;1862;658;524;203;187;36;95;22;2;27;4;0;14;12;27;11;23;0;0;4;6;6;1;29;1853;550;560;298;215;37;125;;;;;;;68;;;;;;
E;06.06.2021;;;;GEM;15087210;Gemeinde Hergisdorf;1353;807;13;794;274;226;86;67;17;58;12;6;10;2;0;4;8;10;3;8;0;0;0;2;1;0;15;792;241;241;135;81;14;61;;;;;;;19;;;;;;
E;06.06.2021;;;;GEM;15087220;Stadt Hettstedt;11470;6175;125;6050;2135;1599;865;542;110;292;72;23;73;24;1;36;23;101;45;56;4;3;8;22;11;5;131;6044;1646;1774;1290;656;112;375;;;;;;;191;;;;;;
E;06.06.2021;;;;GEM;15087250;Stadt Kelbra (Kyffhäuser);2841;1700;35;1665;693;357;198;130;56;89;26;10;15;6;0;5;9;17;19;15;1;0;0;7;7;5;46;1654;605;397;296;133;55;113;;;;;;;55;;;;;;
E;06.06.2021;;;;GEM;15087260;Gemeinde Klostermansfeld;1967;1155;45;1110;449;262;102;89;28;77;15;2;14;7;0;5;6;18;9;18;1;3;0;4;0;1;43;1112;403;288;155;99;33;93;;;;;;;41;;;;;;
E;06.06.2021;;;;GEM;15087275;Stadt Mansfeld;7375;4586;98;4488;1671;1082;495;378;103;292;90;15;42;9;1;41;24;133;21;60;0;2;1;15;10;3;128;4458;1574;1196;611;367;118;345;;;;;;;247;;;;;;
E;06.06.2021;;;;GEM;15087370;Stadt Sangerhausen;21884;12929;227;12702;4930;3135;1424;986;384;722;179;25;146;35;7;108;89;146;75;172;9;5;7;66;38;14;267;12662;4436;3383;1736;1150;402;1009;;;;;;;546;;;;;;
E;06.06.2021;;;;GEM;15087386;Gemeinde Seegebiet Mansfelder Land;7636;4760;120;4640;1682;1288;473;299;130;311;90;19;61;18;2;33;18;78;33;54;1;1;2;23;19;5;121;4639;1451;1326;552;295;141;341;166;;;;;;367;;;;;;
E;06.06.2021;;;;GEM;15087412;Gemeinde Südharz;7784;4854;83;4771;1807;1186;531;369;183;325;58;16;55;13;1;20;27;31;29;74;2;1;3;22;9;9;95;4759;1644;1297;660;405;189;429;;;;;;;135;;;;;;
E;06.06.2021;;;;GEM;15087440;Gemeinde Wallhausen;2090;1309;19;1290;529;326;103;95;44;83;16;4;17;0;1;7;9;16;10;16;0;0;0;3;8;3;19;1290;481;363;149;116;42;87;;;;;;;52;;;;;;
E;06.06.2021;;;;GEM;15087470;Gemeinde Wimmelburg;981;585;9;576;217;130;56;64;13;31;11;3;7;0;0;7;3;9;9;10;0;1;0;2;2;1;13;572;170;147;98;70;12;50;;;;;;;25;;;;;;
E;06.06.2021;;;;GEM;15088020;Solestadt Bad Dürrenberg;9466;5498;85;5413;2062;1334;507;402;197;377;128;24;76;28;3;34;30;4;37;108;2;3;8;21;20;8;87;5411;1810;1424;556;445;207;701;268;;;;;;;;;;;;
E;06.06.2021;;;;GEM;15088025;Goethestadt Bad Lauchstädt;7308;4809;88;4721;1866;1236;386;306;187;308;107;12;57;55;3;21;24;8;26;70;1;1;8;17;16;6;105;4704;1764;1337;513;369;145;370;;;;206;;;;;;;;;
E;06.06.2021;;;;GEM;15088030;Gemeinde Barnstädt;830;554;5;549;259;114;58;42;10;33;4;3;4;3;0;4;2;2;1;7;0;0;0;1;2;0;4;550;224;130;96;40;5;41;;;;14;;;;;;;;;
E;06.06.2021;;;;GEM;15088065;Stadt Braunsbedra;8860;5316;96;5220;2061;1310;497;392;146;315;97;19;67;16;2;30;45;9;39;107;4;6;10;19;21;8;124;5192;2486;1464;622;465;155;;;;;;;;;;;;;;
E;06.06.2021;;;;GEM;15088100;Gemeinde Farnstädt;1244;788;2;786;297;223;85;46;12;51;13;4;6;13;1;6;6;1;4;12;0;0;0;5;1;0;3;785;276;244;136;40;7;52;;;;30;;;;;;;;;
E;06.06.2021;;;;GEM;15088150;Gemeinde Kabelsketal;7262;4529;64;4465;1673;954;427;339;231;349;153;17;77;15;3;35;32;3;36;73;2;4;1;19;11;11;61;4468;1563;1095;443;370;232;363;402;;;;;;;;;;;;
E;06.06.2021;;;;GEM;15088195;Stadt Landsberg;12484;8260;124;8136;3108;1726;768;559;388;654;346;30;108;35;4;42;57;8;64;138;3;6;11;36;29;16;150;8110;2733;1839;745;798;402;681;912;;;;;;;;;;;;
E;06.06.2021;;;;GEM;15088205;Stadt Leuna;11515;7495;109;7386;2780;1813;700;560;282;526;184;26;94;23;6;45;46;7;38;142;4;5;7;42;34;22;136;7359;2661;2053;863;740;321;398;323;;;;;;;;;;;;
E;06.06.2021;;;;GEM;15088216;Stadt Wettin-Löbejün;8195;5280;57;5223;1965;1241;475;414;252;415;136;19;63;17;3;24;25;6;34;72;4;3;5;26;15;9;62;5218;1725;1305;473;526;326;597;233;;;;;;33;;;;;;
E;06.06.2021;;;;GEM;15088220;Stadt Merseburg;26023;14720;213;14507;5232;3540;1506;1166;689;970;216;48;218;49;3;122;79;17;114;342;9;9;25;73;69;11;359;14361;5673;4175;2103;1613;797;;;;;;;;;;;;;;
E;06.06.2021;;;;GEM;15088235;Stadt Mücheln (Geiseltal);7121;4587;70;4517;1751;1185;423;322;126;290;107;8;46;51;3;21;27;9;31;74;2;2;5;13;14;7;92;4495;1593;1299;522;501;93;324;;;;163;;;;;;;;;
E;06.06.2021;;;;GEM;15088250;Gemeinde Nemsdorf-Göhrendorf;683;463;4;459;172;102;58;35;9;37;11;3;2;9;0;1;2;0;2;12;0;0;0;1;1;2;3;460;149;113;94;37;4;43;;;;20;;;;;;;;;
E;06.06.2021;;;;GEM;15088265;Gemeinde Obhausen;1889;1208;9;1199;483;308;144;71;24;68;13;4;12;15;0;9;11;0;6;21;0;1;1;5;2;1;11;1197;442;337;208;77;14;75;;;;44;;;;;;;;;
E;06.06.2021;;;;GEM;15088295;Gemeinde Petersberg;8093;5515;87;5428;2228;1159;450;412;263;433;161;10;60;14;2;28;26;10;38;84;3;2;7;18;15;5;95;5420;1969;1224;450;622;288;529;289;;;;;;49;;;;;;
E;06.06.2021;;;;GEM;15088305;Stadt Querfurt;9009;5495;101;5394;1964;1371;678;326;152;359;92;14;75;65;0;22;36;7;36;128;1;6;3;30;22;7;107;5388;1664;1533;1111;352;99;416;;;;213;;;;;;;;;
E;06.06.2021;;;;GEM;15088319;Gemeinde Salzatal;9954;6724;90;6634;2624;1463;614;504;309;544;172;11;65;17;2;37;28;21;31;115;4;3;8;28;21;13;110;6614;2561;1483;651;564;322;609;356;;;;;;68;;;;;;
E;06.06.2021;;;;GEM;15088330;Gemeinde Schkopau;9213;6101;86;6015;2288;1385;545;421;295;463;176;12;82;28;2;30;25;5;40;131;3;6;10;37;21;10;97;6004;2162;1491;600;505;319;520;407;;;;;;;;;;;;
E;06.06.2021;;;;GEM;15088340;Stadt Schraplau;925;512;2;510;183;144;46;34;10;32;10;2;9;9;0;7;4;3;1;7;0;0;1;4;2;2;7;505;156;159;79;44;8;36;;;;23;;;;;;;;;
E;06.06.2021;;;;GEM;15088355;Gemeinde Steigra;947;594;4;590;255;150;31;41;29;40;10;0;4;6;0;6;6;0;1;7;0;1;0;2;1;0;4;590;225;165;68;54;21;44;;;;13;;;;;;;;;
E;06.06.2021;;;;GEM;15088365;Gemeinde Teutschenthal;11323;7516;99;7417;2806;1779;720;538;289;579;216;23;102;21;2;40;48;25;52;110;1;10;6;26;22;2;124;7392;2646;1857;774;610;315;676;415;;;;;;99;;;;;;
E;06.06.2021;;;;GEM;15089005;Stadt Alsleben (Saale);2109;1134;12;1122;483;268;120;59;22;82;29;1;10;7;0;4;7;1;12;10;0;1;0;2;3;1;9;1125;482;280;134;62;29;86;52;;;;;;;;;;;;
E;06.06.2021;;;;GEM;15089015;Stadt Aschersleben;22161;11799;138;11661;4336;2470;1477;957;483;775;457;35;160;52;4;53;71;16;63;137;4;11;14;47;24;15;177;11622;3822;2530;1740;1153;584;742;998;;;;;;53;;;;;;
E;06.06.2021;;;;GEM;15089026;Stadt Barby;6910;4058;63;3995;1669;815;384;328;149;253;147;9;62;12;0;22;41;2;29;43;0;2;5;8;11;4;67;3991;1511;853;464;463;129;287;250;;;;;;;34;;;;;
E;06.06.2021;;;;GEM;15089030;Stadt Bernburg (Saale);26635;14743;163;14580;5465;3234;1756;1059;698;1118;341;34;238;48;1;56;109;8;89;164;7;7;16;55;53;24;200;14543;5220;3401;2140;1150;712;1290;630;;;;;;;;;;;;
E;06.06.2021;;;;GEM;15089041;Gemeinde Bördeaue;1501;877;14;863;321;243;77;63;21;63;15;2;13;5;0;6;9;0;10;6;0;0;3;3;0;3;20;857;365;236;82;67;16;66;25;;;;;;;;;;;;
E;06.06.2021;;;;GEM;15089042;Gemeinde Bördeland;6300;3821;42;3779;1531;948;341;294;95;239;96;4;53;15;3;17;38;2;34;48;0;0;3;9;5;4;49;3772;1389;960;430;391;75;282;183;;;;;;;62;;;;;
E;06.06.2021;;;;GEM;15089043;Gemeinde Börde-Hakel;2517;1429;18;1411;523;397;133;116;30;97;20;3;28;5;0;7;18;1;6;10;0;2;0;5;6;4;20;1409;577;394;125;118;21;119;55;;;;;;;;;;;;
E;06.06.2021;;;;GEM;15089045;Gemeinde Borne;1011;654;10;644;261;142;77;39;26;46;15;3;4;3;0;2;6;0;1;13;0;0;2;2;1;1;10;644;353;121;67;37;10;38;18;;;;;;;;;;;;
E;06.06.2021;;;;GEM;15089055;Stadt Calbe (Saale);7227;4012;106;3906;1678;875;399;326;115;182;100;8;58;19;3;8;41;0;23;37;2;3;1;12;9;7;102;3910;1446;895;488;469;104;202;263;;;;;;;43;;;;;
E;06.06.2021;;;;GEM;15089075;Stadt Egeln;2727;1523;15;1508;649;383;128;106;41;85;22;4;33;3;0;11;9;1;8;14;0;1;1;4;3;2;13;1510;587;392;164;128;18;146;75;;;;;;;;;;;;
E;06.06.2021;;;;GEM;15089130;Gemeinde Giersleben;802;485;8;477;175;119;62;31;17;29;15;1;5;3;0;2;3;0;1;6;0;1;1;1;2;3;10;475;161;131;57;31;22;38;35;;;;;;;;;;;;
E;06.06.2021;;;;GEM;15089165;Stadt Güsten;3373;1822;32;1790;621;485;239;117;44;123;43;5;28;9;1;5;19;3;17;14;0;0;1;9;4;3;41;1781;576;520;265;128;53;155;84;;;;;;;;;;;;
E;06.06.2021;;;;GEM;15089175;Stadt Hecklingen;5760;2966;43;2923;1001;948;279;191;77;194;85;3;37;6;0;13;18;1;19;26;1;5;4;5;5;5;44;2922;864;993;347;231;57;271;159;;;;;;;;;;;;
E;06.06.2021;;;;GEM;15089185;Gemeinde Ilberstedt;882;535;11;524;188;142;63;28;13;39;11;0;8;2;0;2;10;1;6;7;0;1;0;2;0;1;14;521;173;150;71;40;21;39;27;;;;;;;;;;;;
E;06.06.2021;;;;GEM;15089195;Stadt Könnern;6776;3772;44;3728;1433;960;404;271;73;231;151;11;32;14;1;21;26;3;25;32;0;3;4;19;6;8;45;3727;1321;1027;434;279;92;255;319;;;;;;;;;;;;
E;06.06.2021;;;;GEM;15089235;Stadt Nienburg (Saale);5186;3409;62;3347;1381;765;299;300;69;267;61;8;43;11;0;10;23;2;25;40;1;3;4;16;9;10;78;3331;961;764;285;590;90;535;106;;;;;;;;;;;;
E;06.06.2021;;;;GEM;15089245;Gemeinde Plötzkau;1054;623;7;616;187;191;78;31;16;42;28;3;4;2;0;7;5;0;4;8;0;0;1;2;1;6;9;614;177;203;91;33;19;49;42;;;;;;;;;;;;
E;06.06.2021;;;;GEM;15089305;Stadt Schönebeck (Elbe);25195;13323;162;13161;5079;2819;1497;1297;512;777;248;26;220;81;8;72;130;2;77;210;7;5;10;32;28;24;170;13153;4230;2900;1812;1911;471;1160;469;;;;;;;200;;;;;
E;06.06.2021;;;;GEM;15089307;Stadt Seeland;6630;3791;69;3722;1503;800;371;309;113;247;141;8;50;12;0;23;33;4;26;42;0;1;2;22;11;4;60;3731;1437;843;428;343;120;245;290;;;;;;25;;;;;;
E;06.06.2021;;;;GEM;15089310;Stadt Staßfurt;21217;10968;133;10835;3799;2974;1245;720;273;926;247;30;146;42;4;49;115;7;76;84;11;7;6;38;21;15;159;10809;3132;3081;1464;917;177;1506;532;;;;;;;;;;;;
E;06.06.2021;;;;GEM;15089365;Gemeinde Wolmirsleben;1118;713;12;701;266;195;68;56;17;46;17;0;8;1;0;3;6;0;2;9;2;0;4;1;0;0;14;699;285;188;59;58;7;69;33;;;;;;;;;;;;
E;06.06.2021;;;;GEM;15090003;Gemeinde Aland;1125;694;7;687;215;136;52;31;33;27;161;4;6;0;0;5;0;0;1;10;0;3;0;1;1;1;7;687;170;138;55;38;35;29;218;;;;;;;4;;;;;
E;06.06.2021;;;;GEM;15090007;Gemeinde Altmärkische Höhe;1551;980;12;968;377;189;57;71;51;54;127;1;5;2;0;4;7;1;3;15;0;1;0;1;1;1;12;968;282;193;63;60;34;53;269;;;;;;;14;;;;;
E;06.06.2021;;;;GEM;15090008;Gemeinde Altmärkische Wische;700;432;7;425;132;78;33;35;13;26;85;1;7;0;1;5;1;0;1;4;0;0;0;1;2;0;7;425;116;76;30;30;8;24;138;;;;;;;3;;;;;
E;06.06.2021;;;;GEM;15090010;Stadt Arneburg;1277;771;15;756;253;180;76;64;31;48;69;3;8;0;0;2;5;1;4;7;0;0;0;3;2;0;16;755;227;181;81;67;18;47;128;;;;;;;6;;;;;
E;06.06.2021;;;;GEM;15090070;Stadt Bismark (Altmark);6777;4374;69;4305;1465;913;383;410;164;314;409;8;49;5;4;22;20;2;20;72;3;2;2;7;20;11;65;4309;1278;923;397;493;144;466;545;;;;;;;63;;;;;
E;06.06.2021;;;;GEM;15090135;Gemeinde Eichstedt (Altmark);723;501;4;497;173;125;56;21;18;24;52;3;5;2;0;4;1;0;4;6;0;0;0;0;2;1;5;496;146;128;53;25;19;33;86;;;;;;;6;;;;;
E;06.06.2021;;;;GEM;15090180;Gemeinde Goldbeck;1166;714;8;706;209;140;65;71;31;34;128;0;4;2;0;3;1;0;5;8;0;0;1;2;1;1;10;704;170;127;59;66;28;40;207;;;;;;;7;;;;;
E;06.06.2021;;;;GEM;15090220;Gemeinde Hassel;771;560;10;550;204;110;51;36;23;23;65;0;6;1;3;3;1;0;3;17;0;0;1;1;2;0;9;551;193;100;59;42;20;21;101;;;;;;;15;;;;;
E;06.06.2021;;;;GEM;15090225;Hansestadt Havelberg;5454;3040;46;2994;1029;579;453;227;147;156;266;4;35;5;0;12;9;1;19;25;0;5;4;7;8;3;46;2994;978;598;557;216;114;105;401;;;;;;;25;;;;;
E;06.06.2021;;;;GEM;15090245;Gemeinde Hohenberg-Krusemark;1037;656;10;646;172;188;55;51;28;25;86;2;6;1;2;3;4;0;5;14;0;0;0;0;4;0;9;647;137;182;58;50;21;26;162;;;;;;;11;;;;;
E;06.06.2021;;;;GEM;15090270;Gemeinde Iden;670;394;5;389;120;81;45;25;15;21;53;0;3;1;0;4;5;1;3;8;0;0;0;2;0;2;4;390;87;93;58;20;10;17;99;;;;;;;6;;;;;
E;06.06.2021;;;;GEM;15090285;Gemeinde Kamern;1047;623;14;609;246;109;77;45;26;22;51;5;2;0;0;2;2;0;6;12;2;0;0;1;1;0;13;610;230;104;83;42;29;22;88;;;;;;;12;;;;;
E;06.06.2021;;;;GEM;15090310;Gemeinde Klietz;1226;817;11;806;249;181;111;76;25;47;82;4;8;2;0;1;5;0;4;6;0;0;0;4;0;1;11;806;250;180;128;67;20;32;126;;;;;;;3;;;;;
E;06.06.2021;;;;GEM;15090415;Hansestadt Osterburg (Altmark);8345;5062;75;4987;1435;934;561;320;172;251;1074;4;38;3;0;19;35;0;15;92;3;1;1;13;8;8;77;4985;841;960;541;277;149;266;1874;;;;;;;77;;;;;
E;06.06.2021;;;;GEM;15090435;Gemeinde Rochau;846;575;6;569;206;116;62;44;11;44;66;0;4;0;0;2;4;1;1;5;0;0;0;0;3;0;7;568;171;115;61;32;13;39;136;;;;;;;1;;;;;
E;06.06.2021;;;;GEM;15090445;Stadt Sandau (Elbe);706;478;7;471;199;109;45;25;10;11;47;0;2;2;0;2;1;2;1;7;0;1;0;3;4;0;5;473;224;89;56;15;9;7;67;;;;;;;6;;;;;
E;06.06.2021;;;;GEM;15090485;Gemeinde Schollene;973;551;7;544;183;112;56;56;32;30;48;0;5;3;0;3;2;0;2;9;0;0;0;2;0;1;8;543;172;102;57;60;29;23;92;;;;;;;8;;;;;
E;06.06.2021;;;;GEM;15090500;Gemeinde Schönhausen (Elbe);1811;1222;17;1205;468;338;102;78;34;42;101;1;7;2;0;4;9;2;3;2;0;0;0;6;5;1;18;1204;455;340;107;80;24;30;164;;;;;;;4;;;;;
E;06.06.2021;;;;GEM;15090520;Hansestadt Seehausen (Altmark);4109;2341;35;2306;714;503;213;166;108;114;423;1;16;2;0;14;8;2;3;7;0;0;2;5;4;1;32;2309;516;507;233;158;80;98;709;;;;;;;8;;;;;
E;06.06.2021;;;;GEM;15090535;Hansestadt Stendal;31042;17597;233;17364;5859;3822;1825;1535;945;903;1362;27;246;47;9;101;113;12;90;262;13;12;21;50;83;27;247;17350;5150;3909;1962;2071;864;1069;2068;;;;;;;257;;;;;
E;06.06.2021;;;;GEM;15090546;Stadt Tangerhütte;8905;5765;120;5645;2177;1435;513;366;149;296;369;19;69;23;0;26;36;7;38;58;5;5;2;18;21;13;124;5641;1653;1564;582;350;116;256;1037;;;;;;;56;;27;;;
E;06.06.2021;;;;GEM;15090550;Stadt Tangermünde;8731;5215;56;5159;1908;1381;441;365;222;254;301;4;57;15;1;28;31;1;24;81;5;3;2;18;10;7;53;5162;1686;1555;487;421;173;250;493;;;;;;;78;;19;;;
E;06.06.2021;;;;GEM;15090610;Hansestadt Werben (Elbe);890;550;16;534;149;130;43;49;33;17;91;1;0;2;0;0;3;1;5;9;0;0;0;1;0;0;19;531;99;132;49;57;28;19;140;;;;;;;7;;;;;
E;06.06.2021;;;;GEM;15090631;Gemeinde Wust-Fischbeck;1034;705;10;695;239;169;56;48;43;38;61;1;7;5;0;5;5;0;6;9;0;0;0;2;1;0;8;697;220;176;65;56;31;32;111;;;;;;;6;;;;;
E;06.06.2021;;;;GEM;15090635;Gemeinde Zehrental;726;442;5;437;150;74;29;39;25;20;83;2;3;0;0;1;1;0;1;8;0;0;0;0;1;0;3;439;121;72;30;35;18;18;136;;;;;;;9;;;;;
E;06.06.2021;;;;GEM;15091010;Stadt Annaburg;5457;3456;70;3386;1417;868;277;175;93;158;178;11;45;10;1;12;32;6;16;47;0;3;4;17;12;4;117;3339;1158;1012;370;282;124;;393;;;;;;;;;;;;
E;06.06.2021;;;;GEM;15091020;Stadt Bad Schmiedeberg;7031;4520;86;4434;1967;916;335;329;145;238;306;15;38;10;3;18;20;4;12;43;1;6;2;12;10;4;117;4403;1613;1007;428;548;155;;652;;;;;;;;;;;;
E;06.06.2021;;;;GEM;15091060;Stadt Coswig (Anhalt);9800;6252;110;6142;2439;1422;586;472;259;351;233;20;75;15;3;30;44;6;31;86;0;4;7;27;20;12;150;6102;2091;1505;636;815;207;333;515;;;;;;;;;;;;
E;06.06.2021;;;;GEM;15091110;Stadt Gräfenhainichen;9654;5997;130;5867;2428;1469;614;311;178;302;189;27;68;12;4;32;35;3;34;106;0;5;3;10;28;9;203;5794;2245;1655;805;402;210;;477;;;;;;;;;;;;
E;06.06.2021;;;;GEM;15091145;Stadt Jessen (Elster);11546;7181;134;7047;3081;1540;680;496;217;363;272;24;94;16;5;32;43;11;32;73;1;3;1;28;22;13;200;6981;2734;1760;861;712;298;;616;;;;;;;;;;;;
E;06.06.2021;;;;GEM;15091160;Stadt Kemberg;8348;5632;101;5531;2667;1078;450;357;193;308;173;25;47;13;4;30;25;8;26;81;0;2;5;11;19;9;134;5498;2448;1256;579;512;210;;493;;;;;;;;;;;;
E;06.06.2021;;;;GEM;15091241;Stadt Oranienbaum-Wörlitz;6749;4534;110;4424;1719;1085;366;290;183;268;224;21;40;22;2;30;34;0;29;62;1;4;2;23;11;8;103;4431;1696;1118;333;366;109;260;549;;;;;;;;;;;;
E;06.06.2021;;;;GEM;15091375;Lutherstadt Wittenberg;38095;22413;411;22002;9337;4093;2067;1771;1141;1136;1110;77;273;61;11;151;92;11;125;297;7;19;17;71;97;38;422;21991;11681;4067;1878;1607;707;;1876;;;;;;;;;175;;;
E;06.06.2021;;;;GEM;15091391;Stadt Zahna-Elster;7789;5192;101;5091;2329;867;468;325;190;270;356;20;61;13;4;20;33;2;21;60;1;2;7;16;18;8;97;5095;2919;875;395;315;102;;456;;;;;;;;;33;;;
