state,party,name,norm_name,match_how,aw_name,aw_party,aw_politician_id,aw_url,mandate_won,seat_label,chamber,source
BE,afd,Alexander Bertram,alexander bertram,exact,Alexander Bertram,afd,123051,https://www.abgeordnetenwatch.de/profile/alexander-bertram,list,902 - Treptow-Köpenick 2 (Berlin 2021 - 2026),MdA,abgeordnetenwatch
BE,afd,Carsten Ubbelohde,carsten ubbelohde,exact,Carsten Ubbelohde,afd,122981,https://www.abgeordnetenwatch.de/profile/carsten-ubbelohde,list,1205 - Reinickendorf 5 (Berlin 2021 - 2026),MdA,abgeordnetenwatch
BE,afd,Dr. Hugh Bronson,hugh bronson,first_last,Hugh Theodore Bronson,afd,122984,https://www.abgeordnetenwatch.de/profile/hugh-theodore-bronson,list,402 - Charlottenburg-Wilmersdorf 2 (Berlin 2021 - 2026),MdA,abgeordnetenwatch
BE,afd,Frank Scheermesser,frank scheermesser,exact,Frank Scheermesser,afd,122987,https://www.abgeordnetenwatch.de/profile/frank-scheermesser,moved_up,201 - Friedrichshain-Kreuzberg 1 (Berlin 2021 - 2026),MdA,abgeordnetenwatch
BE,afd,Frank-Christian Hansel,frank-christian hansel,exact,Frank-Christian Hansel,afd,123047,https://www.abgeordnetenwatch.de/profile/frank-christian-hansel,list,702 - Tempelhof-Schöneberg 2 (Berlin 2021 - 2026),MdA,abgeordnetenwatch
BE,afd,Gunnar Lindemann,gunnar lindemann,first_last,Gunnar N. Lindemann,afd,122997,https://www.abgeordnetenwatch.de/profile/gunnar-n-lindemann,constituency,1001 - Marzahn-Hellersdorf 1 (Berlin 2021 - 2026),MdA,abgeordnetenwatch
BE,afd,Jeannette Auricht,jeannette auricht,exact,Jeannette Auricht,afd,123001,https://www.abgeordnetenwatch.de/profile/jeannette-auricht,constituency,1003 - Marzahn-Hellersdorf 3 (Berlin 2021 - 2026),MdA,abgeordnetenwatch
BE,afd,Kristin Brinker,kristin brinker,exact,Kristin Brinker,afd,141106,https://www.abgeordnetenwatch.de/profile/kristin-brinker,list,601 - Steglitz-Zehlendorf 1 (Berlin 2021 - 2026),MdA,abgeordnetenwatch
BE,afd,Marc Vallendar,marc vallendar,exact,Marc Vallendar,afd,122982,https://www.abgeordnetenwatch.de/profile/marc-vallendar,list,401 - Charlottenburg-Wilmersdorf 1 (Berlin 2021 - 2026),MdA,abgeordnetenwatch
BE,afd,Martin Trefzer,martin trefzer,exact,Martin Trefzer,afd,123054,https://www.abgeordnetenwatch.de/profile/martin-trefzer,list,905 - Treptow-Köpenick 5 (Berlin 2021 - 2026),MdA,abgeordnetenwatch
BE,afd,Robert Eschricht,robert eschricht,exact,Robert Eschricht,afd,177632,https://www.abgeordnetenwatch.de/profile/robert-eschricht,list,804 - Neukölln 4 (Berlin 2021 - 2026),MdA,abgeordnetenwatch
BE,afd,Rolf Wiedenhaupt,rolf wiedenhaupt,exact,Rolf Wiedenhaupt,afd,176619,https://www.abgeordnetenwatch.de/profile/rolf-wiedenhaupt,list,1202 - Reinickendorf 2 (Berlin 2021 - 2026),MdA,abgeordnetenwatch
BE,afd,Tommy Tabor,tommy tabor,exact,Tommy Tabor,afd,123033,https://www.abgeordnetenwatch.de/profile/tommy-tabor,list,502 - Spandau 2 (Berlin 2021 - 2026),MdA,abgeordnetenwatch
BE,bsw,Dr. Alexander King,alexander king,exact_cross_party,Alexander King,,146081,https://www.abgeordnetenwatch.de/profile/alexander-king,moved_up,707 - Tempelhof-Schöneberg 7 (Berlin 2021 - 2026),MdA,abgeordnetenwatch
BE,cdu,Aldona Niemczyk,aldona niemczyk,exact,Aldona Niemczyk,cdu,176464,https://www.abgeordnetenwatch.de/profile/aldona-niemczyk,constituency,404 - Charlottenburg-Wilmersdorf 4 (Berlin 2021 - 2026),MdA,abgeordnetenwatch
BE,cdu,Ariturel Hack,ariturel hack,exact,Ariturel Hack,cdu,176463,https://www.abgeordnetenwatch.de/profile/ariturel-hack,constituency,402 - Charlottenburg-Wilmersdorf 2 (Berlin 2021 - 2026),MdA,abgeordnetenwatch
BE,cdu,Bettina Meißner,bettina meissner,exact,Bettina Meißner,cdu,117612,https://www.abgeordnetenwatch.de/profile/bettina-meissner,constituency,501 - Spandau 1 (Berlin 2021 - 2026),MdA,abgeordnetenwatch
BE,cdu,Burkard Dregger,burkard dregger,exact,Burkard Dregger,cdu,117430,https://www.abgeordnetenwatch.de/profile/burkard-dregger,constituency,1201 - Reinickendorf 1 (Berlin 2021 - 2026),MdA,abgeordnetenwatch
BE,cdu,Christian Zander,christian zander,exact,Christian Zander,cdu,117627,https://www.abgeordnetenwatch.de/profile/christian-zander,constituency,707 - Tempelhof-Schöneberg 7 (Berlin 2021 - 2026),MdA,abgeordnetenwatch
BE,cdu,Christopher Förster,christopher foerster,exact,Christopher Förster,cdu,122769,https://www.abgeordnetenwatch.de/profile/christopher-foerster,constituency,804 - Neukölln 4 (Berlin 2021 - 2026),MdA,abgeordnetenwatch
BE,cdu,Cornelia Seibeld,cornelia seibeld,exact,Cornelia Seibeld,cdu,117442,https://www.abgeordnetenwatch.de/profile/cornelia-seibeld,constituency,604 - Steglitz-Zehlendorf 4 (Berlin 2021 - 2026),MdA,abgeordnetenwatch
BE,cdu,Danny Freymark,danny freymark,exact,Danny Freymark,cdu,117444,https://www.abgeordnetenwatch.de/profile/danny-freymark,constituency,1101 - Lichtenberg 1 (Berlin 2021 - 2026),MdA,abgeordnetenwatch
BE,cdu,Dennis Haustein,dennis haustein,exact,Dennis Haustein,cdu,176481,https://www.abgeordnetenwatch.de/profile/dennis-haustein,constituency,1103 - Lichtenberg 3 (Berlin 2021 - 2026),MdA,abgeordnetenwatch
BE,cdu,Dirk Stettner,dirk stettner,exact,Dirk Stettner,cdu,117449,https://www.abgeordnetenwatch.de/profile/dirk-stettner,constituency,304 - Pankow 4 (Berlin 2021 - 2026),MdA,abgeordnetenwatch
BE,cdu,Dr. Claudia Wein,claudia wein,exact,Claudia Wein,cdu,176467,https://www.abgeordnetenwatch.de/profile/claudia-wein,constituency,601 - Steglitz-Zehlendorf 1 (Berlin 2021 - 2026),MdA,abgeordnetenwatch
BE,cdu,Dr. Ersin Nas,ersin nas,exact,Ersin Nas,cdu,123286,https://www.abgeordnetenwatch.de/profile/ersin-nas,constituency,502 - Spandau 2 (Berlin 2021 - 2026),MdA,abgeordnetenwatch
BE,cdu,Dr. Martin Sattelkau,martin sattelkau,exact,Martin Sattelkau,cdu,117681,https://www.abgeordnetenwatch.de/profile/martin-sattelkau,constituency,905 - Treptow-Köpenick 5 (Berlin 2021 - 2026),MdA,abgeordnetenwatch
BE,cdu,Dr. Robbin Juhnke,robbin juhnke,exact,Robbin Juhnke,cdu,117455,https://www.abgeordnetenwatch.de/profile/robbin-juhnke,constituency,805 - Neukölln 5 (Berlin 2021 - 2026),MdA,abgeordnetenwatch
BE,cdu,Frank Luhmann,frank luhmann,exact,Frank Luhmann,cdu,176472,https://www.abgeordnetenwatch.de/profile/frank-luhmann,constituency,704 - Tempelhof-Schöneberg 4 (Berlin 2021 - 2026),MdA,abgeordnetenwatch
BE,cdu,Heiko Melzer,heiko melzer,exact,Heiko Melzer,cdu,117483,https://www.abgeordnetenwatch.de/profile/heiko-melzer,constituency,504 - Spandau 4 (Berlin 2021 - 2026),MdA,abgeordnetenwatch
BE,cdu,Iris Gertig,iris gertig,exact,Iris Gertig,cdu,179809,https://www.abgeordnetenwatch.de/profile/iris-gertig,moved_up,605 - Steglitz-Zehlendorf 5 (Berlin 2021 - 2026),MdA,abgeordnetenwatch
BE,cdu,Johannes Kraft,johannes kraft,exact,Johannes Kraft,cdu,117785,https://www.abgeordnetenwatch.de/profile/johannes-kraft,constituency,301 - Pankow 1 (Berlin 2021 - 2026),MdA,abgeordnetenwatch
BE,cdu,Kai Wegner,kai wegner,exact,Kai Wegner,cdu,78928,https://www.abgeordnetenwatch.de/profile/kai-wegner,constituency,505 - Spandau 5 (Berlin 2021 - 2026),MdA,abgeordnetenwatch
BE,cdu,Katharina Senge,katharina senge,exact,Katharina Senge,cdu,176469,https://www.abgeordnetenwatch.de/profile/katharina-senge,list,701 - Tempelhof-Schöneberg 1 (Berlin 2021 - 2026),MdA,abgeordnetenwatch
BE,cdu,Kerstin Brauner,kerstin brauner,exact,Kerstin Brauner,cdu,176466,https://www.abgeordnetenwatch.de/profile/kerstin-brauner,constituency,503 - Spandau 3 (Berlin 2021 - 2026),MdA,abgeordnetenwatch
BE,cdu,Lars Bocian,lars bocian,exact,Lars Bocian,cdu,176457,https://www.abgeordnetenwatch.de/profile/lars-bocian,constituency,302 - Pankow 2 (Berlin 2021 - 2026),MdA,abgeordnetenwatch
BE,cdu,Lilia Usik,lilia usik,exact,Lilia Usik,cdu,176484,https://www.abgeordnetenwatch.de/profile/lilia-usik,constituency,1106 - Lichtenberg 6 (Berlin 2021 - 2026),MdA,abgeordnetenwatch
BE,cdu,Lisa Knack,lisa knack,exact,Lisa Knack,cdu,176477,https://www.abgeordnetenwatch.de/profile/lisa-knack,constituency,904 - Treptow-Köpenick 4 (Berlin 2021 - 2026),MdA,abgeordnetenwatch
BE,cdu,Maik Penn,maik penn,exact,Maik Penn,cdu,117823,https://www.abgeordnetenwatch.de/profile/maik-penn,constituency,906 - Treptow-Köpenick 6 (Berlin 2021 - 2026),MdA,abgeordnetenwatch
BE,cdu,Marco Hahnfeld,marco hahnfeld,exact,Marco Hahnfeld,cdu,184330,https://www.abgeordnetenwatch.de/profile/marco-hahnfeld,moved_up,,MdA,abgeordnetenwatch
BE,cdu,Niklas Graßelt,niklas grasselt,exact,Niklas Graßelt,cdu,179810,https://www.abgeordnetenwatch.de/profile/niklas-grasselt,list,Bezirksliste Reinickendorf (Berlin 2021 - 2026),MdA,abgeordnetenwatch
BE,cdu,Olaf Schenk,olaf schenk,exact,Olaf Schenk,cdu,176476,https://www.abgeordnetenwatch.de/profile/olaf-schenk,constituency,806 - Neukölln 6 (Berlin 2021 - 2026),MdA,abgeordnetenwatch
BE,cdu,Peer Mock-Stümer,peer mock-stuemer,exact,Peer Mock-Stümer,cdu,177308,https://www.abgeordnetenwatch.de/profile/peer-mock-stuemer,constituency,406 - Charlottenburg-Wilmersdorf 6 (Berlin 2021 - 2026),MdA,abgeordnetenwatch
BE,cdu,Prof. Dr. Martin Pätzold,martin paetzold,exact,Martin Pätzold,cdu,79092,https://www.abgeordnetenwatch.de/profile/martin-paetzold,constituency,1102 - Lichtenberg 2 (Berlin 2021 - 2026),MdA,abgeordnetenwatch
BE,cdu,Roman Simon,roman simon,exact,Roman Simon,cdu,117541,https://www.abgeordnetenwatch.de/profile/roman-simon,constituency,705 - Tempelhof-Schöneberg 5 (Berlin 2021 - 2026),MdA,abgeordnetenwatch
BE,cdu,Sandra Khalatbari,sandra khalatbari,exact,Sandra Khalatbari,cdu,176465,https://www.abgeordnetenwatch.de/profile/sandra-khalatbari,constituency,405 - Charlottenburg-Wilmersdorf 5 (Berlin 2021 - 2026),MdA,abgeordnetenwatch
BE,cdu,Scott Körber,scott koerber,exact,Scott Körber,cdu,132775,https://www.abgeordnetenwatch.de/profile/scott-koerber,constituency,706 - Tempelhof-Schöneberg 6 (Berlin 2021 - 2026),MdA,abgeordnetenwatch
BE,cdu,Stefan Evers,stefan evers,exact,Stefan Evers,cdu,28882,https://www.abgeordnetenwatch.de/profile/stefan-evers,constituency,903 - Treptow-Köpenick 3 (Berlin 2021 - 2026),MdA,abgeordnetenwatch
BE,cdu,Stephan Lenz,stephan lenz,exact,Stephan Lenz,cdu,117551,https://www.abgeordnetenwatch.de/profile/stephan-lenz,list,306 - Pankow 6 (Berlin 2021 - 2026),MdA,abgeordnetenwatch
BE,cdu,Stephan Standfuß,stephan standfuss,exact,Stephan Standfuß,cdu,123290,https://www.abgeordnetenwatch.de/profile/stephan-standfuss,constituency,607 - Steglitz-Zehlendorf 7 (Berlin 2021 - 2026),MdA,abgeordnetenwatch
BE,cdu,Tom Cywinski,tom cywinski,exact,Tom Cywinski,cdu,176468,https://www.abgeordnetenwatch.de/profile/tom-cywinski,constituency,602 - Steglitz-Zehlendorf 2 (Berlin 2021 - 2026),MdA,abgeordnetenwatch
BE,gruene,André Schulze,andre schulze,exact,André Schulze,gruene,117579,https://www.abgeordnetenwatch.de/profile/andre-schulze,constituency,801 - Neukölln 1 (Berlin 2021 - 2026),MdA,abgeordnetenwatch
BE,gruene,Antje Kapek,antje kapek,exact,Antje Kapek,gruene,117422,https://www.abgeordnetenwatch.de/profile/antje-kapek,list,309 - Pankow 9 (Berlin 2021 - 2026),MdA,abgeordnetenwatch
BE,gruene,Ario Ebrahimpour Mirzaie,ario ebrahimpour mirzaie,exact,Ario Ebrahimpour Mirzaie,gruene,176565,https://www.abgeordnetenwatch.de/profile/ario-ebrahimpour-mirzaie,list,105 - Mitte 5 (Berlin 2021 - 2026),MdA,abgeordnetenwatch
BE,gruene,Bahar Haghanipour,bahar haghanipour,exact,Bahar Haghanipour,gruene,176590,https://www.abgeordnetenwatch.de/profile/bahar-haghanipour,list,804 - Neukölln 4 (Berlin 2021 - 2026),MdA,abgeordnetenwatch
BE,gruene,Bettina Jarasch,bettina jarasch,exact,Bettina Jarasch,gruene,122797,https://www.abgeordnetenwatch.de/profile/bettina-jarasch,list,Landesliste (Berlin 2021 - 2026),MdA,abgeordnetenwatch
BE,gruene,Catrin Wahlen,catrin wahlen,exact,Catrin Wahlen,gruene,176593,https://www.abgeordnetenwatch.de/profile/catrin-wahlen,list,901 - Treptow-Köpenick 1 (Berlin 2021 - 2026),MdA,abgeordnetenwatch
BE,gruene,Christoph Wapler,christoph wapler,exact,Christoph Wapler,gruene,122776,https://www.abgeordnetenwatch.de/profile/christoph-wapler,list,404 - Charlottenburg-Wilmersdorf 4 (Berlin 2021 - 2026),MdA,abgeordnetenwatch
BE,gruene,Daniela Billig,daniela billig,exact,Daniela Billig,gruene,117643,https://www.abgeordnetenwatch.de/profile/daniela-billig,constituency,308 - Pankow 8 (Berlin 2021 - 2026),MdA,abgeordnetenwatch
BE,gruene,Gollaleh Ahmadi,gollaleh ahmadi,exact,Gollaleh Ahmadi,gruene,122803,https://www.abgeordnetenwatch.de/profile/gollaleh-ahmadi,list,503 - Spandau 3 (Berlin 2021 - 2026),MdA,abgeordnetenwatch
BE,gruene,Jian Omar,jian omar,exact,Jian Omar,gruene,176563,https://www.abgeordnetenwatch.de/profile/jian-omar,constituency,103 - Mitte 3 (Berlin 2021 - 2026),MdA,abgeordnetenwatch
BE,gruene,Julian Schwarze,julian schwarze,exact,Julian Schwarze,gruene,176570,https://www.abgeordnetenwatch.de/profile/julian-schwarze,constituency,206 - Friedrichshain-Kreuzberg 6 (Berlin 2021 - 2026),MdA,abgeordnetenwatch
BE,gruene,Katrin Schmidberger,katrin schmidberger,exact,Katrin Schmidberger,gruene,117501,https://www.abgeordnetenwatch.de/profile/katrin-schmidberger,constituency,201 - Friedrichshain-Kreuzberg 1 (Berlin 2021 - 2026),MdA,abgeordnetenwatch
BE,gruene,Klara Schedlich,klara schedlich,exact,Klara Schedlich,gruene,176606,https://www.abgeordnetenwatch.de/profile/klara-schedlich,list,1206 - Reinickendorf 6 (Berlin 2021 - 2026),MdA,abgeordnetenwatch
BE,gruene,Louis Krüger,louis krueger,exact,Louis Krüger,gruene,176575,https://www.abgeordnetenwatch.de/profile/louis-krueger,constituency,305 - Pankow 5 (Berlin 2021 - 2026),MdA,abgeordnetenwatch
BE,gruene,Oda Hassepaß,oda hassepass,exact,Oda Hassepaß,gruene,176573,https://www.abgeordnetenwatch.de/profile/oda-hassepass,constituency,303 - Pankow 3 (Berlin 2021 - 2026),MdA,abgeordnetenwatch
BE,gruene,Petra Vandrey,petra vandrey,exact,Petra Vandrey,gruene,122775,https://www.abgeordnetenwatch.de/profile/petra-vandrey,constituency,403 - Charlottenburg-Wilmersdorf 3 (Berlin 2021 - 2026),MdA,abgeordnetenwatch
BE,gruene,Sebastian Walter,sebastian walter,exact,Sebastian Walter,gruene,141111,https://www.abgeordnetenwatch.de/profile/sebastian-walter,constituency,701 - Tempelhof-Schöneberg 1 (Berlin 2021 - 2026),MdA,abgeordnetenwatch
BE,gruene,Silke Gebel,silke gebel,exact,Silke Gebel,gruene,117544,https://www.abgeordnetenwatch.de/profile/silke-gebel,constituency,101 - Mitte 1 (Berlin 2021 - 2026),MdA,abgeordnetenwatch
BE,gruene,Stefan Taschner,stefan taschner,exact,Stefan Taschner,gruene,123587,https://www.abgeordnetenwatch.de/profile/stefan-taschner,list,1105 - Lichtenberg 5 (Berlin 2021 - 2026),MdA,abgeordnetenwatch
BE,gruene,Taylan Kurt,taylan kurt,exact,Taylan Kurt,gruene,176564,https://www.abgeordnetenwatch.de/profile/taylan-kurt,constituency,104 - Mitte 4 (Berlin 2021 - 2026),MdA,abgeordnetenwatch
BE,gruene,Tonka Wojahn,tonka wojahn,exact,Tonka Wojahn,gruene,122807,https://www.abgeordnetenwatch.de/profile/tonka-wojahn,list,602 - Steglitz-Zehlendorf 2 (Berlin 2021 - 2026),MdA,abgeordnetenwatch
BE,gruene,Tuba Bozkurt,tuba bozkurt,exact,Tuba Bozkurt,gruene,176566,https://www.abgeordnetenwatch.de/profile/tuba-bozkurt,constituency,106 - Mitte 6 (Berlin 2021 - 2026),MdA,abgeordnetenwatch
BE,gruene,Vasili Franco,vasili franco,exact,Vasili Franco,gruene,176569,https://www.abgeordnetenwatch.de/profile/vasili-franco,constituency,205 - Friedrichshain-Kreuzberg 5 (Berlin 2021 - 2026),MdA,abgeordnetenwatch
BE,gruene,Werner Graf,werner graf,exact,Werner Graf,gruene,178141,https://www.abgeordnetenwatch.de/profile/werner-graf,list,Landesliste (Berlin 2021 - 2026),MdA,abgeordnetenwatch
BE,linke,Claudia Engelmann,claudia engelmann,exact,Claudia Engelmann,linke,176649,https://www.abgeordnetenwatch.de/profile/claudia-engelmann,moved_up,1103 - Lichtenberg 3 (Berlin 2021 - 2026),MdA,abgeordnetenwatch
BE,linke,Damiano Valgolio,damiano valgolio,exact,Damiano Valgolio,linke,117637,https://www.abgeordnetenwatch.de/profile/damiano-valgolio,constituency,204 - Friedrichshain-Kreuzberg 4 (Berlin 2021 - 2026),MdA,abgeordnetenwatch
BE,linke,Elif Eralp,elif eralp,exact,Elif Eralp,linke,176626,https://www.abgeordnetenwatch.de/profile/elif-eralp,list,202 - Friedrichshain-Kreuzberg 2 (Berlin 2021 - 2026),MdA,abgeordnetenwatch
BE,linke,Franziska Brychcy,franziska brychcy,exact,Franziska Brychcy,linke,117710,https://www.abgeordnetenwatch.de/profile/franziska-brychcy,list,602 - Steglitz-Zehlendorf 2 (Berlin 2021 - 2026),MdA,abgeordnetenwatch
BE,linke,Hendrikje Klein,hendrikje klein,exact,Hendrikje Klein,linke,122826,https://www.abgeordnetenwatch.de/profile/hendrikje-klein,constituency,1105 - Lichtenberg 5 (Berlin 2021 - 2026),MdA,abgeordnetenwatch
BE,linke,Michael Efler,michael efler,exact,Michael Efler,linke,122819,https://www.abgeordnetenwatch.de/profile/michael-efler,moved_up,406 - Charlottenburg-Wilmersdorf 6 (Berlin 2021 - 2026),MdA,abgeordnetenwatch
BE,linke,Niklas Schenker,niklas schenker,exact,Niklas Schenker,linke,176635,https://www.abgeordnetenwatch.de/profile/niklas-schenker,list,403 - Charlottenburg-Wilmersdorf 3 (Berlin 2021 - 2026),MdA,abgeordnetenwatch
BE,linke,Niklas Schrader,niklas schrader,exact,Niklas Schrader,linke,141114,https://www.abgeordnetenwatch.de/profile/niklas-schrader,list,806 - Neukölln 6 (Berlin 2021 - 2026),MdA,abgeordnetenwatch
BE,linke,Tobias Schulze,tobias schulze,exact,Tobias Schulze,linke,118005,https://www.abgeordnetenwatch.de/profile/tobias-schulze,list,107 - Mitte 7 (Berlin 2021 - 2026),MdA,abgeordnetenwatch
BE,spd,Alexander Freier-Winterwerb,alexander freier-winterwerb,exact,Alexander Freier-Winterwerb,spd,122933,https://www.abgeordnetenwatch.de/profile/alexander-freier-winterwerb,moved_up,901 - Treptow-Köpenick 1 (Berlin 2021 - 2026),MdA,abgeordnetenwatch
BE,spd,Bettina König,bettina koenig,exact,Bettina König,spd,117611,https://www.abgeordnetenwatch.de/profile/bettina-koenig,list,1201 - Reinickendorf 1 (Berlin 2021 - 2026),MdA,abgeordnetenwatch
BE,spd,Dennis Buchner,dennis buchner,exact,Dennis Buchner,spd,117445,https://www.abgeordnetenwatch.de/profile/dennis-buchner,list,304 - Pankow 4 (Berlin 2021 - 2026),MdA,abgeordnetenwatch
BE,spd,Derya Çağlar,derya caglar,exact,Derya Çağlar,spd,122916,https://www.abgeordnetenwatch.de/profile/derya-caglar,constituency,803 - Neukölln 3 (Berlin 2021 - 2026),MdA,abgeordnetenwatch
BE,spd,Dunja Wolff,dunja wolff,exact,Dunja Wolff,spd,176520,https://www.abgeordnetenwatch.de/profile/dunja-wolff,list,906 - Treptow-Köpenick 6 (Berlin 2021 - 2026),MdA,abgeordnetenwatch
BE,spd,Florian Dörstelmann,florian doerstelmann,exact,Florian Dörstelmann,spd,122904,https://www.abgeordnetenwatch.de/profile/florian-doerstelmann,moved_up,407 - Charlottenburg-Wilmersdorf 7 (Berlin 2021 - 2026),MdA,abgeordnetenwatch
BE,spd,Franziska Giffey,franziska giffey,exact,Franziska Giffey,spd,176519,https://www.abgeordnetenwatch.de/profile/franziska-giffey,list,806 - Neukölln 6 (Berlin 2021 - 2026),MdA,abgeordnetenwatch
BE,spd,Ina Czyborra,ina czyborra,exact,Ina Czyborra,spd,117451,https://www.abgeordnetenwatch.de/profile/ina-czyborra,list,606 - Steglitz-Zehlendorf 6 (Berlin 2021 - 2026),MdA,abgeordnetenwatch
BE,spd,Iris Spranger,iris spranger,exact,Iris Spranger,spd,117488,https://www.abgeordnetenwatch.de/profile/iris-spranger,list,1002 - Marzahn-Hellersdorf 2 (Berlin 2021 - 2026),MdA,abgeordnetenwatch
BE,spd,Jan Lehmann,jan lehmann,exact,Jan Lehmann,spd,176523,https://www.abgeordnetenwatch.de/profile/jan-lehmann,list,1006 - Marzahn-Hellersdorf 6 (Berlin 2021 - 2026),MdA,abgeordnetenwatch
BE,spd,Lars Düsterhöft,lars duesterhoeft,exact,Lars Düsterhöft,spd,122934,https://www.abgeordnetenwatch.de/profile/lars-duesterhoeft,constituency,902 - Treptow-Köpenick 2 (Berlin 2021 - 2026),MdA,abgeordnetenwatch
BE,spd,Linda Vierecke,linda vierecke,exact,Linda Vierecke,spd,176497,https://www.abgeordnetenwatch.de/profile/linda-vierecke,list,306 - Pankow 6 (Berlin 2021 - 2026),MdA,abgeordnetenwatch
BE,spd,Maja Lasić,maja lasic,exact,Maja Lasić,spd,122913,https://www.abgeordnetenwatch.de/profile/maja-lasic,list,107 - Mitte 7 (Berlin 2021 - 2026),MdA,abgeordnetenwatch
BE,spd,Marcel Hopp,marcel hopp,exact,Marcel Hopp,spd,176517,https://www.abgeordnetenwatch.de/profile/marcel-hopp,list,804 - Neukölln 4 (Berlin 2021 - 2026),MdA,abgeordnetenwatch
BE,spd,Martin Matz,martin matz,exact,Martin Matz,spd,132706,https://www.abgeordnetenwatch.de/profile/martin-matz,list,605 - Steglitz-Zehlendorf 5 (Berlin 2021 - 2026),MdA,abgeordnetenwatch
BE,spd,Mathias Schulz,mathias schulz,exact,Mathias Schulz,spd,176489,https://www.abgeordnetenwatch.de/profile/mathias-schulz-0,list,105 - Mitte 5 (Berlin 2021 - 2026),MdA,abgeordnetenwatch
BE,spd,Matthias Kollatz,matthias kollatz,exact,Matthias Kollatz,spd,122926,https://www.abgeordnetenwatch.de/profile/matthias-kollatz,list,602 - Steglitz-Zehlendorf 2 (Berlin 2021 - 2026),MdA,abgeordnetenwatch
BE,spd,Melanie Kühnemann-Grunow,melanie kuehnemann-grunow,exact,Melanie Kühnemann-Grunow,spd,122932,https://www.abgeordnetenwatch.de/profile/melanie-kuehnemann-grunow,list,707 - Tempelhof-Schöneberg 7 (Berlin 2021 - 2026),MdA,abgeordnetenwatch
BE,spd,Mirjam Golm,mirjam golm,exact,Mirjam Golm,spd,176507,https://www.abgeordnetenwatch.de/profile/mirjam-golm,list,605 - Steglitz-Zehlendorf 5 (Berlin 2021 - 2026),MdA,abgeordnetenwatch
BE,spd,Orkan Özdemir,orkan oezdemir,exact,Orkan Özdemir,spd,176511,https://www.abgeordnetenwatch.de/profile/orkan-oezdemir,constituency,703 - Tempelhof-Schöneberg 3 (Berlin 2021 - 2026),MdA,abgeordnetenwatch
BE,spd,Raed Saleh,raed saleh,exact,Raed Saleh,spd,117534,https://www.abgeordnetenwatch.de/profile/raed-saleh,list,502 - Spandau 2 (Berlin 2021 - 2026),MdA,abgeordnetenwatch
BE,spd,Sebahat Atli,sebahat atli,exact,Sebahat Atli,spd,176503,https://www.abgeordnetenwatch.de/profile/sebahat-atli,list,501 - Spandau 1 (Berlin 2021 - 2026),MdA,abgeordnetenwatch
BE,spd,Sebastian Schlüsselburg,sebastian schluesselburg,exact,Sebastian Schlüsselburg,spd,117957,https://www.abgeordnetenwatch.de/profile/sebastian-schluesselburg,constituency,1104 - Lichtenberg 4 (Berlin 2021 - 2026),MdA,abgeordnetenwatch
BE,spd,Sevim Aydin,sevim aydin,exact,Sevim Aydin,spd,122905,https://www.abgeordnetenwatch.de/profile/sevim-aydin,list,203 - Friedrichshain-Kreuzberg 3 (Berlin 2021 - 2026),MdA,abgeordnetenwatch
BE,spd,Sven Heinemann,sven heinemann,exact,Sven Heinemann,spd,117553,https://www.abgeordnetenwatch.de/profile/sven-heinemann,list,206 - Friedrichshain-Kreuzberg 6 (Berlin 2021 - 2026),MdA,abgeordnetenwatch
BE,spd,Sven Meyer,sven meyer,exact,Sven Meyer,spd,176528,https://www.abgeordnetenwatch.de/profile/sven-meyer,list,1204 - Reinickendorf 4 (Berlin 2021 - 2026),MdA,abgeordnetenwatch
BE,spd,Tamara Lüdke,tamara luedke,exact,Tamara Lüdke,spd,176526,https://www.abgeordnetenwatch.de/profile/tamara-luedke,list,1104 - Lichtenberg 4 (Berlin 2021 - 2026),MdA,abgeordnetenwatch
BE,spd,Tino Schopf,tino schopf,exact,Tino Schopf,spd,122921,https://www.abgeordnetenwatch.de/profile/tino-schopf,constituency,309 - Pankow 9 (Berlin 2021 - 2026),MdA,abgeordnetenwatch
BE,spd,Wiebke Neumann,wiebke neumann,exact,Wiebke Neumann,spd,176509,https://www.abgeordnetenwatch.de/profile/wiebke-neumann-0,moved_up,701 - Tempelhof-Schöneberg 1 (Berlin 2021 - 2026),MdA,abgeordnetenwatch
BE,spd,Ülker Radziwill,uelker radziwill,exact,Ülker Radziwill,spd,117564,https://www.abgeordnetenwatch.de/profile/uelker-radziwill,list,403 - Charlottenburg-Wilmersdorf 3 (Berlin 2021 - 2026),MdA,abgeordnetenwatch
MV,afd,Enrico Schult,enrico schult,exact,Enrico Schult,afd,176916,https://www.abgeordnetenwatch.de/profile/enrico-schult,constituency,13 - Mecklenburgische Seenplatte I - Vorpommern- Greifswald I (Mecklenburg-Vorpommern 2021 - 2026),MdL,abgeordnetenwatch
MV,afd,Jan-Phillip Tadsen,jan-phillip tadsen,exact,Jan-Phillip Tadsen,afd,177671,https://www.abgeordnetenwatch.de/profile/jan-phillip-tadsen,list,32 - Ludwigslust-Parchim V (Mecklenburg-Vorpommern 2021 - 2026),MdL,abgeordnetenwatch
MV,afd,Jens Schulze-Wiehenbrauk,jens schulze-wiehenbrauk,exact,Jens Schulze-Wiehenbrauk,afd,176918,https://www.abgeordnetenwatch.de/profile/jens-schulze-wiehenbrauk,list,29 - Vorpommern-Greifswald II (Mecklenburg-Vorpommern 2021 - 2026),MdL,abgeordnetenwatch
MV,afd,Martin Schmidt,martin schmidt,exact,Martin Schmidt,afd,176914,https://www.abgeordnetenwatch.de/profile/martin-schmidt-1,list,8 - Schwerin I (Mecklenburg-Vorpommern 2021 - 2026),MdL,abgeordnetenwatch
MV,afd,Michael Meister,michael meister,exact,Michael Meister,afd,176911,https://www.abgeordnetenwatch.de/profile/michael-meister-1,list,5 - Hansestadt Rostock II (Mecklenburg-Vorpommern 2021 - 2026),MdL,abgeordnetenwatch
MV,afd,Nikolaus Kramer,nikolaus kramer,exact,Nikolaus Kramer,afd,123530,https://www.abgeordnetenwatch.de/profile/nikolaus-kramer,list,35 - Vorpommern-Greifswald IV (Mecklenburg-Vorpommern 2021 - 2026),MdL,abgeordnetenwatch
MV,afd,Paul Timm,paul timm,first_last,Paul-Joachim Timm,afd,178145,https://www.abgeordnetenwatch.de/profile/paul-joachim-timm,list,Landesliste AfD (Mecklenburg-Vorpommern 2021 - 2026),MdL,abgeordnetenwatch
MV,afd,Petra Federau,petra federau,exact,Petra Federau,afd,123538,https://www.abgeordnetenwatch.de/profile/petra-federau,list,9 - Schwerin II (Mecklenburg-Vorpommern 2021 - 2026),MdL,abgeordnetenwatch
MV,afd,Stephan J. Reuken,stephan j reuken,exact,Stephan J. Reuken,afd,151252,https://www.abgeordnetenwatch.de/profile/stephan-j-reuken,list,30 - Vorpommern-Greifswald III (Mecklenburg-Vorpommern 2021 - 2026),MdL,abgeordnetenwatch
MV,afd,Thomas de Jesus Fernandes,thomas de jesus fernandes,exact,Thomas De Jesus Fernandes,afd,29481,https://www.abgeordnetenwatch.de/profile/thomas-de-jesus-fernandes,list,20 - Mecklenburgische Seenplatte III (Mecklenburg-Vorpommern 2021 - 2026),MdL,abgeordnetenwatch
MV,afd,Thore Stein,thore stein,exact,Thore Stein,afd,176919,https://www.abgeordnetenwatch.de/profile/thore-stein,list,31 - Ludwigslust-Parchim IV (Mecklenburg-Vorpommern 2021 - 2026),MdL,abgeordnetenwatch
MV,cdu,Ann Christin von allwörden,ann christin von allwoerden,exact,Ann Christin von Allwörden,cdu,123516,https://www.abgeordnetenwatch.de/profile/ann-christin-von-allwoerden,list,26 - Stralsund II (Mecklenburg-Vorpommern 2021 - 2026),MdL,abgeordnetenwatch
MV,cdu,Christian Geier,christian geier,exact,Christian Geier,cdu,176927,https://www.abgeordnetenwatch.de/profile/christian-geier,moved_up,19 - Ludwigslust-Parchim III (Mecklenburg-Vorpommern 2021 - 2026),MdL,abgeordnetenwatch
MV,cdu,Daniel Peters,daniel peters,exact,Daniel Peters,cdu,123506,https://www.abgeordnetenwatch.de/profile/daniel-peters,list,7 - Hansestadt Rostock IV (Mecklenburg-Vorpommern 2021 - 2026),MdL,abgeordnetenwatch
MV,cdu,Franz-Robert Liskow,franz-robert liskow,exact,Franz-Robert Liskow,cdu,123510,https://www.abgeordnetenwatch.de/profile/franz-robert-liskow,list,13 - Mecklenburgische Seenplatte I - Vorpommern- Greifswald I (Mecklenburg-Vorpommern 2021 - 2026),MdL,abgeordnetenwatch
MV,cdu,Harry Glawe,harry glawe,exact,Harry Glawe,cdu,122322,https://www.abgeordnetenwatch.de/profile/harry-glawe,constituency,24 - Vorpommern-Rügen II - Stralsund III (Mecklenburg-Vorpommern 2021 - 2026),MdL,abgeordnetenwatch
MV,cdu,Katy Hoffmeister,katy hoffmeister,exact,Katy Hoffmeister,cdu,176931,https://www.abgeordnetenwatch.de/profile/katy-hoffmeister,list,11 - Landkreis Rostock I (Mecklenburg-Vorpommern 2021 - 2026),MdL,abgeordnetenwatch
MV,cdu,Marc Reinhardt,marc reinhardt,exact,Marc Reinhardt,cdu,122373,https://www.abgeordnetenwatch.de/profile/marc-reinhardt,list,14 - Mecklenburgische Seenplatte II (Mecklenburg-Vorpommern 2021 - 2026),MdL,abgeordnetenwatch
MV,cdu,Sabine Enseleit,sabine enseleit,exact,Sabine Enseleit,cdu,176947,https://www.abgeordnetenwatch.de/profile/sabine-enseleit,list,27 - Nordwestmecklenburg I (Mecklenburg-Vorpommern 2021 - 2026),MdL,abgeordnetenwatch
MV,cdu,Torsten Renz,torsten renz,exact,Torsten Renz,cdu,122437,https://www.abgeordnetenwatch.de/profile/torsten-renz,list,15 - Landkreis Rostock III (Mecklenburg-Vorpommern 2021 - 2026),MdL,abgeordnetenwatch
MV,cdu,Wolfgang Waldmüller,wolfgang waldmueller,exact,Wolfgang Waldmüller,cdu,122451,https://www.abgeordnetenwatch.de/profile/wolfgang-waldmueller,list,31 - Ludwigslust-Parchim IV (Mecklenburg-Vorpommern 2021 - 2026),MdL,abgeordnetenwatch
MV,fdp,Noah Böhringer,noah boehringer,exact,Noah Böhringer,fdp,176945,https://www.abgeordnetenwatch.de/profile/noah-boehringer,moved_up,6 - Hansestadt Rostock III (Mecklenburg-Vorpommern 2021 - 2026),MdL,abgeordnetenwatch
MV,gruene,Jutta Wegner,jutta wegner,exact,Jutta Wegner,gruene,123483,https://www.abgeordnetenwatch.de/profile/jutta-wegner,list,2 - Neubrandenburg I (Mecklenburg-Vorpommern 2021 - 2026),MdL,abgeordnetenwatch
MV,linke,Christian Albrecht,christian albrecht,exact,Christian Albrecht,linke,177000,https://www.abgeordnetenwatch.de/profile/christian-albrecht-0,list,5 - Hansestadt Rostock II (Mecklenburg-Vorpommern 2021 - 2026),MdL,abgeordnetenwatch
MV,linke,Dirk Bruhn,dirk bruhn,exact,Dirk Bruhn,linke,177002,https://www.abgeordnetenwatch.de/profile/dirk-bruhn,moved_up,13 - Mecklenburgische Seenplatte I - Vorpommern- Greifswald I (Mecklenburg-Vorpommern 2021 - 2026),MdL,abgeordnetenwatch
MV,linke,Dr. Daniel Trepsdorf,daniel trepsdorf,exact,Daniel Trepsdorf,linke,177014,https://www.abgeordnetenwatch.de/profile/daniel-trepsdorf,moved_up,8 - Schwerin I (Mecklenburg-Vorpommern 2021 - 2026),MdL,abgeordnetenwatch
MV,linke,Jeannine Rösler,jeannine roesler,exact,Jeannine Rösler,linke,123442,https://www.abgeordnetenwatch.de/profile/jeannine-roesler,list,29 - Vorpommern-Greifswald II (Mecklenburg-Vorpommern 2021 - 2026),MdL,abgeordnetenwatch
MV,linke,Michael Noetzel,michael noetzel,exact,Michael Noetzel,linke,177012,https://www.abgeordnetenwatch.de/profile/michael-noetzel,list,11 - Landkreis Rostock I (Mecklenburg-Vorpommern 2021 - 2026),MdL,abgeordnetenwatch
MV,linke,Steffi Pulz-Debler,steffi pulz-debler,exact,Steffi Pulz-Debler,linke,177013,https://www.abgeordnetenwatch.de/profile/steffi-pulz-debler,moved_up,31 - Ludwigslust-Parchim IV (Mecklenburg-Vorpommern 2021 - 2026),MdL,abgeordnetenwatch
MV,linke,Torsten Koplin,torsten koplin,exact,Torsten Koplin,linke,119412,https://www.abgeordnetenwatch.de/profile/torsten-koplin,list,2 - Neubrandenburg I (Mecklenburg-Vorpommern 2021 - 2026),MdL,abgeordnetenwatch
MV,spd,Beatrix Hegenkötter,beatrix hegenkoetter,exact,Beatrix Hegenkötter,spd,177017,https://www.abgeordnetenwatch.de/profile/beatrix-hegenkoetter,constituency,26 - Stralsund II (Mecklenburg-Vorpommern 2021 - 2026),MdL,abgeordnetenwatch
MV,spd,Bettina Martin,bettina martin,exact,Bettina Martin,spd,177020,https://www.abgeordnetenwatch.de/profile/bettina-martin,constituency,36 - Vorpommern-Greifswald V (Mecklenburg-Vorpommern 2021 - 2026),MdL,abgeordnetenwatch
MV,spd,Birgit Hesse,birgit hesse,exact,Birgit Hesse,spd,123433,https://www.abgeordnetenwatch.de/profile/birgit-hesse,constituency,27 - Nordwestmecklenburg I (Mecklenburg-Vorpommern 2021 - 2026),MdL,abgeordnetenwatch
MV,spd,Christian Brade,christian brade,exact,Christian Brade,spd,122502,https://www.abgeordnetenwatch.de/profile/christian-brade,constituency,31 - Ludwigslust-Parchim IV (Mecklenburg-Vorpommern 2021 - 2026),MdL,abgeordnetenwatch
MV,spd,Christian Pegel,christian pegel,exact,Christian Pegel,spd,123423,https://www.abgeordnetenwatch.de/profile/christian-pegel,constituency,1 - Greifswald (Mecklenburg-Vorpommern 2021 - 2026),MdL,abgeordnetenwatch
MV,spd,Christian Winter,christian winter,exact,Christian Winter,spd,177026,https://www.abgeordnetenwatch.de/profile/christian-winter,constituency,19 - Ludwigslust-Parchim III (Mecklenburg-Vorpommern 2021 - 2026),MdL,abgeordnetenwatch
MV,spd,Christine Klingohr,christine klingohr,exact,Christine Klingohr,spd,177018,https://www.abgeordnetenwatch.de/profile/christine-klingohr,constituency,32 - Ludwigslust-Parchim V (Mecklenburg-Vorpommern 2021 - 2026),MdL,abgeordnetenwatch
MV,spd,Dirk Stamer,dirk stamer,exact,Dirk Stamer,spd,123424,https://www.abgeordnetenwatch.de/profile/dirk-stamer,constituency,12 - Landkreis Rostock II (Mecklenburg-Vorpommern 2021 - 2026),MdL,abgeordnetenwatch
MV,spd,Dr. Anna-Konstanze Schröder,anna-konstanze schroeder,exact,Anna-Konstanze Schröder,spd,177025,https://www.abgeordnetenwatch.de/profile/anna-konstanze-schroeder,moved_up,13 - Mecklenburgische Seenplatte I - Vorpommern- Greifswald I (Mecklenburg-Vorpommern 2021 - 2026),MdL,abgeordnetenwatch
MV,spd,Dr. Monique Wölk,monique woelk,exact,Monique Wölk,spd,179137,https://www.abgeordnetenwatch.de/profile/monique-woelk,moved_up,Landesliste SPD (Mecklenburg-Vorpommern 2021 - 2026),MdL,abgeordnetenwatch
MV,spd,Dr. Sylva Rahm-Präger,sylva rahm-praeger,exact,Sylva Rahm-Präger,spd,177023,https://www.abgeordnetenwatch.de/profile/sylva-rahm-praeger,constituency,34 - Vorpommern-Rügen V (Mecklenburg-Vorpommern 2021 - 2026),MdL,abgeordnetenwatch
MV,spd,Dr. Till Backhaus,till backhaus,exact,Till Backhaus,spd,122284,https://www.abgeordnetenwatch.de/profile/till-backhaus,constituency,17 - Ludwigslust-Parchim I (Mecklenburg-Vorpommern 2021 - 2026),MdL,abgeordnetenwatch
MV,spd,Falko Beitz,falko beitz,exact,Falko Beitz,spd,123434,https://www.abgeordnetenwatch.de/profile/falko-beitz,constituency,30 - Vorpommern-Greifswald III (Mecklenburg-Vorpommern 2021 - 2026),MdL,abgeordnetenwatch
MV,spd,Grit Schmelzer,grit schmelzer,exact,Grit Schmelzer,spd,184321,https://www.abgeordnetenwatch.de/profile/grit-schmelzer,moved_up,Landesliste SPD (Mecklenburg-Vorpommern 2021 - 2026),MdL,abgeordnetenwatch
MV,spd,Heiko Miraß,heiko mirass,exact,Heiko Miraß,spd,146778,https://www.abgeordnetenwatch.de/profile/heiko-mirass,constituency,33 - Vorpommern-Rügen IV (Mecklenburg-Vorpommern 2021 - 2026),MdL,abgeordnetenwatch
MV,spd,Julian Barlen,julian barlen,exact,Julian Barlen,spd,169552,https://www.abgeordnetenwatch.de/profile/julian-barlen,constituency,6 - Hansestadt Rostock III (Mecklenburg-Vorpommern 2021 - 2026),MdL,abgeordnetenwatch
MV,spd,Mandy Pfeifer,mandy pfeifer,exact,Mandy Pfeifer,spd,177022,https://www.abgeordnetenwatch.de/profile/mandy-pfeifer,constituency,9 - Schwerin II (Mecklenburg-Vorpommern 2021 - 2026),MdL,abgeordnetenwatch
MV,spd,Manuela Schwesig,manuela schwesig,exact,Manuela Schwesig,spd,122576,https://www.abgeordnetenwatch.de/profile/manuela-schwesig,constituency,8 - Schwerin I (Mecklenburg-Vorpommern 2021 - 2026),MdL,abgeordnetenwatch
MV,spd,Marcel Falk,marcel falk,exact,Marcel Falk,spd,123451,https://www.abgeordnetenwatch.de/profile/marcel-falk,constituency,29 - Vorpommern-Greifswald II (Mecklenburg-Vorpommern 2021 - 2026),MdL,abgeordnetenwatch
MV,spd,Michel-Friedrich Schiefler,michel-friedrich schiefler,exact,Michel-Friedrich Schiefler,spd,177024,https://www.abgeordnetenwatch.de/profile/michel-friedrich-schiefler,constituency,23 - Vorpommern-Rügen I (Mecklenburg-Vorpommern 2021 - 2026),MdL,abgeordnetenwatch
MV,spd,Nadine Julitz,nadine julitz,exact,Nadine Julitz,spd,123430,https://www.abgeordnetenwatch.de/profile/nadine-julitz,constituency,20 - Mecklenburgische Seenplatte III (Mecklenburg-Vorpommern 2021 - 2026),MdL,abgeordnetenwatch
MV,spd,Patrick Dahlemann,patrick dahlemann,exact,Patrick Dahlemann,spd,122595,https://www.abgeordnetenwatch.de/profile/patrick-dahlemann,constituency,35 - Vorpommern-Greifswald IV (Mecklenburg-Vorpommern 2021 - 2026),MdL,abgeordnetenwatch
MV,spd,Philipp da Cunha,philipp da cunha,exact,Philipp da Cunha,spd,123426,https://www.abgeordnetenwatch.de/profile/philipp-da-cunha,constituency,16 - Landkreis Rostock IV (Mecklenburg-Vorpommern 2021 - 2026),MdL,abgeordnetenwatch
MV,spd,Ralf Mucha,ralf mucha,exact,Ralf Mucha,spd,122598,https://www.abgeordnetenwatch.de/profile/ralf-mucha,constituency,4 - Hansestadt Rostock I (Mecklenburg-Vorpommern 2021 - 2026),MdL,abgeordnetenwatch
MV,spd,Stefanie Drese,stefanie drese,exact,Stefanie Drese,spd,122612,https://www.abgeordnetenwatch.de/profile/stefanie-drese,constituency,11 - Landkreis Rostock I (Mecklenburg-Vorpommern 2021 - 2026),MdL,abgeordnetenwatch
MV,spd,Thomas Krüger,thomas krueger,exact,Thomas Krüger,spd,122621,https://www.abgeordnetenwatch.de/profile/thomas-krueger,constituency,14 - Mecklenburgische Seenplatte II (Mecklenburg-Vorpommern 2021 - 2026),MdL,abgeordnetenwatch
MV,spd,Thomas Würdisch,thomas wuerdisch,exact,Thomas Würdisch,spd,123432,https://www.abgeordnetenwatch.de/profile/thomas-wuerdisch,constituency,25 - Vorpommern-Rügen III - Stralsund I (Mecklenburg-Vorpommern 2021 - 2026),MdL,abgeordnetenwatch
MV,spd,Tilo Gundlack,tilo gundlack,exact,Tilo Gundlack,spd,122622,https://www.abgeordnetenwatch.de/profile/tilo-gundlack,constituency,10 - Wismar (Mecklenburg-Vorpommern 2021 - 2026),MdL,abgeordnetenwatch
ST,afd,Christian Mertens,christian mertens,exact,Christian Mertens,afd,175009,https://www.abgeordnetenwatch.de/profile/christian-mertens,moved_up,,MdL,abgeordnetenwatch
ST,afd,Christian Ulrich Hecht,christian ulrich hecht,first_last,Christian Hecht,afd,175011,https://www.abgeordnetenwatch.de/profile/christian-hecht,list,Landesliste AfD (Sachsen-Anhalt 2021 - 2026),MdL,abgeordnetenwatch
ST,afd,Daniel Rausch,daniel rausch,exact,Daniel Rausch,afd,152785,https://www.abgeordnetenwatch.de/profile/daniel-rausch,list,Landesliste AfD (Sachsen-Anhalt 2021 - 2026),MdL,abgeordnetenwatch
ST,afd,Daniel Roi,daniel roi,exact,Daniel Roi,afd,121039,https://www.abgeordnetenwatch.de/profile/daniel-roi,list,Landesliste AfD (Sachsen-Anhalt 2021 - 2026),MdL,abgeordnetenwatch
ST,afd,Daniel Wald,daniel wald,exact,Daniel Wald,afd,155492,https://www.abgeordnetenwatch.de/profile/daniel-wald,list,Landesliste AfD (Sachsen-Anhalt 2021 - 2026),MdL,abgeordnetenwatch
ST,afd,Dr. Hans-Thomas Tillschneider,hans-thomas tillschneider,exact,Hans-Thomas Tillschneider,afd,152773,https://www.abgeordnetenwatch.de/profile/hans-thomas-tillschneider,list,Landesliste AfD (Sachsen-Anhalt 2021 - 2026),MdL,abgeordnetenwatch
ST,afd,Dr. Jan Moldenhauer,jan moldenhauer,exact,Jan Moldenhauer,afd,175010,https://www.abgeordnetenwatch.de/profile/jan-moldenhauer,list,Landesliste AfD (Sachsen-Anhalt 2021 - 2026),MdL,abgeordnetenwatch
ST,afd,Felix Zietmann,felix zietmann,exact,Felix Zietmann,afd,175007,https://www.abgeordnetenwatch.de/profile/felix-zietmann,list,Landesliste AfD (Sachsen-Anhalt 2021 - 2026),MdL,abgeordnetenwatch
ST,afd,Florian Schröder,florian schroeder,exact,Florian Schröder,afd,175020,https://www.abgeordnetenwatch.de/profile/florian-schroeder,list,Landesliste AfD (Sachsen-Anhalt 2021 - 2026),MdL,abgeordnetenwatch
ST,afd,Frank Otto Lizureck,frank otto lizureck,exact,Frank Otto Lizureck,afd,177205,https://www.abgeordnetenwatch.de/profile/frank-otto-lizureck,list,Landesliste AfD (Sachsen-Anhalt 2021 - 2026),MdL,abgeordnetenwatch
ST,afd,Gordon Köhler,gordon koehler,exact,Gordon Köhler,afd,175016,https://www.abgeordnetenwatch.de/profile/gordon-koehler,list,Landesliste AfD (Sachsen-Anhalt 2021 - 2026),MdL,abgeordnetenwatch
ST,afd,Hagen Kohl,hagen kohl,exact,Hagen Kohl,afd,152752,https://www.abgeordnetenwatch.de/profile/hagen-kohl,list,Landesliste AfD (Sachsen-Anhalt 2021 - 2026),MdL,abgeordnetenwatch
ST,afd,Jan Scharfenort,jan scharfenort,exact,Jan Scharfenort,afd,175005,https://www.abgeordnetenwatch.de/profile/jan-scharfenort,list,Landesliste AfD (Sachsen-Anhalt 2021 - 2026),MdL,abgeordnetenwatch
ST,afd,Lothar Waehler,lothar waehler,exact,Lothar Waehler,afd,175026,https://www.abgeordnetenwatch.de/profile/lothar-waehler,constituency,41 - Zeitz (Sachsen-Anhalt 2021 - 2026),MdL,abgeordnetenwatch
ST,afd,Margret Wendt,margret wendt,exact,Margret Wendt,afd,175019,https://www.abgeordnetenwatch.de/profile/margret-wendt,list,Landesliste AfD (Sachsen-Anhalt 2021 - 2026),MdL,abgeordnetenwatch
ST,afd,Matthias Büttner,matthias buettner,exact,Matthias Büttner,afd,152792,https://www.abgeordnetenwatch.de/profile/matthias-buettner-0,list,,MdL,abgeordnetenwatch
ST,afd,Matthias Lieschke,matthias lieschke,exact_cross_party,Matthias Lieschke,,152765,https://www.abgeordnetenwatch.de/profile/matthias-lieschke,list,Landesliste AfD (Sachsen-Anhalt 2021 - 2026),MdL,abgeordnetenwatch
ST,afd,Nadine Koppehel,nadine koppehel,exact,Nadine Koppehel,afd,175018,https://www.abgeordnetenwatch.de/profile/nadine-koppehel,list,Landesliste AfD (Sachsen-Anhalt 2021 - 2026),MdL,abgeordnetenwatch
ST,afd,Oliver Kirchner,oliver kirchner,exact,Oliver Kirchner,afd,152751,https://www.abgeordnetenwatch.de/profile/oliver-kirchner,list,Landesliste AfD (Sachsen-Anhalt 2021 - 2026),MdL,abgeordnetenwatch
ST,afd,Tobias Rausch,tobias rausch,exact,Tobias Rausch,afd,152760,https://www.abgeordnetenwatch.de/profile/tobias-rausch,list,Landesliste AfD (Sachsen-Anhalt 2021 - 2026),MdL,abgeordnetenwatch
ST,afd,Ulrich Siegmund,ulrich siegmund,exact,Ulrich Siegmund,afd,152749,https://www.abgeordnetenwatch.de/profile/ulrich-siegmund,list,Landesliste AfD (Sachsen-Anhalt 2021 - 2026),MdL,abgeordnetenwatch
ST,cdu,Alexander Räuscher,alexander raeuscher,exact,Alexander Räuscher,cdu,175203,https://www.abgeordnetenwatch.de/profile/alexander-raeuscher,constituency,15 - Blankenburg (Sachsen-Anhalt 2021 - 2026),MdL,abgeordnetenwatch
ST,cdu,Andreas Schumann,andreas schumann,exact,Andreas Schumann,cdu,118110,https://www.abgeordnetenwatch.de/profile/andreas-schumann,constituency,13 - Magdeburg IV (Sachsen-Anhalt 2021 - 2026),MdL,abgeordnetenwatch
ST,cdu,Carsten Borchert,carsten borchert,exact,Carsten Borchert,cdu,152746,https://www.abgeordnetenwatch.de/profile/carsten-borchert,constituency,1 - Salzwedel (Sachsen-Anhalt 2021 - 2026),MdL,abgeordnetenwatch
ST,cdu,Chris Schulenburg,chris schulenburg,exact,Chris Schulenburg,cdu,152748,https://www.abgeordnetenwatch.de/profile/chris-schulenburg,constituency,3 - Havelberg-Osterburg (Sachsen-Anhalt 2021 - 2026),MdL,abgeordnetenwatch
ST,cdu,Christian Albrecht,christian albrecht,exact,Christian Albrecht,cdu,175224,https://www.abgeordnetenwatch.de/profile/christian-albrecht,constituency,35 - Halle I (Sachsen-Anhalt 2021 - 2026),MdL,abgeordnetenwatch
ST,cdu,Daniel Sturm,daniel sturm,exact,Daniel Sturm,cdu,124093,https://www.abgeordnetenwatch.de/profile/daniel-sturm,constituency,40 - Naumburg (Sachsen-Anhalt 2021 - 2026),MdL,abgeordnetenwatch
ST,cdu,Detlef Gürth,detlef guerth,exact,Detlef Gürth,cdu,124096,https://www.abgeordnetenwatch.de/profile/detlef-guerth,constituency,18 - Aschersleben (Sachsen-Anhalt 2021 - 2026),MdL,abgeordnetenwatch
ST,cdu,Dr. Anja Schneider,anja schneider,exact,Anja Schneider,cdu,175207,https://www.abgeordnetenwatch.de/profile/anja-schneider,constituency,26 - Dessau-Roßlau (Sachsen-Anhalt 2021 - 2026),MdL,abgeordnetenwatch
ST,cdu,Elke Simon-Kuch,elke simon-kuch,exact,Elke Simon-Kuch,cdu,175212,https://www.abgeordnetenwatch.de/profile/elke-simon-kuch,constituency,39 - Weißenfels (Sachsen-Anhalt 2021 - 2026),MdL,abgeordnetenwatch
ST,cdu,Eva Feußner,eva feussner,exact,Eva Feußner,cdu,124130,https://www.abgeordnetenwatch.de/profile/eva-feussner,constituency,32 - Querfurt (Sachsen-Anhalt 2021 - 2026),MdL,abgeordnetenwatch
ST,cdu,Frank Bommersbach,frank bommersbach,exact,Frank Bommersbach,cdu,124134,https://www.abgeordnetenwatch.de/profile/frank-bommersbach,constituency,34 - Bad Dürrenberg-Saalekreis (Sachsen-Anhalt 2021 - 2026),MdL,abgeordnetenwatch
ST,cdu,Guido Heuer,guido heuer,exact,Guido Heuer,cdu,152761,https://www.abgeordnetenwatch.de/profile/guido-heuer,constituency,9 - Oschersleben-Wanzleben (Sachsen-Anhalt 2021 - 2026),MdL,abgeordnetenwatch
ST,cdu,Karin Tschernich-Weiske,karin tschernich-weiske,exact,Karin Tschernich-Weiske,cdu,175213,https://www.abgeordnetenwatch.de/profile/karin-tschernich-weiske,constituency,27 - Dessau-Roßlau-Wittenberg (Sachsen-Anhalt 2021 - 2026),MdL,abgeordnetenwatch
ST,cdu,Kerstin Godenrath,kerstin godenrath,exact,Kerstin Godenrath,cdu,165100,https://www.abgeordnetenwatch.de/profile/kerstin-godenrath,constituency,37 - Halle III (Sachsen-Anhalt 2021 - 2026),MdL,abgeordnetenwatch
ST,cdu,Lars-Jörn Zimmer,lars-joern zimmer,exact,Lars-Jörn Zimmer,cdu,124230,https://www.abgeordnetenwatch.de/profile/lars-joern-zimmer,constituency,28 - Bitterfeld-Wolfen (Sachsen-Anhalt 2021 - 2026),MdL,abgeordnetenwatch
ST,cdu,Marco Tullner,marco tullner,exact,Marco Tullner,cdu,124241,https://www.abgeordnetenwatch.de/profile/marco-tullner,constituency,36 - Halle II (Sachsen-Anhalt 2021 - 2026),MdL,abgeordnetenwatch
ST,cdu,Markus Kurze,markus kurze,exact,Markus Kurze,cdu,124245,https://www.abgeordnetenwatch.de/profile/markus-kurze,constituency,6 - Burg (Sachsen-Anhalt 2021 - 2026),MdL,abgeordnetenwatch
ST,cdu,Matthias Redlich,matthias redlich,exact,Matthias Redlich,cdu,175210,https://www.abgeordnetenwatch.de/profile/matthias-redlich,constituency,31 - Sangerhausen (Sachsen-Anhalt 2021 - 2026),MdL,abgeordnetenwatch
ST,cdu,Michael Scheffler,michael scheffler,exact,Michael Scheffler,cdu,175208,https://www.abgeordnetenwatch.de/profile/michael-scheffler-0,constituency,29 - Saalekreis (Sachsen-Anhalt 2021 - 2026),MdL,abgeordnetenwatch
ST,cdu,Olaf Feuerborn,olaf feuerborn,exact,Olaf Feuerborn,cdu,175206,https://www.abgeordnetenwatch.de/profile/olaf-feuerborn,constituency,22 - Köthen (Sachsen-Anhalt 2021 - 2026),MdL,abgeordnetenwatch
ST,cdu,René Barthel,rene barthel,exact,René Barthel,cdu,175209,https://www.abgeordnetenwatch.de/profile/rene-barthel,constituency,30 - Eisleben (Sachsen-Anhalt 2021 - 2026),MdL,abgeordnetenwatch
ST,cdu,Sandra Hietel-Heuer,sandra hietel-heuer,exact,Sandra Hietel-Heuer,cdu,175197,https://www.abgeordnetenwatch.de/profile/sandra-hietel-heuer,constituency,2 - Gardelegen-Klötze (Sachsen-Anhalt 2021 - 2026),MdL,abgeordnetenwatch
ST,cdu,Stefan Ruland,stefan ruland,exact,Stefan Ruland,cdu,175205,https://www.abgeordnetenwatch.de/profile/stefan-ruland,constituency,21 - Bernburg (Sachsen-Anhalt 2021 - 2026),MdL,abgeordnetenwatch
ST,cdu,Sven Rosomkiewicz,sven rosomkiewicz,exact,Sven Rosomkiewicz,cdu,175204,https://www.abgeordnetenwatch.de/profile/sven-rosomkiewicz,constituency,19 - Staßfurt (Sachsen-Anhalt 2021 - 2026),MdL,abgeordnetenwatch
ST,cdu,Thomas Staudt,thomas staudt,exact,Thomas Staudt,cdu,175198,https://www.abgeordnetenwatch.de/profile/thomas-staudt,constituency,5 - Genthin (Sachsen-Anhalt 2021 - 2026),MdL,abgeordnetenwatch
ST,cdu,Tim Teßmann,tim tessmann,exact,Tim Teßmann,cdu,175199,https://www.abgeordnetenwatch.de/profile/tim-tessmann,constituency,7 - Haldensleben (Sachsen-Anhalt 2021 - 2026),MdL,abgeordnetenwatch
ST,cdu,Tobias Krull,tobias krull,exact,Tobias Krull,cdu,152753,https://www.abgeordnetenwatch.de/profile/tobias-krull,constituency,11 - Magdeburg II (Sachsen-Anhalt 2021 - 2026),MdL,abgeordnetenwatch
ST,cdu,Ulrich Thomas,ulrich thomas,exact,Ulrich Thomas,cdu,124331,https://www.abgeordnetenwatch.de/profile/ulrich-thomas,constituency,17 - Quedlinburg (Sachsen-Anhalt 2021 - 2026),MdL,abgeordnetenwatch
ST,fdp,Andreas Silbersack,andreas silbersack,exact,Andreas Silbersack,fdp,146315,https://www.abgeordnetenwatch.de/profile/andreas-silbersack,list,Landesliste FDP (Sachsen-Anhalt 2021 - 2026),MdL,abgeordnetenwatch
ST,fdp,Dr. Lydia Maria Hüskens,lydia maria hueskens,first_last,Lydia Hüskens,fdp,124235,https://www.abgeordnetenwatch.de/profile/lydia-hueskens,list,Landesliste FDP (Sachsen-Anhalt 2021 - 2026),MdL,abgeordnetenwatch
ST,fdp,Guido Lars Kosmehl,guido lars kosmehl,first_last,Guido Kosmehl,fdp,124160,https://www.abgeordnetenwatch.de/profile/guido-kosmehl,list,Landesliste FDP (Sachsen-Anhalt 2021 - 2026),MdL,abgeordnetenwatch
ST,fdp,Jörg Bernstein,joerg bernstein,exact,Jörg Bernstein,fdp,175046,https://www.abgeordnetenwatch.de/profile/joerg-bernstein,list,Landesliste FDP (Sachsen-Anhalt 2021 - 2026),MdL,abgeordnetenwatch
ST,fdp,Kathrin Tarricone,kathrin tarricone,exact,Kathrin Tarricone,fdp,175049,https://www.abgeordnetenwatch.de/profile/kathrin-tarricone,list,Landesliste FDP (Sachsen-Anhalt 2021 - 2026),MdL,abgeordnetenwatch
ST,fdp,Maximilian Gludau,maximilian gludau,exact,Maximilian Gludau,fdp,175058,https://www.abgeordnetenwatch.de/profile/maximilian-gludau,moved_up,39 - Weißenfels (Sachsen-Anhalt 2021 - 2026),MdL,abgeordnetenwatch
ST,gruene,Olaf Meister,olaf meister,exact,Olaf Meister,gruene,152757,https://www.abgeordnetenwatch.de/profile/olaf-meister,list,Landesliste BÜNDNIS 90/DIE GRÜNEN (Sachsen-Anhalt 2021 - 2026),MdL,abgeordnetenwatch
ST,gruene,Susan Sziborra-Seidlitz,susan sziborra-seidlitz,exact,Susan Sziborra-Seidlitz,gruene,145935,https://www.abgeordnetenwatch.de/profile/susan-sziborra-seidlitz,list,Landesliste BÜNDNIS 90/DIE GRÜNEN (Sachsen-Anhalt 2021 - 2026),MdL,abgeordnetenwatch
ST,gruene,Wolfgang Aldag,wolfgang aldag,exact,Wolfgang Aldag,gruene,152775,https://www.abgeordnetenwatch.de/profile/wolfgang-aldag,list,Landesliste BÜNDNIS 90/DIE GRÜNEN (Sachsen-Anhalt 2021 - 2026),MdL,abgeordnetenwatch
ST,linke,Eva von Angern,eva von angern,exact,Eva von Angern,linke,124132,https://www.abgeordnetenwatch.de/profile/eva-von-angern,list,Landesliste DIE LINKE (Sachsen-Anhalt 2021 - 2026),MdL,abgeordnetenwatch
ST,linke,Hendrik Lange,hendrik lange,exact,Hendrik Lange,linke,124190,https://www.abgeordnetenwatch.de/profile/hendrik-lange,list,Landesliste DIE LINKE (Sachsen-Anhalt 2021 - 2026),MdL,abgeordnetenwatch
ST,linke,Stefan Gebhardt,stefan gebhardt,exact,Stefan Gebhardt,linke,124312,https://www.abgeordnetenwatch.de/profile/stefan-gebhardt,list,Landesliste DIE LINKE (Sachsen-Anhalt 2021 - 2026),MdL,abgeordnetenwatch
ST,linke,Thomas Erich Herbert Lippmann,thomas erich herbert lippmann,first_last,Thomas Lippmann,linke,152772,https://www.abgeordnetenwatch.de/profile/thomas-lippmann,list,Landesliste DIE LINKE (Sachsen-Anhalt 2021 - 2026),MdL,abgeordnetenwatch
ST,spd,Dr. Andreas Schmidt,andreas schmidt,exact,Andreas Schmidt,spd,121089,https://www.abgeordnetenwatch.de/profile/andreas-schmidt-0,list,Landesliste SPD (Sachsen-Anhalt 2021 - 2026),MdL,abgeordnetenwatch
ST,spd,Dr. Falko Grube,falko grube,exact,Falko Grube,spd,152754,https://www.abgeordnetenwatch.de/profile/falko-grube,list,Landesliste SPD (Sachsen-Anhalt 2021 - 2026),MdL,abgeordnetenwatch
ST,spd,Dr. Katja Pähle,katja paehle,exact,Katja Pähle,spd,138867,https://www.abgeordnetenwatch.de/profile/katja-paehle,list,Landesliste SPD (Sachsen-Anhalt 2021 - 2026),MdL,abgeordnetenwatch
ST,spd,Elrid Pasbrig,elrid pasbrig,exact,Elrid Pasbrig,spd,175091,https://www.abgeordnetenwatch.de/profile/elrid-pasbrig,moved_up,6 - Burg (Sachsen-Anhalt 2021 - 2026),MdL,abgeordnetenwatch
ST,spd,Juliane Kleemann,juliane kleemann,exact,Juliane Kleemann,spd,175089,https://www.abgeordnetenwatch.de/profile/juliane-kleemann,list,Landesliste SPD (Sachsen-Anhalt 2021 - 2026),MdL,abgeordnetenwatch
ST,spd,Katrin Gensecke,katrin gensecke,exact,Katrin Gensecke,spd,175093,https://www.abgeordnetenwatch.de/profile/katrin-gensecke,list,Landesliste SPD (Sachsen-Anhalt 2021 - 2026),MdL,abgeordnetenwatch
