wkr,list_nr,party_raw,name,source
1,1,CDU,Carsten Borchert,https://statistik.sachsen-anhalt.de/fileadmin/Bibliothek/Landesaemter/StaLa/startseite/Themen/Wahlen/Tabellen/Auswertung_VOeff_FgMI.xlsx
1,2,AfD,Simon Lansmann,https://statistik.sachsen-anhalt.de/fileadmin/Bibliothek/Landesaemter/StaLa/startseite/Themen/Wahlen/Tabellen/Auswertung_VOeff_FgMI.xlsx
1,3,Die Linke,Raik Ohlmeyer,https://statistik.sachsen-anhalt.de/fileadmin/Bibliothek/Landesaemter/StaLa/startseite/Themen/Wahlen/Tabellen/Auswertung_VOeff_FgMI.xlsx
1,4,SPD,Dieter Diederichs,https://statistik.sachsen-anhalt.de/fileadmin/Bibliothek/Landesaemter/StaLa/startseite/Themen/Wahlen/Tabellen/Auswertung_VOeff_FgMI.xlsx
1,5,FDP,Thomas Dietmar Mothes,https://statistik.sachsen-anhalt.de/fileadmin/Bibliothek/Landesaemter/StaLa/startseite/Themen/Wahlen/Tabellen/Auswertung_VOeff_FgMI.xlsx
1,6,GRÜNE,Jascha Rihm,https://statistik.sachsen-anhalt.de/fileadmin/Bibliothek/Landesaemter/StaLa/startseite/Themen/Wahlen/Tabellen/Auswertung_VOeff_FgMI.xlsx
1,11,Die PARTEI,Gunter Dirk Strauß,https://statistik.sachsen-anhalt.de/fileadmin/Bibliothek/Landesaemter/StaLa/startseite/Themen/Wahlen/Tabellen/Auswertung_VOeff_FgMI.xlsx
1,15,BSW,Heiko Behne,https://statistik.sachsen-anhalt.de/fileadmin/Bibliothek/Landesaemter/StaLa/startseite/Themen/Wahlen/Tabellen/Auswertung_VOeff_FgMI.xlsx
2,1,CDU,Sandra Hietel-Heuer,https://statistik.sachsen-anhalt.de/fileadmin/Bibliothek/Landesaemter/StaLa/startseite/Themen/Wahlen/Tabellen/Auswertung_VOeff_FgMI.xlsx
2,2,AfD,Sebastian Koch,https://statistik.sachsen-anhalt.de/fileadmin/Bibliothek/Landesaemter/StaLa/startseite/Themen/Wahlen/Tabellen/Auswertung_VOeff_FgMI.xlsx
2,3,Die Linke,Toni Klabis,https://statistik.sachsen-anhalt.de/fileadmin/Bibliothek/Landesaemter/StaLa/startseite/Themen/Wahlen/Tabellen/Auswertung_VOeff_FgMI.xlsx
2,4,SPD,Skady Luisa Herkenrath,https://statistik.sachsen-anhalt.de/fileadmin/Bibliothek/Landesaemter/StaLa/startseite/Themen/Wahlen/Tabellen/Auswertung_VOeff_FgMI.xlsx
2,5,FDP,Annelie Brune,https://statistik.sachsen-anhalt.de/fileadmin/Bibliothek/Landesaemter/StaLa/startseite/Themen/Wahlen/Tabellen/Auswertung_VOeff_FgMI.xlsx
2,6,GRÜNE,Tobias Kremkau,https://statistik.sachsen-anhalt.de/fileadmin/Bibliothek/Landesaemter/StaLa/startseite/Themen/Wahlen/Tabellen/Auswertung_VOeff_FgMI.xlsx
2,11,Die PARTEI,Paul Friedrich Ulrich Heitmann,https://statistik.sachsen-anhalt.de/fileadmin/Bibliothek/Landesaemter/StaLa/startseite/Themen/Wahlen/Tabellen/Auswertung_VOeff_FgMI.xlsx
2,15,BSW,Frank Roßband,https://statistik.sachsen-anhalt.de/fileadmin/Bibliothek/Landesaemter/StaLa/startseite/Themen/Wahlen/Tabellen/Auswertung_VOeff_FgMI.xlsx
3,1,CDU,Chris Schulenburg,https://statistik.sachsen-anhalt.de/fileadmin/Bibliothek/Landesaemter/StaLa/startseite/Themen/Wahlen/Tabellen/Auswertung_VOeff_FgMI.xlsx
3,2,AfD,Sebastian Killinger,https://statistik.sachsen-anhalt.de/fileadmin/Bibliothek/Landesaemter/StaLa/startseite/Themen/Wahlen/Tabellen/Auswertung_VOeff_FgMI.xlsx
3,3,Die Linke,René Schernikau,https://statistik.sachsen-anhalt.de/fileadmin/Bibliothek/Landesaemter/StaLa/startseite/Themen/Wahlen/Tabellen/Auswertung_VOeff_FgMI.xlsx
3,4,SPD,Eric Böllstorf,https://statistik.sachsen-anhalt.de/fileadmin/Bibliothek/Landesaemter/StaLa/startseite/Themen/Wahlen/Tabellen/Auswertung_VOeff_FgMI.xlsx
3,5,FDP,Gunnar Salomon,https://statistik.sachsen-anhalt.de/fileadmin/Bibliothek/Landesaemter/StaLa/startseite/Themen/Wahlen/Tabellen/Auswertung_VOeff_FgMI.xlsx
3,6,GRÜNE,Michael Dihlmann,https://statistik.sachsen-anhalt.de/fileadmin/Bibliothek/Landesaemter/StaLa/startseite/Themen/Wahlen/Tabellen/Auswertung_VOeff_FgMI.xlsx
3,15,BSW,Holger Köhne,https://statistik.sachsen-anhalt.de/fileadmin/Bibliothek/Landesaemter/StaLa/startseite/Themen/Wahlen/Tabellen/Auswertung_VOeff_FgMI.xlsx
4,1,CDU,Thomas Weise,https://statistik.sachsen-anhalt.de/fileadmin/Bibliothek/Landesaemter/StaLa/startseite/Themen/Wahlen/Tabellen/Auswertung_VOeff_FgMI.xlsx
4,2,AfD,Matthias Büttner,https://statistik.sachsen-anhalt.de/fileadmin/Bibliothek/Landesaemter/StaLa/startseite/Themen/Wahlen/Tabellen/Auswertung_VOeff_FgMI.xlsx
4,3,Die Linke,Rico Goroncy,https://statistik.sachsen-anhalt.de/fileadmin/Bibliothek/Landesaemter/StaLa/startseite/Themen/Wahlen/Tabellen/Auswertung_VOeff_FgMI.xlsx
4,4,SPD,Juliane Kleemann,https://statistik.sachsen-anhalt.de/fileadmin/Bibliothek/Landesaemter/StaLa/startseite/Themen/Wahlen/Tabellen/Auswertung_VOeff_FgMI.xlsx
4,5,FDP,Marco Slotta,https://statistik.sachsen-anhalt.de/fileadmin/Bibliothek/Landesaemter/StaLa/startseite/Themen/Wahlen/Tabellen/Auswertung_VOeff_FgMI.xlsx
4,6,GRÜNE,Miriam Zeller,https://statistik.sachsen-anhalt.de/fileadmin/Bibliothek/Landesaemter/StaLa/startseite/Themen/Wahlen/Tabellen/Auswertung_VOeff_FgMI.xlsx
4,15,BSW,Volkmar Gryschok,https://statistik.sachsen-anhalt.de/fileadmin/Bibliothek/Landesaemter/StaLa/startseite/Themen/Wahlen/Tabellen/Auswertung_VOeff_FgMI.xlsx
5,1,CDU,Thomas Staudt,https://statistik.sachsen-anhalt.de/fileadmin/Bibliothek/Landesaemter/StaLa/startseite/Themen/Wahlen/Tabellen/Auswertung_VOeff_FgMI.xlsx
5,2,AfD,Ulrich Siegmund,https://statistik.sachsen-anhalt.de/fileadmin/Bibliothek/Landesaemter/StaLa/startseite/Themen/Wahlen/Tabellen/Auswertung_VOeff_FgMI.xlsx
5,3,Die Linke,Denis Kreuzadler,https://statistik.sachsen-anhalt.de/fileadmin/Bibliothek/Landesaemter/StaLa/startseite/Themen/Wahlen/Tabellen/Auswertung_VOeff_FgMI.xlsx
5,4,SPD,Timm Haußen,https://statistik.sachsen-anhalt.de/fileadmin/Bibliothek/Landesaemter/StaLa/startseite/Themen/Wahlen/Tabellen/Auswertung_VOeff_FgMI.xlsx
5,5,FDP,Oliver Mank,https://statistik.sachsen-anhalt.de/fileadmin/Bibliothek/Landesaemter/StaLa/startseite/Themen/Wahlen/Tabellen/Auswertung_VOeff_FgMI.xlsx
5,6,GRÜNE,Alexander Michael,https://statistik.sachsen-anhalt.de/fileadmin/Bibliothek/Landesaemter/StaLa/startseite/Themen/Wahlen/Tabellen/Auswertung_VOeff_FgMI.xlsx
5,15,BSW,Thomas Schulze,https://statistik.sachsen-anhalt.de/fileadmin/Bibliothek/Landesaemter/StaLa/startseite/Themen/Wahlen/Tabellen/Auswertung_VOeff_FgMI.xlsx
5,21,Einzelbewerber,Gordon Gleiche,https://statistik.sachsen-anhalt.de/fileadmin/Bibliothek/Landesaemter/StaLa/startseite/Themen/Wahlen/Tabellen/Auswertung_VOeff_FgMI.xlsx
6,1,CDU,Markus Kurze,https://statistik.sachsen-anhalt.de/fileadmin/Bibliothek/Landesaemter/StaLa/startseite/Themen/Wahlen/Tabellen/Auswertung_VOeff_FgMI.xlsx
6,2,AfD,Jan Scharfenort,https://statistik.sachsen-anhalt.de/fileadmin/Bibliothek/Landesaemter/StaLa/startseite/Themen/Wahlen/Tabellen/Auswertung_VOeff_FgMI.xlsx
6,3,Die Linke,Rafael Rotermund,https://statistik.sachsen-anhalt.de/fileadmin/Bibliothek/Landesaemter/StaLa/startseite/Themen/Wahlen/Tabellen/Auswertung_VOeff_FgMI.xlsx
6,4,SPD,Elrid Pasbrig,https://statistik.sachsen-anhalt.de/fileadmin/Bibliothek/Landesaemter/StaLa/startseite/Themen/Wahlen/Tabellen/Auswertung_VOeff_FgMI.xlsx
6,5,FDP,Allard von Arnim,https://statistik.sachsen-anhalt.de/fileadmin/Bibliothek/Landesaemter/StaLa/startseite/Themen/Wahlen/Tabellen/Auswertung_VOeff_FgMI.xlsx
6,6,GRÜNE,Friederike Larek,https://statistik.sachsen-anhalt.de/fileadmin/Bibliothek/Landesaemter/StaLa/startseite/Themen/Wahlen/Tabellen/Auswertung_VOeff_FgMI.xlsx
6,7,FREIE WÄHLER,Kay Gericke,https://statistik.sachsen-anhalt.de/fileadmin/Bibliothek/Landesaemter/StaLa/startseite/Themen/Wahlen/Tabellen/Auswertung_VOeff_FgMI.xlsx
6,15,BSW,Matthias Hohmann,https://statistik.sachsen-anhalt.de/fileadmin/Bibliothek/Landesaemter/StaLa/startseite/Themen/Wahlen/Tabellen/Auswertung_VOeff_FgMI.xlsx
6,21,Einzelbewerber,Gerry Weber,https://statistik.sachsen-anhalt.de/fileadmin/Bibliothek/Landesaemter/StaLa/startseite/Themen/Wahlen/Tabellen/Auswertung_VOeff_FgMI.xlsx
7,1,CDU,Tim Teßmann,https://statistik.sachsen-anhalt.de/fileadmin/Bibliothek/Landesaemter/StaLa/startseite/Themen/Wahlen/Tabellen/Auswertung_VOeff_FgMI.xlsx
7,2,AfD,Dirk Lassowski,https://statistik.sachsen-anhalt.de/fileadmin/Bibliothek/Landesaemter/StaLa/startseite/Themen/Wahlen/Tabellen/Auswertung_VOeff_FgMI.xlsx
7,3,Die Linke,Arne Hornung,https://statistik.sachsen-anhalt.de/fileadmin/Bibliothek/Landesaemter/StaLa/startseite/Themen/Wahlen/Tabellen/Auswertung_VOeff_FgMI.xlsx
7,4,SPD,Philipp Morgner,https://statistik.sachsen-anhalt.de/fileadmin/Bibliothek/Landesaemter/StaLa/startseite/Themen/Wahlen/Tabellen/Auswertung_VOeff_FgMI.xlsx
7,5,FDP,Pascal Weiser,https://statistik.sachsen-anhalt.de/fileadmin/Bibliothek/Landesaemter/StaLa/startseite/Themen/Wahlen/Tabellen/Auswertung_VOeff_FgMI.xlsx
7,6,GRÜNE,Philipp Händler,https://statistik.sachsen-anhalt.de/fileadmin/Bibliothek/Landesaemter/StaLa/startseite/Themen/Wahlen/Tabellen/Auswertung_VOeff_FgMI.xlsx
7,15,BSW,Oliver Bart,https://statistik.sachsen-anhalt.de/fileadmin/Bibliothek/Landesaemter/StaLa/startseite/Themen/Wahlen/Tabellen/Auswertung_VOeff_FgMI.xlsx
8,1,CDU,Christopher Schult,https://statistik.sachsen-anhalt.de/fileadmin/Bibliothek/Landesaemter/StaLa/startseite/Themen/Wahlen/Tabellen/Auswertung_VOeff_FgMI.xlsx
8,2,AfD,Felix Zietmann,https://statistik.sachsen-anhalt.de/fileadmin/Bibliothek/Landesaemter/StaLa/startseite/Themen/Wahlen/Tabellen/Auswertung_VOeff_FgMI.xlsx
8,3,Die Linke,Vanessa Mertens,https://statistik.sachsen-anhalt.de/fileadmin/Bibliothek/Landesaemter/StaLa/startseite/Themen/Wahlen/Tabellen/Auswertung_VOeff_FgMI.xlsx
8,4,SPD,Katrin Gensecke,https://statistik.sachsen-anhalt.de/fileadmin/Bibliothek/Landesaemter/StaLa/startseite/Themen/Wahlen/Tabellen/Auswertung_VOeff_FgMI.xlsx
8,5,FDP,Björn Wasserthal,https://statistik.sachsen-anhalt.de/fileadmin/Bibliothek/Landesaemter/StaLa/startseite/Themen/Wahlen/Tabellen/Auswertung_VOeff_FgMI.xlsx
8,6,GRÜNE,Stefan Lehfeld,https://statistik.sachsen-anhalt.de/fileadmin/Bibliothek/Landesaemter/StaLa/startseite/Themen/Wahlen/Tabellen/Auswertung_VOeff_FgMI.xlsx
8,15,BSW,Michael Fürst,https://statistik.sachsen-anhalt.de/fileadmin/Bibliothek/Landesaemter/StaLa/startseite/Themen/Wahlen/Tabellen/Auswertung_VOeff_FgMI.xlsx
8,21,Einzelbewerber,Christian Baumgart,https://statistik.sachsen-anhalt.de/fileadmin/Bibliothek/Landesaemter/StaLa/startseite/Themen/Wahlen/Tabellen/Auswertung_VOeff_FgMI.xlsx
9,1,CDU,Guido Heuer,https://statistik.sachsen-anhalt.de/fileadmin/Bibliothek/Landesaemter/StaLa/startseite/Themen/Wahlen/Tabellen/Auswertung_VOeff_FgMI.xlsx
9,2,AfD,Thomas Schmirander,https://statistik.sachsen-anhalt.de/fileadmin/Bibliothek/Landesaemter/StaLa/startseite/Themen/Wahlen/Tabellen/Auswertung_VOeff_FgMI.xlsx
9,3,Die Linke,Sophie Manleitner,https://statistik.sachsen-anhalt.de/fileadmin/Bibliothek/Landesaemter/StaLa/startseite/Themen/Wahlen/Tabellen/Auswertung_VOeff_FgMI.xlsx
9,4,SPD,Thorben Nick Rehak,https://statistik.sachsen-anhalt.de/fileadmin/Bibliothek/Landesaemter/StaLa/startseite/Themen/Wahlen/Tabellen/Auswertung_VOeff_FgMI.xlsx
9,5,FDP,Adrian Gusinde,https://statistik.sachsen-anhalt.de/fileadmin/Bibliothek/Landesaemter/StaLa/startseite/Themen/Wahlen/Tabellen/Auswertung_VOeff_FgMI.xlsx
9,6,GRÜNE,Kristin Schuller,https://statistik.sachsen-anhalt.de/fileadmin/Bibliothek/Landesaemter/StaLa/startseite/Themen/Wahlen/Tabellen/Auswertung_VOeff_FgMI.xlsx
9,15,BSW,Carsten Reiche,https://statistik.sachsen-anhalt.de/fileadmin/Bibliothek/Landesaemter/StaLa/startseite/Themen/Wahlen/Tabellen/Auswertung_VOeff_FgMI.xlsx
10,1,CDU,Tim Rohne,https://statistik.sachsen-anhalt.de/fileadmin/Bibliothek/Landesaemter/StaLa/startseite/Themen/Wahlen/Tabellen/Auswertung_VOeff_FgMI.xlsx
10,2,AfD,Oliver Kirchner,https://statistik.sachsen-anhalt.de/fileadmin/Bibliothek/Landesaemter/StaLa/startseite/Themen/Wahlen/Tabellen/Auswertung_VOeff_FgMI.xlsx
10,3,Die Linke,Noah Elias Biswanger,https://statistik.sachsen-anhalt.de/fileadmin/Bibliothek/Landesaemter/StaLa/startseite/Themen/Wahlen/Tabellen/Auswertung_VOeff_FgMI.xlsx
10,4,SPD,Julia Brandt,https://statistik.sachsen-anhalt.de/fileadmin/Bibliothek/Landesaemter/StaLa/startseite/Themen/Wahlen/Tabellen/Auswertung_VOeff_FgMI.xlsx
10,5,FDP,Dr. Lydia Maria Hüskens,https://statistik.sachsen-anhalt.de/fileadmin/Bibliothek/Landesaemter/StaLa/startseite/Themen/Wahlen/Tabellen/Auswertung_VOeff_FgMI.xlsx
10,6,GRÜNE,Rico Herrmann,https://statistik.sachsen-anhalt.de/fileadmin/Bibliothek/Landesaemter/StaLa/startseite/Themen/Wahlen/Tabellen/Auswertung_VOeff_FgMI.xlsx
10,10,Gartenpartei,Roland Zander,https://statistik.sachsen-anhalt.de/fileadmin/Bibliothek/Landesaemter/StaLa/startseite/Themen/Wahlen/Tabellen/Auswertung_VOeff_FgMI.xlsx
10,12,TIERSCHUTZALLIANZ,Enrico Richei,https://statistik.sachsen-anhalt.de/fileadmin/Bibliothek/Landesaemter/StaLa/startseite/Themen/Wahlen/Tabellen/Auswertung_VOeff_FgMI.xlsx
10,15,BSW,Vinzenz Louis Mühlbach,https://statistik.sachsen-anhalt.de/fileadmin/Bibliothek/Landesaemter/StaLa/startseite/Themen/Wahlen/Tabellen/Auswertung_VOeff_FgMI.xlsx
11,1,CDU,Tobias Krull,https://statistik.sachsen-anhalt.de/fileadmin/Bibliothek/Landesaemter/StaLa/startseite/Themen/Wahlen/Tabellen/Auswertung_VOeff_FgMI.xlsx
11,2,AfD,Hagen Kohl,https://statistik.sachsen-anhalt.de/fileadmin/Bibliothek/Landesaemter/StaLa/startseite/Themen/Wahlen/Tabellen/Auswertung_VOeff_FgMI.xlsx
11,3,Die Linke,Mustafa Groener,https://statistik.sachsen-anhalt.de/fileadmin/Bibliothek/Landesaemter/StaLa/startseite/Themen/Wahlen/Tabellen/Auswertung_VOeff_FgMI.xlsx
11,4,SPD,Dr. Falko Grube,https://statistik.sachsen-anhalt.de/fileadmin/Bibliothek/Landesaemter/StaLa/startseite/Themen/Wahlen/Tabellen/Auswertung_VOeff_FgMI.xlsx
11,5,FDP,Christian Daehre,https://statistik.sachsen-anhalt.de/fileadmin/Bibliothek/Landesaemter/StaLa/startseite/Themen/Wahlen/Tabellen/Auswertung_VOeff_FgMI.xlsx
11,6,GRÜNE,Madeleine Linke,https://statistik.sachsen-anhalt.de/fileadmin/Bibliothek/Landesaemter/StaLa/startseite/Themen/Wahlen/Tabellen/Auswertung_VOeff_FgMI.xlsx
11,10,Gartenpartei,Rainer Buller,https://statistik.sachsen-anhalt.de/fileadmin/Bibliothek/Landesaemter/StaLa/startseite/Themen/Wahlen/Tabellen/Auswertung_VOeff_FgMI.xlsx
11,12,TIERSCHUTZALLIANZ,Josef Fassl,https://statistik.sachsen-anhalt.de/fileadmin/Bibliothek/Landesaemter/StaLa/startseite/Themen/Wahlen/Tabellen/Auswertung_VOeff_FgMI.xlsx
11,15,BSW,John Lucas Dittrich,https://statistik.sachsen-anhalt.de/fileadmin/Bibliothek/Landesaemter/StaLa/startseite/Themen/Wahlen/Tabellen/Auswertung_VOeff_FgMI.xlsx
11,20,Volt,Lucas Kemmesies,https://statistik.sachsen-anhalt.de/fileadmin/Bibliothek/Landesaemter/StaLa/startseite/Themen/Wahlen/Tabellen/Auswertung_VOeff_FgMI.xlsx
12,1,CDU,Sven Schulze,https://statistik.sachsen-anhalt.de/fileadmin/Bibliothek/Landesaemter/StaLa/startseite/Themen/Wahlen/Tabellen/Auswertung_VOeff_FgMI.xlsx
12,2,AfD,Christian Mertens,https://statistik.sachsen-anhalt.de/fileadmin/Bibliothek/Landesaemter/StaLa/startseite/Themen/Wahlen/Tabellen/Auswertung_VOeff_FgMI.xlsx
12,3,Die Linke,Eva von Angern,https://statistik.sachsen-anhalt.de/fileadmin/Bibliothek/Landesaemter/StaLa/startseite/Themen/Wahlen/Tabellen/Auswertung_VOeff_FgMI.xlsx
12,4,SPD,Christian Hausmann,https://statistik.sachsen-anhalt.de/fileadmin/Bibliothek/Landesaemter/StaLa/startseite/Themen/Wahlen/Tabellen/Auswertung_VOeff_FgMI.xlsx
12,5,FDP,Thomas Gürke,https://statistik.sachsen-anhalt.de/fileadmin/Bibliothek/Landesaemter/StaLa/startseite/Themen/Wahlen/Tabellen/Auswertung_VOeff_FgMI.xlsx
12,6,GRÜNE,Michelle Angeli,https://statistik.sachsen-anhalt.de/fileadmin/Bibliothek/Landesaemter/StaLa/startseite/Themen/Wahlen/Tabellen/Auswertung_VOeff_FgMI.xlsx
12,10,Gartenpartei,Dr. Helmut Bresch,https://statistik.sachsen-anhalt.de/fileadmin/Bibliothek/Landesaemter/StaLa/startseite/Themen/Wahlen/Tabellen/Auswertung_VOeff_FgMI.xlsx
12,15,BSW,Lenny Werner Wapenhans,https://statistik.sachsen-anhalt.de/fileadmin/Bibliothek/Landesaemter/StaLa/startseite/Themen/Wahlen/Tabellen/Auswertung_VOeff_FgMI.xlsx
13,1,CDU,Andreas Schumann,https://statistik.sachsen-anhalt.de/fileadmin/Bibliothek/Landesaemter/StaLa/startseite/Themen/Wahlen/Tabellen/Auswertung_VOeff_FgMI.xlsx
13,2,AfD,Ronny Kumpf,https://statistik.sachsen-anhalt.de/fileadmin/Bibliothek/Landesaemter/StaLa/startseite/Themen/Wahlen/Tabellen/Auswertung_VOeff_FgMI.xlsx
13,3,Die Linke,Dennis Jannack,https://statistik.sachsen-anhalt.de/fileadmin/Bibliothek/Landesaemter/StaLa/startseite/Themen/Wahlen/Tabellen/Auswertung_VOeff_FgMI.xlsx
13,4,SPD,Ralph Blümel,https://statistik.sachsen-anhalt.de/fileadmin/Bibliothek/Landesaemter/StaLa/startseite/Themen/Wahlen/Tabellen/Auswertung_VOeff_FgMI.xlsx
13,5,FDP,Daniela Tost,https://statistik.sachsen-anhalt.de/fileadmin/Bibliothek/Landesaemter/StaLa/startseite/Themen/Wahlen/Tabellen/Auswertung_VOeff_FgMI.xlsx
13,6,GRÜNE,Olaf Meister,https://statistik.sachsen-anhalt.de/fileadmin/Bibliothek/Landesaemter/StaLa/startseite/Themen/Wahlen/Tabellen/Auswertung_VOeff_FgMI.xlsx
13,10,Gartenpartei,Marcel Guderjahn,https://statistik.sachsen-anhalt.de/fileadmin/Bibliothek/Landesaemter/StaLa/startseite/Themen/Wahlen/Tabellen/Auswertung_VOeff_FgMI.xlsx
13,15,BSW,Hugo Boeck,https://statistik.sachsen-anhalt.de/fileadmin/Bibliothek/Landesaemter/StaLa/startseite/Themen/Wahlen/Tabellen/Auswertung_VOeff_FgMI.xlsx
14,1,CDU,Artjom Pusch,https://statistik.sachsen-anhalt.de/fileadmin/Bibliothek/Landesaemter/StaLa/startseite/Themen/Wahlen/Tabellen/Auswertung_VOeff_FgMI.xlsx
14,2,AfD,Christian Ulrich Hecht,https://statistik.sachsen-anhalt.de/fileadmin/Bibliothek/Landesaemter/StaLa/startseite/Themen/Wahlen/Tabellen/Auswertung_VOeff_FgMI.xlsx
14,3,Die Linke,Alexander Luft,https://statistik.sachsen-anhalt.de/fileadmin/Bibliothek/Landesaemter/StaLa/startseite/Themen/Wahlen/Tabellen/Auswertung_VOeff_FgMI.xlsx
14,4,SPD,Nils Johannson,https://statistik.sachsen-anhalt.de/fileadmin/Bibliothek/Landesaemter/StaLa/startseite/Themen/Wahlen/Tabellen/Auswertung_VOeff_FgMI.xlsx
14,5,FDP,Felix Julius Krüger,https://statistik.sachsen-anhalt.de/fileadmin/Bibliothek/Landesaemter/StaLa/startseite/Themen/Wahlen/Tabellen/Auswertung_VOeff_FgMI.xlsx
14,6,GRÜNE,Elke Ruth Lampka,https://statistik.sachsen-anhalt.de/fileadmin/Bibliothek/Landesaemter/StaLa/startseite/Themen/Wahlen/Tabellen/Auswertung_VOeff_FgMI.xlsx
14,7,FREIE WÄHLER,Danny Becker,https://statistik.sachsen-anhalt.de/fileadmin/Bibliothek/Landesaemter/StaLa/startseite/Themen/Wahlen/Tabellen/Auswertung_VOeff_FgMI.xlsx
14,15,BSW,Monika Gehlis,https://statistik.sachsen-anhalt.de/fileadmin/Bibliothek/Landesaemter/StaLa/startseite/Themen/Wahlen/Tabellen/Auswertung_VOeff_FgMI.xlsx
15,1,CDU,Alexander Räuscher,https://statistik.sachsen-anhalt.de/fileadmin/Bibliothek/Landesaemter/StaLa/startseite/Themen/Wahlen/Tabellen/Auswertung_VOeff_FgMI.xlsx
15,2,AfD,Armin Friese,https://statistik.sachsen-anhalt.de/fileadmin/Bibliothek/Landesaemter/StaLa/startseite/Themen/Wahlen/Tabellen/Auswertung_VOeff_FgMI.xlsx
15,3,Die Linke,Lukas Franke,https://statistik.sachsen-anhalt.de/fileadmin/Bibliothek/Landesaemter/StaLa/startseite/Themen/Wahlen/Tabellen/Auswertung_VOeff_FgMI.xlsx
15,4,SPD,Florian Fahrtmann,https://statistik.sachsen-anhalt.de/fileadmin/Bibliothek/Landesaemter/StaLa/startseite/Themen/Wahlen/Tabellen/Auswertung_VOeff_FgMI.xlsx
15,5,FDP,Steffen Mente,https://statistik.sachsen-anhalt.de/fileadmin/Bibliothek/Landesaemter/StaLa/startseite/Themen/Wahlen/Tabellen/Auswertung_VOeff_FgMI.xlsx
15,6,GRÜNE,Klaus Plitzkat,https://statistik.sachsen-anhalt.de/fileadmin/Bibliothek/Landesaemter/StaLa/startseite/Themen/Wahlen/Tabellen/Auswertung_VOeff_FgMI.xlsx
15,7,FREIE WÄHLER,André Weber,https://statistik.sachsen-anhalt.de/fileadmin/Bibliothek/Landesaemter/StaLa/startseite/Themen/Wahlen/Tabellen/Auswertung_VOeff_FgMI.xlsx
15,15,BSW,Maximilian Schwartz,https://statistik.sachsen-anhalt.de/fileadmin/Bibliothek/Landesaemter/StaLa/startseite/Themen/Wahlen/Tabellen/Auswertung_VOeff_FgMI.xlsx
16,1,CDU,Bianca Heine,https://statistik.sachsen-anhalt.de/fileadmin/Bibliothek/Landesaemter/StaLa/startseite/Themen/Wahlen/Tabellen/Auswertung_VOeff_FgMI.xlsx
16,2,AfD,Frank-Ronald Bischoff,https://statistik.sachsen-anhalt.de/fileadmin/Bibliothek/Landesaemter/StaLa/startseite/Themen/Wahlen/Tabellen/Auswertung_VOeff_FgMI.xlsx
16,3,Die Linke,Katja Käfer,https://statistik.sachsen-anhalt.de/fileadmin/Bibliothek/Landesaemter/StaLa/startseite/Themen/Wahlen/Tabellen/Auswertung_VOeff_FgMI.xlsx
16,4,SPD,Dr. Armin Willingmann,https://statistik.sachsen-anhalt.de/fileadmin/Bibliothek/Landesaemter/StaLa/startseite/Themen/Wahlen/Tabellen/Auswertung_VOeff_FgMI.xlsx
16,5,FDP,Max Henrik Schröder,https://statistik.sachsen-anhalt.de/fileadmin/Bibliothek/Landesaemter/StaLa/startseite/Themen/Wahlen/Tabellen/Auswertung_VOeff_FgMI.xlsx
16,6,GRÜNE,Lennox Schrickel,https://statistik.sachsen-anhalt.de/fileadmin/Bibliothek/Landesaemter/StaLa/startseite/Themen/Wahlen/Tabellen/Auswertung_VOeff_FgMI.xlsx
16,7,FREIE WÄHLER,Bianka Willke,https://statistik.sachsen-anhalt.de/fileadmin/Bibliothek/Landesaemter/StaLa/startseite/Themen/Wahlen/Tabellen/Auswertung_VOeff_FgMI.xlsx
16,15,BSW,Joachim Pasemann,https://statistik.sachsen-anhalt.de/fileadmin/Bibliothek/Landesaemter/StaLa/startseite/Themen/Wahlen/Tabellen/Auswertung_VOeff_FgMI.xlsx
17,1,CDU,Ulrich Thomas,https://statistik.sachsen-anhalt.de/fileadmin/Bibliothek/Landesaemter/StaLa/startseite/Themen/Wahlen/Tabellen/Auswertung_VOeff_FgMI.xlsx
17,2,AfD,Dennis Möhring,https://statistik.sachsen-anhalt.de/fileadmin/Bibliothek/Landesaemter/StaLa/startseite/Themen/Wahlen/Tabellen/Auswertung_VOeff_FgMI.xlsx
17,3,Die Linke,Maik Fye,https://statistik.sachsen-anhalt.de/fileadmin/Bibliothek/Landesaemter/StaLa/startseite/Themen/Wahlen/Tabellen/Auswertung_VOeff_FgMI.xlsx
17,4,SPD,Nadine Hillecke,https://statistik.sachsen-anhalt.de/fileadmin/Bibliothek/Landesaemter/StaLa/startseite/Themen/Wahlen/Tabellen/Auswertung_VOeff_FgMI.xlsx
17,5,FDP,Florian Pascal Feger,https://statistik.sachsen-anhalt.de/fileadmin/Bibliothek/Landesaemter/StaLa/startseite/Themen/Wahlen/Tabellen/Auswertung_VOeff_FgMI.xlsx
17,6,GRÜNE,Susan Sziborra-Seidlitz,https://statistik.sachsen-anhalt.de/fileadmin/Bibliothek/Landesaemter/StaLa/startseite/Themen/Wahlen/Tabellen/Auswertung_VOeff_FgMI.xlsx
17,7,FREIE WÄHLER,Jerome Querfurth,https://statistik.sachsen-anhalt.de/fileadmin/Bibliothek/Landesaemter/StaLa/startseite/Themen/Wahlen/Tabellen/Auswertung_VOeff_FgMI.xlsx
17,15,BSW,Michael Reim,https://statistik.sachsen-anhalt.de/fileadmin/Bibliothek/Landesaemter/StaLa/startseite/Themen/Wahlen/Tabellen/Auswertung_VOeff_FgMI.xlsx
17,21,Einzelbewerber,Marcus Kroll,https://statistik.sachsen-anhalt.de/fileadmin/Bibliothek/Landesaemter/StaLa/startseite/Themen/Wahlen/Tabellen/Auswertung_VOeff_FgMI.xlsx
18,1,CDU,Detlef Gürth,https://statistik.sachsen-anhalt.de/fileadmin/Bibliothek/Landesaemter/StaLa/startseite/Themen/Wahlen/Tabellen/Auswertung_VOeff_FgMI.xlsx
18,2,AfD,Daniel Rausch,https://statistik.sachsen-anhalt.de/fileadmin/Bibliothek/Landesaemter/StaLa/startseite/Themen/Wahlen/Tabellen/Auswertung_VOeff_FgMI.xlsx
18,3,Die Linke,Kay Lorenz,https://statistik.sachsen-anhalt.de/fileadmin/Bibliothek/Landesaemter/StaLa/startseite/Themen/Wahlen/Tabellen/Auswertung_VOeff_FgMI.xlsx
18,4,SPD,Yves Metzing,https://statistik.sachsen-anhalt.de/fileadmin/Bibliothek/Landesaemter/StaLa/startseite/Themen/Wahlen/Tabellen/Auswertung_VOeff_FgMI.xlsx
18,5,FDP,Torsten Haußmann,https://statistik.sachsen-anhalt.de/fileadmin/Bibliothek/Landesaemter/StaLa/startseite/Themen/Wahlen/Tabellen/Auswertung_VOeff_FgMI.xlsx
18,6,GRÜNE,Martin Mertens-Keylock,https://statistik.sachsen-anhalt.de/fileadmin/Bibliothek/Landesaemter/StaLa/startseite/Themen/Wahlen/Tabellen/Auswertung_VOeff_FgMI.xlsx
18,15,BSW,Andreas Michelmann,https://statistik.sachsen-anhalt.de/fileadmin/Bibliothek/Landesaemter/StaLa/startseite/Themen/Wahlen/Tabellen/Auswertung_VOeff_FgMI.xlsx
18,19,PdF,Steve Daditsch,https://statistik.sachsen-anhalt.de/fileadmin/Bibliothek/Landesaemter/StaLa/startseite/Themen/Wahlen/Tabellen/Auswertung_VOeff_FgMI.xlsx
19,1,CDU,Sven Rosomkiewicz,https://statistik.sachsen-anhalt.de/fileadmin/Bibliothek/Landesaemter/StaLa/startseite/Themen/Wahlen/Tabellen/Auswertung_VOeff_FgMI.xlsx
19,2,AfD,Matthias Büttner,https://statistik.sachsen-anhalt.de/fileadmin/Bibliothek/Landesaemter/StaLa/startseite/Themen/Wahlen/Tabellen/Auswertung_VOeff_FgMI.xlsx
19,3,Die Linke,Veit Kuhr,https://statistik.sachsen-anhalt.de/fileadmin/Bibliothek/Landesaemter/StaLa/startseite/Themen/Wahlen/Tabellen/Auswertung_VOeff_FgMI.xlsx
19,4,SPD,Seluan Al-Chakmakchi,https://statistik.sachsen-anhalt.de/fileadmin/Bibliothek/Landesaemter/StaLa/startseite/Themen/Wahlen/Tabellen/Auswertung_VOeff_FgMI.xlsx
19,5,FDP,Axel Riedel,https://statistik.sachsen-anhalt.de/fileadmin/Bibliothek/Landesaemter/StaLa/startseite/Themen/Wahlen/Tabellen/Auswertung_VOeff_FgMI.xlsx
19,6,GRÜNE,Kevin Pockrandt,https://statistik.sachsen-anhalt.de/fileadmin/Bibliothek/Landesaemter/StaLa/startseite/Themen/Wahlen/Tabellen/Auswertung_VOeff_FgMI.xlsx
19,15,BSW,Roland Herbert,https://statistik.sachsen-anhalt.de/fileadmin/Bibliothek/Landesaemter/StaLa/startseite/Themen/Wahlen/Tabellen/Auswertung_VOeff_FgMI.xlsx
20,1,CDU,Dr. Daniel Schlothmann-Jeschek,https://statistik.sachsen-anhalt.de/fileadmin/Bibliothek/Landesaemter/StaLa/startseite/Themen/Wahlen/Tabellen/Auswertung_VOeff_FgMI.xlsx
20,2,AfD,Tobias Rausch,https://statistik.sachsen-anhalt.de/fileadmin/Bibliothek/Landesaemter/StaLa/startseite/Themen/Wahlen/Tabellen/Auswertung_VOeff_FgMI.xlsx
20,3,Die Linke,Natalie Nagel,https://statistik.sachsen-anhalt.de/fileadmin/Bibliothek/Landesaemter/StaLa/startseite/Themen/Wahlen/Tabellen/Auswertung_VOeff_FgMI.xlsx
20,4,SPD,René Wölfer,https://statistik.sachsen-anhalt.de/fileadmin/Bibliothek/Landesaemter/StaLa/startseite/Themen/Wahlen/Tabellen/Auswertung_VOeff_FgMI.xlsx
20,5,FDP,Johanna Engel,https://statistik.sachsen-anhalt.de/fileadmin/Bibliothek/Landesaemter/StaLa/startseite/Themen/Wahlen/Tabellen/Auswertung_VOeff_FgMI.xlsx
20,6,GRÜNE,Marlyn Waga,https://statistik.sachsen-anhalt.de/fileadmin/Bibliothek/Landesaemter/StaLa/startseite/Themen/Wahlen/Tabellen/Auswertung_VOeff_FgMI.xlsx
20,15,BSW,Uwe Erich Georgi,https://statistik.sachsen-anhalt.de/fileadmin/Bibliothek/Landesaemter/StaLa/startseite/Themen/Wahlen/Tabellen/Auswertung_VOeff_FgMI.xlsx
21,1,CDU,Stefan Ruland,https://statistik.sachsen-anhalt.de/fileadmin/Bibliothek/Landesaemter/StaLa/startseite/Themen/Wahlen/Tabellen/Auswertung_VOeff_FgMI.xlsx
21,2,AfD,Dr. Jan Moldenhauer,https://statistik.sachsen-anhalt.de/fileadmin/Bibliothek/Landesaemter/StaLa/startseite/Themen/Wahlen/Tabellen/Auswertung_VOeff_FgMI.xlsx
21,3,Die Linke,Henriette Krebs,https://statistik.sachsen-anhalt.de/fileadmin/Bibliothek/Landesaemter/StaLa/startseite/Themen/Wahlen/Tabellen/Auswertung_VOeff_FgMI.xlsx
21,4,SPD,Caroline Müller,https://statistik.sachsen-anhalt.de/fileadmin/Bibliothek/Landesaemter/StaLa/startseite/Themen/Wahlen/Tabellen/Auswertung_VOeff_FgMI.xlsx
21,5,FDP,Dr. Frank Odemar,https://statistik.sachsen-anhalt.de/fileadmin/Bibliothek/Landesaemter/StaLa/startseite/Themen/Wahlen/Tabellen/Auswertung_VOeff_FgMI.xlsx
21,6,GRÜNE,Sandra Bauer,https://statistik.sachsen-anhalt.de/fileadmin/Bibliothek/Landesaemter/StaLa/startseite/Themen/Wahlen/Tabellen/Auswertung_VOeff_FgMI.xlsx
22,1,CDU,Olaf Feuerborn,https://statistik.sachsen-anhalt.de/fileadmin/Bibliothek/Landesaemter/StaLa/startseite/Themen/Wahlen/Tabellen/Auswertung_VOeff_FgMI.xlsx
22,2,AfD,Volker Olenicak,https://statistik.sachsen-anhalt.de/fileadmin/Bibliothek/Landesaemter/StaLa/startseite/Themen/Wahlen/Tabellen/Auswertung_VOeff_FgMI.xlsx
22,3,Die Linke,Andreas Pulst,https://statistik.sachsen-anhalt.de/fileadmin/Bibliothek/Landesaemter/StaLa/startseite/Themen/Wahlen/Tabellen/Auswertung_VOeff_FgMI.xlsx
22,4,SPD,Felix Giesa,https://statistik.sachsen-anhalt.de/fileadmin/Bibliothek/Landesaemter/StaLa/startseite/Themen/Wahlen/Tabellen/Auswertung_VOeff_FgMI.xlsx
22,5,FDP,John Matthias Kaube,https://statistik.sachsen-anhalt.de/fileadmin/Bibliothek/Landesaemter/StaLa/startseite/Themen/Wahlen/Tabellen/Auswertung_VOeff_FgMI.xlsx
22,6,GRÜNE,Sascha Greiner,https://statistik.sachsen-anhalt.de/fileadmin/Bibliothek/Landesaemter/StaLa/startseite/Themen/Wahlen/Tabellen/Auswertung_VOeff_FgMI.xlsx
22,15,BSW,Christian Samter,https://statistik.sachsen-anhalt.de/fileadmin/Bibliothek/Landesaemter/StaLa/startseite/Themen/Wahlen/Tabellen/Auswertung_VOeff_FgMI.xlsx
23,1,CDU,Jonas Döhring,https://statistik.sachsen-anhalt.de/fileadmin/Bibliothek/Landesaemter/StaLa/startseite/Themen/Wahlen/Tabellen/Auswertung_VOeff_FgMI.xlsx
23,2,AfD,Phillipp-Anders Rau,https://statistik.sachsen-anhalt.de/fileadmin/Bibliothek/Landesaemter/StaLa/startseite/Themen/Wahlen/Tabellen/Auswertung_VOeff_FgMI.xlsx
23,3,Die Linke,Natalie Winzenhöller,https://statistik.sachsen-anhalt.de/fileadmin/Bibliothek/Landesaemter/StaLa/startseite/Themen/Wahlen/Tabellen/Auswertung_VOeff_FgMI.xlsx
23,4,SPD,Tobias Böttcher,https://statistik.sachsen-anhalt.de/fileadmin/Bibliothek/Landesaemter/StaLa/startseite/Themen/Wahlen/Tabellen/Auswertung_VOeff_FgMI.xlsx
23,5,FDP,Marco Airoldi,https://statistik.sachsen-anhalt.de/fileadmin/Bibliothek/Landesaemter/StaLa/startseite/Themen/Wahlen/Tabellen/Auswertung_VOeff_FgMI.xlsx
23,6,GRÜNE,Luise Globig,https://statistik.sachsen-anhalt.de/fileadmin/Bibliothek/Landesaemter/StaLa/startseite/Themen/Wahlen/Tabellen/Auswertung_VOeff_FgMI.xlsx
24,1,CDU,Nico Elsner,https://statistik.sachsen-anhalt.de/fileadmin/Bibliothek/Landesaemter/StaLa/startseite/Themen/Wahlen/Tabellen/Auswertung_VOeff_FgMI.xlsx
24,2,AfD,Andreas Best,https://statistik.sachsen-anhalt.de/fileadmin/Bibliothek/Landesaemter/StaLa/startseite/Themen/Wahlen/Tabellen/Auswertung_VOeff_FgMI.xlsx
24,3,Die Linke,Thomas Erich Herbert Lippmann,https://statistik.sachsen-anhalt.de/fileadmin/Bibliothek/Landesaemter/StaLa/startseite/Themen/Wahlen/Tabellen/Auswertung_VOeff_FgMI.xlsx
24,4,SPD,Tina Führer,https://statistik.sachsen-anhalt.de/fileadmin/Bibliothek/Landesaemter/StaLa/startseite/Themen/Wahlen/Tabellen/Auswertung_VOeff_FgMI.xlsx
24,5,FDP,Maximilian Frey,https://statistik.sachsen-anhalt.de/fileadmin/Bibliothek/Landesaemter/StaLa/startseite/Themen/Wahlen/Tabellen/Auswertung_VOeff_FgMI.xlsx
24,6,GRÜNE,Beatrice Lindhorst,https://statistik.sachsen-anhalt.de/fileadmin/Bibliothek/Landesaemter/StaLa/startseite/Themen/Wahlen/Tabellen/Auswertung_VOeff_FgMI.xlsx
24,7,FREIE WÄHLER,Norman Unger,https://statistik.sachsen-anhalt.de/fileadmin/Bibliothek/Landesaemter/StaLa/startseite/Themen/Wahlen/Tabellen/Auswertung_VOeff_FgMI.xlsx
25,1,CDU,Patrick Schubert,https://statistik.sachsen-anhalt.de/fileadmin/Bibliothek/Landesaemter/StaLa/startseite/Themen/Wahlen/Tabellen/Auswertung_VOeff_FgMI.xlsx
25,2,AfD,Matthias Lieschke,https://statistik.sachsen-anhalt.de/fileadmin/Bibliothek/Landesaemter/StaLa/startseite/Themen/Wahlen/Tabellen/Auswertung_VOeff_FgMI.xlsx
25,3,Die Linke,Doreen Hainich,https://statistik.sachsen-anhalt.de/fileadmin/Bibliothek/Landesaemter/StaLa/startseite/Themen/Wahlen/Tabellen/Auswertung_VOeff_FgMI.xlsx
25,4,SPD,Alexander Riedle,https://statistik.sachsen-anhalt.de/fileadmin/Bibliothek/Landesaemter/StaLa/startseite/Themen/Wahlen/Tabellen/Auswertung_VOeff_FgMI.xlsx
25,5,FDP,Marcus Hillwig,https://statistik.sachsen-anhalt.de/fileadmin/Bibliothek/Landesaemter/StaLa/startseite/Themen/Wahlen/Tabellen/Auswertung_VOeff_FgMI.xlsx
25,6,GRÜNE,Martin Schäfer,https://statistik.sachsen-anhalt.de/fileadmin/Bibliothek/Landesaemter/StaLa/startseite/Themen/Wahlen/Tabellen/Auswertung_VOeff_FgMI.xlsx
25,7,FREIE WÄHLER,Maik Mattheis,https://statistik.sachsen-anhalt.de/fileadmin/Bibliothek/Landesaemter/StaLa/startseite/Themen/Wahlen/Tabellen/Auswertung_VOeff_FgMI.xlsx
26,1,CDU,Dr. Anja Schneider,https://statistik.sachsen-anhalt.de/fileadmin/Bibliothek/Landesaemter/StaLa/startseite/Themen/Wahlen/Tabellen/Auswertung_VOeff_FgMI.xlsx
26,2,AfD,Burkhardt Ratzmann,https://statistik.sachsen-anhalt.de/fileadmin/Bibliothek/Landesaemter/StaLa/startseite/Themen/Wahlen/Tabellen/Auswertung_VOeff_FgMI.xlsx
26,3,Die Linke,Kevin Goldhahn,https://statistik.sachsen-anhalt.de/fileadmin/Bibliothek/Landesaemter/StaLa/startseite/Themen/Wahlen/Tabellen/Auswertung_VOeff_FgMI.xlsx
26,4,SPD,Larissa Wallner,https://statistik.sachsen-anhalt.de/fileadmin/Bibliothek/Landesaemter/StaLa/startseite/Themen/Wahlen/Tabellen/Auswertung_VOeff_FgMI.xlsx
26,5,FDP,Jörg Bernstein,https://statistik.sachsen-anhalt.de/fileadmin/Bibliothek/Landesaemter/StaLa/startseite/Themen/Wahlen/Tabellen/Auswertung_VOeff_FgMI.xlsx
26,6,GRÜNE,Leonie Bronkalla,https://statistik.sachsen-anhalt.de/fileadmin/Bibliothek/Landesaemter/StaLa/startseite/Themen/Wahlen/Tabellen/Auswertung_VOeff_FgMI.xlsx
27,1,CDU,Karin Tschernich-Weiske,https://statistik.sachsen-anhalt.de/fileadmin/Bibliothek/Landesaemter/StaLa/startseite/Themen/Wahlen/Tabellen/Auswertung_VOeff_FgMI.xlsx
27,2,AfD,Nadine Koppehel,https://statistik.sachsen-anhalt.de/fileadmin/Bibliothek/Landesaemter/StaLa/startseite/Themen/Wahlen/Tabellen/Auswertung_VOeff_FgMI.xlsx
27,3,Die Linke,Stine Rummel-Strebelow,https://statistik.sachsen-anhalt.de/fileadmin/Bibliothek/Landesaemter/StaLa/startseite/Themen/Wahlen/Tabellen/Auswertung_VOeff_FgMI.xlsx
27,4,SPD,Daniel Frank Kutsche,https://statistik.sachsen-anhalt.de/fileadmin/Bibliothek/Landesaemter/StaLa/startseite/Themen/Wahlen/Tabellen/Auswertung_VOeff_FgMI.xlsx
27,5,FDP,Philipp Stavenow,https://statistik.sachsen-anhalt.de/fileadmin/Bibliothek/Landesaemter/StaLa/startseite/Themen/Wahlen/Tabellen/Auswertung_VOeff_FgMI.xlsx
27,6,GRÜNE,Felix Fugmann,https://statistik.sachsen-anhalt.de/fileadmin/Bibliothek/Landesaemter/StaLa/startseite/Themen/Wahlen/Tabellen/Auswertung_VOeff_FgMI.xlsx
27,7,FREIE WÄHLER,Holger Wenzel,https://statistik.sachsen-anhalt.de/fileadmin/Bibliothek/Landesaemter/StaLa/startseite/Themen/Wahlen/Tabellen/Auswertung_VOeff_FgMI.xlsx
27,13,HEIMAT,Marcel Kerner,https://statistik.sachsen-anhalt.de/fileadmin/Bibliothek/Landesaemter/StaLa/startseite/Themen/Wahlen/Tabellen/Auswertung_VOeff_FgMI.xlsx
28,1,CDU,Lars-Jörn Zimmer,https://statistik.sachsen-anhalt.de/fileadmin/Bibliothek/Landesaemter/StaLa/startseite/Themen/Wahlen/Tabellen/Auswertung_VOeff_FgMI.xlsx
28,2,AfD,Daniel Roi,https://statistik.sachsen-anhalt.de/fileadmin/Bibliothek/Landesaemter/StaLa/startseite/Themen/Wahlen/Tabellen/Auswertung_VOeff_FgMI.xlsx
28,3,Die Linke,Antonia Kaloff,https://statistik.sachsen-anhalt.de/fileadmin/Bibliothek/Landesaemter/StaLa/startseite/Themen/Wahlen/Tabellen/Auswertung_VOeff_FgMI.xlsx
28,4,SPD,Katharina Kohl,https://statistik.sachsen-anhalt.de/fileadmin/Bibliothek/Landesaemter/StaLa/startseite/Themen/Wahlen/Tabellen/Auswertung_VOeff_FgMI.xlsx
28,5,FDP,Guido Lars Kosmehl,https://statistik.sachsen-anhalt.de/fileadmin/Bibliothek/Landesaemter/StaLa/startseite/Themen/Wahlen/Tabellen/Auswertung_VOeff_FgMI.xlsx
28,6,GRÜNE,Janina Hampel,https://statistik.sachsen-anhalt.de/fileadmin/Bibliothek/Landesaemter/StaLa/startseite/Themen/Wahlen/Tabellen/Auswertung_VOeff_FgMI.xlsx
28,7,FREIE WÄHLER,Ronny Schneider,https://statistik.sachsen-anhalt.de/fileadmin/Bibliothek/Landesaemter/StaLa/startseite/Themen/Wahlen/Tabellen/Auswertung_VOeff_FgMI.xlsx
29,1,CDU,Michael Scheffler,https://statistik.sachsen-anhalt.de/fileadmin/Bibliothek/Landesaemter/StaLa/startseite/Themen/Wahlen/Tabellen/Auswertung_VOeff_FgMI.xlsx
29,2,AfD,Florian Schröder,https://statistik.sachsen-anhalt.de/fileadmin/Bibliothek/Landesaemter/StaLa/startseite/Themen/Wahlen/Tabellen/Auswertung_VOeff_FgMI.xlsx
29,3,Die Linke,Isabell Anton,https://statistik.sachsen-anhalt.de/fileadmin/Bibliothek/Landesaemter/StaLa/startseite/Themen/Wahlen/Tabellen/Auswertung_VOeff_FgMI.xlsx
29,4,SPD,Danilo Pee-Moch,https://statistik.sachsen-anhalt.de/fileadmin/Bibliothek/Landesaemter/StaLa/startseite/Themen/Wahlen/Tabellen/Auswertung_VOeff_FgMI.xlsx
29,5,FDP,Dr. Maximilian Philipp,https://statistik.sachsen-anhalt.de/fileadmin/Bibliothek/Landesaemter/StaLa/startseite/Themen/Wahlen/Tabellen/Auswertung_VOeff_FgMI.xlsx
29,6,GRÜNE,Sandra Sabine Lüder,https://statistik.sachsen-anhalt.de/fileadmin/Bibliothek/Landesaemter/StaLa/startseite/Themen/Wahlen/Tabellen/Auswertung_VOeff_FgMI.xlsx
29,19,PdF,Ralf Leberecht,https://statistik.sachsen-anhalt.de/fileadmin/Bibliothek/Landesaemter/StaLa/startseite/Themen/Wahlen/Tabellen/Auswertung_VOeff_FgMI.xlsx
30,1,CDU,René Barthel,https://statistik.sachsen-anhalt.de/fileadmin/Bibliothek/Landesaemter/StaLa/startseite/Themen/Wahlen/Tabellen/Auswertung_VOeff_FgMI.xlsx
30,2,AfD,Reiner Kretschmann,https://statistik.sachsen-anhalt.de/fileadmin/Bibliothek/Landesaemter/StaLa/startseite/Themen/Wahlen/Tabellen/Auswertung_VOeff_FgMI.xlsx
30,3,Die Linke,Stefan Gebhardt,https://statistik.sachsen-anhalt.de/fileadmin/Bibliothek/Landesaemter/StaLa/startseite/Themen/Wahlen/Tabellen/Auswertung_VOeff_FgMI.xlsx
30,4,SPD,Aick Pietschmann,https://statistik.sachsen-anhalt.de/fileadmin/Bibliothek/Landesaemter/StaLa/startseite/Themen/Wahlen/Tabellen/Auswertung_VOeff_FgMI.xlsx
30,5,FDP,Kathrin Tarricone,https://statistik.sachsen-anhalt.de/fileadmin/Bibliothek/Landesaemter/StaLa/startseite/Themen/Wahlen/Tabellen/Auswertung_VOeff_FgMI.xlsx
30,6,GRÜNE,Lisa Mertens,https://statistik.sachsen-anhalt.de/fileadmin/Bibliothek/Landesaemter/StaLa/startseite/Themen/Wahlen/Tabellen/Auswertung_VOeff_FgMI.xlsx
30,19,PdF,Maximilian Swoboda,https://statistik.sachsen-anhalt.de/fileadmin/Bibliothek/Landesaemter/StaLa/startseite/Themen/Wahlen/Tabellen/Auswertung_VOeff_FgMI.xlsx
31,1,CDU,Matthias Redlich,https://statistik.sachsen-anhalt.de/fileadmin/Bibliothek/Landesaemter/StaLa/startseite/Themen/Wahlen/Tabellen/Auswertung_VOeff_FgMI.xlsx
31,2,AfD,Andreas Gehlmann,https://statistik.sachsen-anhalt.de/fileadmin/Bibliothek/Landesaemter/StaLa/startseite/Themen/Wahlen/Tabellen/Auswertung_VOeff_FgMI.xlsx
31,3,Die Linke,André Röthel,https://statistik.sachsen-anhalt.de/fileadmin/Bibliothek/Landesaemter/StaLa/startseite/Themen/Wahlen/Tabellen/Auswertung_VOeff_FgMI.xlsx
31,4,SPD,Friedrich Ruschke,https://statistik.sachsen-anhalt.de/fileadmin/Bibliothek/Landesaemter/StaLa/startseite/Themen/Wahlen/Tabellen/Auswertung_VOeff_FgMI.xlsx
31,5,FDP,Karsten Pille,https://statistik.sachsen-anhalt.de/fileadmin/Bibliothek/Landesaemter/StaLa/startseite/Themen/Wahlen/Tabellen/Auswertung_VOeff_FgMI.xlsx
31,6,GRÜNE,Christine Reimann,https://statistik.sachsen-anhalt.de/fileadmin/Bibliothek/Landesaemter/StaLa/startseite/Themen/Wahlen/Tabellen/Auswertung_VOeff_FgMI.xlsx
31,19,PdF,Silvio Jacob,https://statistik.sachsen-anhalt.de/fileadmin/Bibliothek/Landesaemter/StaLa/startseite/Themen/Wahlen/Tabellen/Auswertung_VOeff_FgMI.xlsx
32,1,CDU,Eva Feußner,https://statistik.sachsen-anhalt.de/fileadmin/Bibliothek/Landesaemter/StaLa/startseite/Themen/Wahlen/Tabellen/Auswertung_VOeff_FgMI.xlsx
32,2,AfD,Dr. Hans-Thomas Tillschneider,https://statistik.sachsen-anhalt.de/fileadmin/Bibliothek/Landesaemter/StaLa/startseite/Themen/Wahlen/Tabellen/Auswertung_VOeff_FgMI.xlsx
32,3,Die Linke,Andreas Tschurn,https://statistik.sachsen-anhalt.de/fileadmin/Bibliothek/Landesaemter/StaLa/startseite/Themen/Wahlen/Tabellen/Auswertung_VOeff_FgMI.xlsx
32,4,SPD,Raphael Coccejus,https://statistik.sachsen-anhalt.de/fileadmin/Bibliothek/Landesaemter/StaLa/startseite/Themen/Wahlen/Tabellen/Auswertung_VOeff_FgMI.xlsx
32,5,FDP,Ramona Hoyer,https://statistik.sachsen-anhalt.de/fileadmin/Bibliothek/Landesaemter/StaLa/startseite/Themen/Wahlen/Tabellen/Auswertung_VOeff_FgMI.xlsx
32,6,GRÜNE,Susanne Otto,https://statistik.sachsen-anhalt.de/fileadmin/Bibliothek/Landesaemter/StaLa/startseite/Themen/Wahlen/Tabellen/Auswertung_VOeff_FgMI.xlsx
32,19,PdF,Jan Mühlstädt,https://statistik.sachsen-anhalt.de/fileadmin/Bibliothek/Landesaemter/StaLa/startseite/Themen/Wahlen/Tabellen/Auswertung_VOeff_FgMI.xlsx
33,1,CDU,Ilka Reckmann,https://statistik.sachsen-anhalt.de/fileadmin/Bibliothek/Landesaemter/StaLa/startseite/Themen/Wahlen/Tabellen/Auswertung_VOeff_FgMI.xlsx
33,2,AfD,Daniel Wald,https://statistik.sachsen-anhalt.de/fileadmin/Bibliothek/Landesaemter/StaLa/startseite/Themen/Wahlen/Tabellen/Auswertung_VOeff_FgMI.xlsx
33,3,Die Linke,Leila Kim Eisfelder-Mylius,https://statistik.sachsen-anhalt.de/fileadmin/Bibliothek/Landesaemter/StaLa/startseite/Themen/Wahlen/Tabellen/Auswertung_VOeff_FgMI.xlsx
33,4,SPD,Dr. Andreas Schmidt,https://statistik.sachsen-anhalt.de/fileadmin/Bibliothek/Landesaemter/StaLa/startseite/Themen/Wahlen/Tabellen/Auswertung_VOeff_FgMI.xlsx
33,5,FDP,Markus Göhricke,https://statistik.sachsen-anhalt.de/fileadmin/Bibliothek/Landesaemter/StaLa/startseite/Themen/Wahlen/Tabellen/Auswertung_VOeff_FgMI.xlsx
33,6,GRÜNE,Dennis Tobias Helmich,https://statistik.sachsen-anhalt.de/fileadmin/Bibliothek/Landesaemter/StaLa/startseite/Themen/Wahlen/Tabellen/Auswertung_VOeff_FgMI.xlsx
34,1,CDU,Frank Hartmut Uwe Bommersbach,https://statistik.sachsen-anhalt.de/fileadmin/Bibliothek/Landesaemter/StaLa/startseite/Themen/Wahlen/Tabellen/Auswertung_VOeff_FgMI.xlsx
34,2,AfD,Gordon Köhler,https://statistik.sachsen-anhalt.de/fileadmin/Bibliothek/Landesaemter/StaLa/startseite/Themen/Wahlen/Tabellen/Auswertung_VOeff_FgMI.xlsx
34,3,Die Linke,Julia Mayer,https://statistik.sachsen-anhalt.de/fileadmin/Bibliothek/Landesaemter/StaLa/startseite/Themen/Wahlen/Tabellen/Auswertung_VOeff_FgMI.xlsx
34,4,SPD,Ines Seeger,https://statistik.sachsen-anhalt.de/fileadmin/Bibliothek/Landesaemter/StaLa/startseite/Themen/Wahlen/Tabellen/Auswertung_VOeff_FgMI.xlsx
34,5,FDP,Dirk Taschner,https://statistik.sachsen-anhalt.de/fileadmin/Bibliothek/Landesaemter/StaLa/startseite/Themen/Wahlen/Tabellen/Auswertung_VOeff_FgMI.xlsx
34,6,GRÜNE,Leon Lenny Elias Eisfelder-Mylius,https://statistik.sachsen-anhalt.de/fileadmin/Bibliothek/Landesaemter/StaLa/startseite/Themen/Wahlen/Tabellen/Auswertung_VOeff_FgMI.xlsx
34,15,BSW,László Müller,https://statistik.sachsen-anhalt.de/fileadmin/Bibliothek/Landesaemter/StaLa/startseite/Themen/Wahlen/Tabellen/Auswertung_VOeff_FgMI.xlsx
35,1,CDU,Christian Albrecht,https://statistik.sachsen-anhalt.de/fileadmin/Bibliothek/Landesaemter/StaLa/startseite/Themen/Wahlen/Tabellen/Auswertung_VOeff_FgMI.xlsx
35,2,AfD,Alexander Raue,https://statistik.sachsen-anhalt.de/fileadmin/Bibliothek/Landesaemter/StaLa/startseite/Themen/Wahlen/Tabellen/Auswertung_VOeff_FgMI.xlsx
35,3,Die Linke,Hendrik Lange,https://statistik.sachsen-anhalt.de/fileadmin/Bibliothek/Landesaemter/StaLa/startseite/Themen/Wahlen/Tabellen/Auswertung_VOeff_FgMI.xlsx
35,4,SPD,Dr. Christine Fuhrmann,https://statistik.sachsen-anhalt.de/fileadmin/Bibliothek/Landesaemter/StaLa/startseite/Themen/Wahlen/Tabellen/Auswertung_VOeff_FgMI.xlsx
35,5,FDP,Annett Krake,https://statistik.sachsen-anhalt.de/fileadmin/Bibliothek/Landesaemter/StaLa/startseite/Themen/Wahlen/Tabellen/Auswertung_VOeff_FgMI.xlsx
35,6,GRÜNE,Lena Zehne,https://statistik.sachsen-anhalt.de/fileadmin/Bibliothek/Landesaemter/StaLa/startseite/Themen/Wahlen/Tabellen/Auswertung_VOeff_FgMI.xlsx
35,15,BSW,Andreas Neubert,https://statistik.sachsen-anhalt.de/fileadmin/Bibliothek/Landesaemter/StaLa/startseite/Themen/Wahlen/Tabellen/Auswertung_VOeff_FgMI.xlsx
36,1,CDU,Marco Tullner,https://statistik.sachsen-anhalt.de/fileadmin/Bibliothek/Landesaemter/StaLa/startseite/Themen/Wahlen/Tabellen/Auswertung_VOeff_FgMI.xlsx
36,2,AfD,Benedikt Weiß,https://statistik.sachsen-anhalt.de/fileadmin/Bibliothek/Landesaemter/StaLa/startseite/Themen/Wahlen/Tabellen/Auswertung_VOeff_FgMI.xlsx
36,3,Die Linke,Gitta Susann Hartenstein-Wiermann,https://statistik.sachsen-anhalt.de/fileadmin/Bibliothek/Landesaemter/StaLa/startseite/Themen/Wahlen/Tabellen/Auswertung_VOeff_FgMI.xlsx
36,4,SPD,Dr. Katja Pähle,https://statistik.sachsen-anhalt.de/fileadmin/Bibliothek/Landesaemter/StaLa/startseite/Themen/Wahlen/Tabellen/Auswertung_VOeff_FgMI.xlsx
36,5,FDP,Torsten Schaper,https://statistik.sachsen-anhalt.de/fileadmin/Bibliothek/Landesaemter/StaLa/startseite/Themen/Wahlen/Tabellen/Auswertung_VOeff_FgMI.xlsx
36,6,GRÜNE,Mamad Mohamad,https://statistik.sachsen-anhalt.de/fileadmin/Bibliothek/Landesaemter/StaLa/startseite/Themen/Wahlen/Tabellen/Auswertung_VOeff_FgMI.xlsx
36,15,BSW,Dr. Sylvia Winkelmann-Witkowsky,https://statistik.sachsen-anhalt.de/fileadmin/Bibliothek/Landesaemter/StaLa/startseite/Themen/Wahlen/Tabellen/Auswertung_VOeff_FgMI.xlsx
36,21,Einzelbewerber,Dustin Rischke,https://statistik.sachsen-anhalt.de/fileadmin/Bibliothek/Landesaemter/StaLa/startseite/Themen/Wahlen/Tabellen/Auswertung_VOeff_FgMI.xlsx
37,1,CDU,Kerstin Godenrath,https://statistik.sachsen-anhalt.de/fileadmin/Bibliothek/Landesaemter/StaLa/startseite/Themen/Wahlen/Tabellen/Auswertung_VOeff_FgMI.xlsx
37,2,AfD,Martin Sehrndt,https://statistik.sachsen-anhalt.de/fileadmin/Bibliothek/Landesaemter/StaLa/startseite/Themen/Wahlen/Tabellen/Auswertung_VOeff_FgMI.xlsx
37,3,Die Linke,Jannik-Loris Balint,https://statistik.sachsen-anhalt.de/fileadmin/Bibliothek/Landesaemter/StaLa/startseite/Themen/Wahlen/Tabellen/Auswertung_VOeff_FgMI.xlsx
37,4,SPD,Stephan Scherf,https://statistik.sachsen-anhalt.de/fileadmin/Bibliothek/Landesaemter/StaLa/startseite/Themen/Wahlen/Tabellen/Auswertung_VOeff_FgMI.xlsx
37,5,FDP,Andreas Silbersack,https://statistik.sachsen-anhalt.de/fileadmin/Bibliothek/Landesaemter/StaLa/startseite/Themen/Wahlen/Tabellen/Auswertung_VOeff_FgMI.xlsx
37,6,GRÜNE,Wolfgang Aldag,https://statistik.sachsen-anhalt.de/fileadmin/Bibliothek/Landesaemter/StaLa/startseite/Themen/Wahlen/Tabellen/Auswertung_VOeff_FgMI.xlsx
37,7,FREIE WÄHLER,Yvonne Krause,https://statistik.sachsen-anhalt.de/fileadmin/Bibliothek/Landesaemter/StaLa/startseite/Themen/Wahlen/Tabellen/Auswertung_VOeff_FgMI.xlsx
37,15,BSW,Dr. Claudia Wittig,https://statistik.sachsen-anhalt.de/fileadmin/Bibliothek/Landesaemter/StaLa/startseite/Themen/Wahlen/Tabellen/Auswertung_VOeff_FgMI.xlsx
38,1,CDU,Claudia Freia Schmidt,https://statistik.sachsen-anhalt.de/fileadmin/Bibliothek/Landesaemter/StaLa/startseite/Themen/Wahlen/Tabellen/Auswertung_VOeff_FgMI.xlsx
38,2,AfD,Paul Backmund,https://statistik.sachsen-anhalt.de/fileadmin/Bibliothek/Landesaemter/StaLa/startseite/Themen/Wahlen/Tabellen/Auswertung_VOeff_FgMI.xlsx
38,3,Die Linke,Wenke Marie Dargel,https://statistik.sachsen-anhalt.de/fileadmin/Bibliothek/Landesaemter/StaLa/startseite/Themen/Wahlen/Tabellen/Auswertung_VOeff_FgMI.xlsx
38,4,SPD,Julius Neumann,https://statistik.sachsen-anhalt.de/fileadmin/Bibliothek/Landesaemter/StaLa/startseite/Themen/Wahlen/Tabellen/Auswertung_VOeff_FgMI.xlsx
38,5,FDP,Tim Kehrwieder,https://statistik.sachsen-anhalt.de/fileadmin/Bibliothek/Landesaemter/StaLa/startseite/Themen/Wahlen/Tabellen/Auswertung_VOeff_FgMI.xlsx
38,6,GRÜNE,Nicole Walldorf,https://statistik.sachsen-anhalt.de/fileadmin/Bibliothek/Landesaemter/StaLa/startseite/Themen/Wahlen/Tabellen/Auswertung_VOeff_FgMI.xlsx
38,15,BSW,Rudenz Schramm,https://statistik.sachsen-anhalt.de/fileadmin/Bibliothek/Landesaemter/StaLa/startseite/Themen/Wahlen/Tabellen/Auswertung_VOeff_FgMI.xlsx
39,1,CDU,Elke Simon-Kuch,https://statistik.sachsen-anhalt.de/fileadmin/Bibliothek/Landesaemter/StaLa/startseite/Themen/Wahlen/Tabellen/Auswertung_VOeff_FgMI.xlsx
39,2,AfD,Dirk Jonas,https://statistik.sachsen-anhalt.de/fileadmin/Bibliothek/Landesaemter/StaLa/startseite/Themen/Wahlen/Tabellen/Auswertung_VOeff_FgMI.xlsx
39,3,Die Linke,Eric Roman Stehr,https://statistik.sachsen-anhalt.de/fileadmin/Bibliothek/Landesaemter/StaLa/startseite/Themen/Wahlen/Tabellen/Auswertung_VOeff_FgMI.xlsx
39,4,SPD,Jens Mende,https://statistik.sachsen-anhalt.de/fileadmin/Bibliothek/Landesaemter/StaLa/startseite/Themen/Wahlen/Tabellen/Auswertung_VOeff_FgMI.xlsx
39,5,FDP,Maximilian Gludau,https://statistik.sachsen-anhalt.de/fileadmin/Bibliothek/Landesaemter/StaLa/startseite/Themen/Wahlen/Tabellen/Auswertung_VOeff_FgMI.xlsx
39,6,GRÜNE,Peter Paul Schneider,https://statistik.sachsen-anhalt.de/fileadmin/Bibliothek/Landesaemter/StaLa/startseite/Themen/Wahlen/Tabellen/Auswertung_VOeff_FgMI.xlsx
40,1,CDU,Daniel Sturm,https://statistik.sachsen-anhalt.de/fileadmin/Bibliothek/Landesaemter/StaLa/startseite/Themen/Wahlen/Tabellen/Auswertung_VOeff_FgMI.xlsx
40,2,AfD,Juliane Waehler,https://statistik.sachsen-anhalt.de/fileadmin/Bibliothek/Landesaemter/StaLa/startseite/Themen/Wahlen/Tabellen/Auswertung_VOeff_FgMI.xlsx
40,3,Die Linke,Michael Scholz,https://statistik.sachsen-anhalt.de/fileadmin/Bibliothek/Landesaemter/StaLa/startseite/Themen/Wahlen/Tabellen/Auswertung_VOeff_FgMI.xlsx
40,4,SPD,Paul Kley,https://statistik.sachsen-anhalt.de/fileadmin/Bibliothek/Landesaemter/StaLa/startseite/Themen/Wahlen/Tabellen/Auswertung_VOeff_FgMI.xlsx
40,5,FDP,Gunnar Blache,https://statistik.sachsen-anhalt.de/fileadmin/Bibliothek/Landesaemter/StaLa/startseite/Themen/Wahlen/Tabellen/Auswertung_VOeff_FgMI.xlsx
40,6,GRÜNE,Stefan Garthoff,https://statistik.sachsen-anhalt.de/fileadmin/Bibliothek/Landesaemter/StaLa/startseite/Themen/Wahlen/Tabellen/Auswertung_VOeff_FgMI.xlsx
40,9,Tierschutzpartei,Ronny Gruhl,https://statistik.sachsen-anhalt.de/fileadmin/Bibliothek/Landesaemter/StaLa/startseite/Themen/Wahlen/Tabellen/Auswertung_VOeff_FgMI.xlsx
40,21,Einzelbewerber,Matthias Sanftleben,https://statistik.sachsen-anhalt.de/fileadmin/Bibliothek/Landesaemter/StaLa/startseite/Themen/Wahlen/Tabellen/Auswertung_VOeff_FgMI.xlsx
41,1,CDU,Dr. Ulf Altmann,https://statistik.sachsen-anhalt.de/fileadmin/Bibliothek/Landesaemter/StaLa/startseite/Themen/Wahlen/Tabellen/Auswertung_VOeff_FgMI.xlsx
41,2,AfD,Lothar Waehler,https://statistik.sachsen-anhalt.de/fileadmin/Bibliothek/Landesaemter/StaLa/startseite/Themen/Wahlen/Tabellen/Auswertung_VOeff_FgMI.xlsx
41,3,Die Linke,Nicklas Kurzweil,https://statistik.sachsen-anhalt.de/fileadmin/Bibliothek/Landesaemter/StaLa/startseite/Themen/Wahlen/Tabellen/Auswertung_VOeff_FgMI.xlsx
41,4,SPD,Stefan Schneider,https://statistik.sachsen-anhalt.de/fileadmin/Bibliothek/Landesaemter/StaLa/startseite/Themen/Wahlen/Tabellen/Auswertung_VOeff_FgMI.xlsx
41,5,FDP,Birgit Kansy,https://statistik.sachsen-anhalt.de/fileadmin/Bibliothek/Landesaemter/StaLa/startseite/Themen/Wahlen/Tabellen/Auswertung_VOeff_FgMI.xlsx
41,6,GRÜNE,Ralf Hönicke,https://statistik.sachsen-anhalt.de/fileadmin/Bibliothek/Landesaemter/StaLa/startseite/Themen/Wahlen/Tabellen/Auswertung_VOeff_FgMI.xlsx
41,7,FREIE WÄHLER,Rebecca Resch,https://statistik.sachsen-anhalt.de/fileadmin/Bibliothek/Landesaemter/StaLa/startseite/Themen/Wahlen/Tabellen/Auswertung_VOeff_FgMI.xlsx
41,15,BSW,Andreas Holger Kendelbacher,https://statistik.sachsen-anhalt.de/fileadmin/Bibliothek/Landesaemter/StaLa/startseite/Themen/Wahlen/Tabellen/Auswertung_VOeff_FgMI.xlsx
41,20,Volt,Michael Freyer,https://statistik.sachsen-anhalt.de/fileadmin/Bibliothek/Landesaemter/StaLa/startseite/Themen/Wahlen/Tabellen/Auswertung_VOeff_FgMI.xlsx
