party,name,birth_year,birth_place,residence,profession,source
afd,Alexander Raue,1973,Halle (Saale),Halle (Saale),Bauingenieur,https://statistik.sachsen-anhalt.de/fileadmin/Bibliothek/Landesaemter/StaLa/startseite/Themen/Wahlen/Tabellen/Auswertung_VOeff_FgMI.xlsx
afd,Andreas Best,1962,Coswig (Anhalt),"Coswig (Anhalt), OT Köselitz",Bauunternehmer,https://statistik.sachsen-anhalt.de/fileadmin/Bibliothek/Landesaemter/StaLa/startseite/Themen/Wahlen/Tabellen/Auswertung_VOeff_FgMI.xlsx
afd,Andreas Gehlmann,1974,Sangerhausen,Sangerhausen,Dipl.-Ingenieur (FH),https://statistik.sachsen-anhalt.de/fileadmin/Bibliothek/Landesaemter/StaLa/startseite/Themen/Wahlen/Tabellen/Auswertung_VOeff_FgMI.xlsx
afd,Armin Friese,1953,Dillingen,Halberstadt,Mediengestalter,https://statistik.sachsen-anhalt.de/fileadmin/Bibliothek/Landesaemter/StaLa/startseite/Themen/Wahlen/Tabellen/Auswertung_VOeff_FgMI.xlsx
afd,Benedikt Weiß,1994,Stendal,Halle (Saale),Softwareentwickler,https://statistik.sachsen-anhalt.de/fileadmin/Bibliothek/Landesaemter/StaLa/startseite/Themen/Wahlen/Tabellen/Auswertung_VOeff_FgMI.xlsx
afd,Benjamin Hellmann,1989,Magdeburg,"Wanzleben-Börde, OT Klein Rodensleben",Montagearbeiter,https://statistik.sachsen-anhalt.de/fileadmin/Bibliothek/Landesaemter/StaLa/startseite/Themen/Wahlen/Tabellen/Auswertung_VOeff_FgMI.xlsx
afd,Bernd Horst Schwebel,1970,Bernburg,Bernburg (Saale),Staatlich anerkannter Erzieher,https://statistik.sachsen-anhalt.de/fileadmin/Bibliothek/Landesaemter/StaLa/startseite/Themen/Wahlen/Tabellen/Auswertung_VOeff_FgMI.xlsx
afd,Birgit Albrecht,1965,Rathenow,"Jerichow, OT Altenklitsche",Buchhalter,https://statistik.sachsen-anhalt.de/fileadmin/Bibliothek/Landesaemter/StaLa/startseite/Themen/Wahlen/Tabellen/Auswertung_VOeff_FgMI.xlsx
afd,Burkhardt Ratzmann,1965,Dessau,"Dessau-Roßlau, OT Rodleben",Angestellter,https://statistik.sachsen-anhalt.de/fileadmin/Bibliothek/Landesaemter/StaLa/startseite/Themen/Wahlen/Tabellen/Auswertung_VOeff_FgMI.xlsx
afd,Christian Mertens,1991,Magdeburg,Magdeburg,Mitglied des Landtages,https://statistik.sachsen-anhalt.de/fileadmin/Bibliothek/Landesaemter/StaLa/startseite/Themen/Wahlen/Tabellen/Auswertung_VOeff_FgMI.xlsx
afd,Christian Ulrich Hecht,1971,Halberstadt,Halberstadt,Jurist,https://statistik.sachsen-anhalt.de/fileadmin/Bibliothek/Landesaemter/StaLa/startseite/Themen/Wahlen/Tabellen/Auswertung_VOeff_FgMI.xlsx
afd,Daniel Rausch,1963,Gotha,Calbe (Saale),Mitglied des Landtages,https://statistik.sachsen-anhalt.de/fileadmin/Bibliothek/Landesaemter/StaLa/startseite/Themen/Wahlen/Tabellen/Auswertung_VOeff_FgMI.xlsx
afd,Daniel Roi,1987,Wolfen,Bitterfeld-Wolfen,"Ingenieur Landwirtschaft B.Sc., MdL",https://statistik.sachsen-anhalt.de/fileadmin/Bibliothek/Landesaemter/StaLa/startseite/Themen/Wahlen/Tabellen/Auswertung_VOeff_FgMI.xlsx
afd,Daniel Wald,1982,Merseburg,"Merseburg, OT Geusa",Mitglied des Landtages,https://statistik.sachsen-anhalt.de/fileadmin/Bibliothek/Landesaemter/StaLa/startseite/Themen/Wahlen/Tabellen/Auswertung_VOeff_FgMI.xlsx
afd,Dennis Möhring,1976,Blankenburg,Thale,Tischlermeister,https://statistik.sachsen-anhalt.de/fileadmin/Bibliothek/Landesaemter/StaLa/startseite/Themen/Wahlen/Tabellen/Auswertung_VOeff_FgMI.xlsx
afd,Dirk Jonas,1970,Zeitz,Zeitz,Orthopädiemechanikermeister,https://statistik.sachsen-anhalt.de/fileadmin/Bibliothek/Landesaemter/StaLa/startseite/Themen/Wahlen/Tabellen/Auswertung_VOeff_FgMI.xlsx
afd,Dirk Lassowski,1973,Osterburg,"Hohe Börde, OT Hohenwarsleben",Wahlkreismitarbeiter,https://statistik.sachsen-anhalt.de/fileadmin/Bibliothek/Landesaemter/StaLa/startseite/Themen/Wahlen/Tabellen/Auswertung_VOeff_FgMI.xlsx
afd,Dirk Tischmeier,1963,Zerbst,Zerbst/Anhalt,Kaufmann,https://statistik.sachsen-anhalt.de/fileadmin/Bibliothek/Landesaemter/StaLa/startseite/Themen/Wahlen/Tabellen/Auswertung_VOeff_FgMI.xlsx
afd,Dr. Hans-Thomas Tillschneider,1978,Temeschburg,"Querfurt, OT Grockstädt",Universitätsdozent,https://statistik.sachsen-anhalt.de/fileadmin/Bibliothek/Landesaemter/StaLa/startseite/Themen/Wahlen/Tabellen/Auswertung_VOeff_FgMI.xlsx
afd,Dr. Jan Moldenhauer,1980,Bergisch Gladbach,Magdeburg,"Wirtschaftswissenschaftler, Mitglied des Landtages",https://statistik.sachsen-anhalt.de/fileadmin/Bibliothek/Landesaemter/StaLa/startseite/Themen/Wahlen/Tabellen/Auswertung_VOeff_FgMI.xlsx
afd,Erik Seibicke,1991,Wolmirstedt,Wolmirstedt,Soldat auf Zeit,https://statistik.sachsen-anhalt.de/fileadmin/Bibliothek/Landesaemter/StaLa/startseite/Themen/Wahlen/Tabellen/Auswertung_VOeff_FgMI.xlsx
afd,Fabian Lüdecke,1978,Salzwedel,Klötze,Haustechniker,https://statistik.sachsen-anhalt.de/fileadmin/Bibliothek/Landesaemter/StaLa/startseite/Themen/Wahlen/Tabellen/Auswertung_VOeff_FgMI.xlsx
afd,Felix Martin Richter,1964,Mannheim-Käfertal,Arnstein,Bergmann,https://statistik.sachsen-anhalt.de/fileadmin/Bibliothek/Landesaemter/StaLa/startseite/Themen/Wahlen/Tabellen/Auswertung_VOeff_FgMI.xlsx
afd,Felix Zietmann,1990,Wolmirstedt,Wolmirstedt,Mitglied des Landtages,https://statistik.sachsen-anhalt.de/fileadmin/Bibliothek/Landesaemter/StaLa/startseite/Themen/Wahlen/Tabellen/Auswertung_VOeff_FgMI.xlsx
afd,Florian Schröder,1975,Halle (Saale),"Petersberg, OT Sennewitz",Mitglied des Landtages,https://statistik.sachsen-anhalt.de/fileadmin/Bibliothek/Landesaemter/StaLa/startseite/Themen/Wahlen/Tabellen/Auswertung_VOeff_FgMI.xlsx
afd,Frank Otto Lizureck,1960,Tangermünde,Tangermünde,Berater für Projektierung und Konstruktion im Sondermaschinenbau,https://statistik.sachsen-anhalt.de/fileadmin/Bibliothek/Landesaemter/StaLa/startseite/Themen/Wahlen/Tabellen/Auswertung_VOeff_FgMI.xlsx
afd,Frank Wolfin,1968,Magdeburg,"Hohe Börde, OT Hohenwarsleben",Kfz-Schlosser mit speditionskaufmännischer Ausbildung,https://statistik.sachsen-anhalt.de/fileadmin/Bibliothek/Landesaemter/StaLa/startseite/Themen/Wahlen/Tabellen/Auswertung_VOeff_FgMI.xlsx
afd,Frank-Ronald Bischoff,1948,Zeitz Aue,Oberharz am Brocken,Jurist,https://statistik.sachsen-anhalt.de/fileadmin/Bibliothek/Landesaemter/StaLa/startseite/Themen/Wahlen/Tabellen/Auswertung_VOeff_FgMI.xlsx
afd,Gerald Kloth,1989,Osterburg,"Altmärkische Höhe, OT Losse",Maschinen-/Anlagenführer,https://statistik.sachsen-anhalt.de/fileadmin/Bibliothek/Landesaemter/StaLa/startseite/Themen/Wahlen/Tabellen/Auswertung_VOeff_FgMI.xlsx
afd,Gordon Köhler,1987,Magdeburg,"Gommern, OT Lübs","Verwaltungsfachwirt, Mitglied des Landtages",https://statistik.sachsen-anhalt.de/fileadmin/Bibliothek/Landesaemter/StaLa/startseite/Themen/Wahlen/Tabellen/Auswertung_VOeff_FgMI.xlsx
afd,Hagen Kohl,1969,Magdeburg,Magdeburg,"Beamter, Mitglied des Landtages",https://statistik.sachsen-anhalt.de/fileadmin/Bibliothek/Landesaemter/StaLa/startseite/Themen/Wahlen/Tabellen/Auswertung_VOeff_FgMI.xlsx
afd,Jan Scharfenort,1972,Osterburg,Burg,Dipl.-Kaumann (FH),https://statistik.sachsen-anhalt.de/fileadmin/Bibliothek/Landesaemter/StaLa/startseite/Themen/Wahlen/Tabellen/Auswertung_VOeff_FgMI.xlsx
afd,Juliane Waehler,1986,Zeitz,Elsteraue,Verwaltungsfachangestellte,https://statistik.sachsen-anhalt.de/fileadmin/Bibliothek/Landesaemter/StaLa/startseite/Themen/Wahlen/Tabellen/Auswertung_VOeff_FgMI.xlsx
afd,Jürgen Treder,1968,Braunschweig,Wallstawe,Reisebusfahrer,https://statistik.sachsen-anhalt.de/fileadmin/Bibliothek/Landesaemter/StaLa/startseite/Themen/Wahlen/Tabellen/Auswertung_VOeff_FgMI.xlsx
afd,Kai Behrens,1963,Gardelegen,Hansestadt Gardelegen,Versicherungsfachmann,https://statistik.sachsen-anhalt.de/fileadmin/Bibliothek/Landesaemter/StaLa/startseite/Themen/Wahlen/Tabellen/Auswertung_VOeff_FgMI.xlsx
afd,Lars Witaszak,1986,Stendal,Tangerhütte,Kraftfahrzeugtechnik Meister,https://statistik.sachsen-anhalt.de/fileadmin/Bibliothek/Landesaemter/StaLa/startseite/Themen/Wahlen/Tabellen/Auswertung_VOeff_FgMI.xlsx
afd,Lothar Otto Waehler,1959,Zeitz,"Gutenborn, OT Droßdorf","SHK-Installateur, Politiker",https://statistik.sachsen-anhalt.de/fileadmin/Bibliothek/Landesaemter/StaLa/startseite/Themen/Wahlen/Tabellen/Auswertung_VOeff_FgMI.xlsx
afd,Lothar Waehler,1959,Zeitz,Gutenborn,Sanitär- und Heizungsinstallateur,https://statistik.sachsen-anhalt.de/fileadmin/Bibliothek/Landesaemter/StaLa/startseite/Themen/Wahlen/Tabellen/Auswertung_VOeff_FgMI.xlsx
afd,Marcel Hahn,1977,Köthen,"Wernigerode, OT Reddeber",Konstruktionsmechaniker,https://statistik.sachsen-anhalt.de/fileadmin/Bibliothek/Landesaemter/StaLa/startseite/Themen/Wahlen/Tabellen/Auswertung_VOeff_FgMI.xlsx
afd,Marcel Pries,1978,Halle (Saale),"Salzatal, OT Bennstedt",Selbständiger Dachdeckermeister,https://statistik.sachsen-anhalt.de/fileadmin/Bibliothek/Landesaemter/StaLa/startseite/Themen/Wahlen/Tabellen/Auswertung_VOeff_FgMI.xlsx
afd,Margret Wendt,1955,Bitterfeld,Oranienbaum-Wörlitz,Mitglied des Landtages,https://statistik.sachsen-anhalt.de/fileadmin/Bibliothek/Landesaemter/StaLa/startseite/Themen/Wahlen/Tabellen/Auswertung_VOeff_FgMI.xlsx
afd,Mario Merten,1971,Stendal,"Tangerhütte, OT Bellingen","Fernmeldebaumonteur, Unternehmer",https://statistik.sachsen-anhalt.de/fileadmin/Bibliothek/Landesaemter/StaLa/startseite/Themen/Wahlen/Tabellen/Auswertung_VOeff_FgMI.xlsx
afd,Martin Sehrndt,1952,Halle (Saale),Halle (Saale),Dipl.-Ing. Maschinenbau,https://statistik.sachsen-anhalt.de/fileadmin/Bibliothek/Landesaemter/StaLa/startseite/Themen/Wahlen/Tabellen/Auswertung_VOeff_FgMI.xlsx
afd,Matthias Büttner,1983,Staßfurt,Staßfurt,Mitglied des Landtages,https://statistik.sachsen-anhalt.de/fileadmin/Bibliothek/Landesaemter/StaLa/startseite/Themen/Wahlen/Tabellen/Auswertung_VOeff_FgMI.xlsx
afd,Matthias Lieschke,1970,Wittenberg,Kemberg,Karosserie- und Fahrzeugbaumeister,https://statistik.sachsen-anhalt.de/fileadmin/Bibliothek/Landesaemter/StaLa/startseite/Themen/Wahlen/Tabellen/Auswertung_VOeff_FgMI.xlsx
afd,Matthias Michael Andreas Büttner,1983,Staßfurt,Staßfurt,Mitglied des Landtages,https://statistik.sachsen-anhalt.de/fileadmin/Bibliothek/Landesaemter/StaLa/startseite/Themen/Wahlen/Tabellen/Auswertung_VOeff_FgMI.xlsx
afd,Michaela Kämpfert,1972,Magdeburg,Angern,"EU-Rentnerin, Sekretärin",https://statistik.sachsen-anhalt.de/fileadmin/Bibliothek/Landesaemter/StaLa/startseite/Themen/Wahlen/Tabellen/Auswertung_VOeff_FgMI.xlsx
afd,Nadine Koppehel,1977,Wolfen,"Oranienbaum-Wörlitz, OT Oranienbaum",Landtagsabgeordnete,https://statistik.sachsen-anhalt.de/fileadmin/Bibliothek/Landesaemter/StaLa/startseite/Themen/Wahlen/Tabellen/Auswertung_VOeff_FgMI.xlsx
afd,Nana Baltgund Yvonne Posch,1979,Querfurt,Farnstädt,Pflegefachkraft,https://statistik.sachsen-anhalt.de/fileadmin/Bibliothek/Landesaemter/StaLa/startseite/Themen/Wahlen/Tabellen/Auswertung_VOeff_FgMI.xlsx
afd,Nils Reichenbach,1977,Magdeburg,"Schönebeck (Elbe), OT Pretzien",Angestellter,https://statistik.sachsen-anhalt.de/fileadmin/Bibliothek/Landesaemter/StaLa/startseite/Themen/Wahlen/Tabellen/Auswertung_VOeff_FgMI.xlsx
afd,Oliver Kirchner,1966,Magdeburg,Magdeburg,MdL / Fraktionsvorsitzender,https://statistik.sachsen-anhalt.de/fileadmin/Bibliothek/Landesaemter/StaLa/startseite/Themen/Wahlen/Tabellen/Auswertung_VOeff_FgMI.xlsx
afd,Paul Backmund,1991,Halle (Saale),Halle (Saale),Objektleiter in der Gebäudereinigung,https://statistik.sachsen-anhalt.de/fileadmin/Bibliothek/Landesaemter/StaLa/startseite/Themen/Wahlen/Tabellen/Auswertung_VOeff_FgMI.xlsx
afd,Phillipp-Anders Rau,1983,Schönebeck,Gommern,Angestellter,https://statistik.sachsen-anhalt.de/fileadmin/Bibliothek/Landesaemter/StaLa/startseite/Themen/Wahlen/Tabellen/Auswertung_VOeff_FgMI.xlsx
afd,Ralf Miegel,1967,Gardelegen,"Oebisfelde-Weferlingen, OT Oebisfelde",Angestellter im öffentlichen Dienst,https://statistik.sachsen-anhalt.de/fileadmin/Bibliothek/Landesaemter/StaLa/startseite/Themen/Wahlen/Tabellen/Auswertung_VOeff_FgMI.xlsx
afd,Reiner Kretschmann,1966,Wippra,Mansfeld,Meister Holztechnik,https://statistik.sachsen-anhalt.de/fileadmin/Bibliothek/Landesaemter/StaLa/startseite/Themen/Wahlen/Tabellen/Auswertung_VOeff_FgMI.xlsx
afd,Reinhard Lothar Otto Wernicke,1952,Schartau,Burg,"Ortsvorsteher, Rentner",https://statistik.sachsen-anhalt.de/fileadmin/Bibliothek/Landesaemter/StaLa/startseite/Themen/Wahlen/Tabellen/Auswertung_VOeff_FgMI.xlsx
afd,Ronny Kumpf,1976,Magdeburg,Magdeburg,Geschäftsführer,https://statistik.sachsen-anhalt.de/fileadmin/Bibliothek/Landesaemter/StaLa/startseite/Themen/Wahlen/Tabellen/Auswertung_VOeff_FgMI.xlsx
afd,Sebastian Killinger,1986,Rathenow,Tangermünde,Wirtschaftsingenieur,https://statistik.sachsen-anhalt.de/fileadmin/Bibliothek/Landesaemter/StaLa/startseite/Themen/Wahlen/Tabellen/Auswertung_VOeff_FgMI.xlsx
afd,Sebastian Koch,1987,Gardelegen,Hansestadt Gardelegen,IT-Systemelektroniker,https://statistik.sachsen-anhalt.de/fileadmin/Bibliothek/Landesaemter/StaLa/startseite/Themen/Wahlen/Tabellen/Auswertung_VOeff_FgMI.xlsx
afd,Simon Lansmann,1982,Gardelegen,Hansestadt Gardelegen,Dipl. Elektroingenieur,https://statistik.sachsen-anhalt.de/fileadmin/Bibliothek/Landesaemter/StaLa/startseite/Themen/Wahlen/Tabellen/Auswertung_VOeff_FgMI.xlsx
afd,Stefanie Ahlfeld-Bangemann,1987,Stendal,Hansestadt Gardelegen,"selbstständig Physiotherapeutin, Dozentin",https://statistik.sachsen-anhalt.de/fileadmin/Bibliothek/Landesaemter/StaLa/startseite/Themen/Wahlen/Tabellen/Auswertung_VOeff_FgMI.xlsx
afd,Thomas Schmirander,1977,Leipzig,"Sülzetal, OT Osterweddingen",Angestellter,https://statistik.sachsen-anhalt.de/fileadmin/Bibliothek/Landesaemter/StaLa/startseite/Themen/Wahlen/Tabellen/Auswertung_VOeff_FgMI.xlsx
afd,Tobias Rausch,1990,Mellrichstadt,Staßfurt,Parlamentarischer Geschäftsführer der AfD Landtagsfraktion,https://statistik.sachsen-anhalt.de/fileadmin/Bibliothek/Landesaemter/StaLa/startseite/Themen/Wahlen/Tabellen/Auswertung_VOeff_FgMI.xlsx
afd,Ulrich Siegmund,1990,Havelberg,Tangermünde,selbst. Kaufmann,https://statistik.sachsen-anhalt.de/fileadmin/Bibliothek/Landesaemter/StaLa/startseite/Themen/Wahlen/Tabellen/Auswertung_VOeff_FgMI.xlsx
afd,Uwe Wolf Dieter Arendt,1967,Halle (Saale),Merseburg,Polizeibeamter,https://statistik.sachsen-anhalt.de/fileadmin/Bibliothek/Landesaemter/StaLa/startseite/Themen/Wahlen/Tabellen/Auswertung_VOeff_FgMI.xlsx
afd,Vanessa Schade,1995,Magdeburg,"Niedere Börde, OT Samswegen",Staatlich anerkannte Erzieherin,https://statistik.sachsen-anhalt.de/fileadmin/Bibliothek/Landesaemter/StaLa/startseite/Themen/Wahlen/Tabellen/Auswertung_VOeff_FgMI.xlsx
afd,Volker Olenicak,1966,Brehna,Muldestausee,Kaufmann,https://statistik.sachsen-anhalt.de/fileadmin/Bibliothek/Landesaemter/StaLa/startseite/Themen/Wahlen/Tabellen/Auswertung_VOeff_FgMI.xlsx
bsw,Andreas Holger Kendelbacher,1958,Zeitz,Elsteraue,Rentner,https://statistik.sachsen-anhalt.de/fileadmin/Bibliothek/Landesaemter/StaLa/startseite/Themen/Wahlen/Tabellen/Auswertung_VOeff_FgMI.xlsx
bsw,Andreas Michelmann,1959,Aschersleben,Aschersleben,Germanist,https://statistik.sachsen-anhalt.de/fileadmin/Bibliothek/Landesaemter/StaLa/startseite/Themen/Wahlen/Tabellen/Auswertung_VOeff_FgMI.xlsx
bsw,Andreas Neubert,1969,Halle (Saale),Halle (Saale),Archäologe,https://statistik.sachsen-anhalt.de/fileadmin/Bibliothek/Landesaemter/StaLa/startseite/Themen/Wahlen/Tabellen/Auswertung_VOeff_FgMI.xlsx
bsw,Carsten Reiche,1981,Wolfen,"Wanzleben-Börde, OT Klein Rodensleben",Polizeibeamter,https://statistik.sachsen-anhalt.de/fileadmin/Bibliothek/Landesaemter/StaLa/startseite/Themen/Wahlen/Tabellen/Auswertung_VOeff_FgMI.xlsx
bsw,Christian Samter,1965,Berlin,Dessau-Roßlau,Versicherungsbetriebswirt,https://statistik.sachsen-anhalt.de/fileadmin/Bibliothek/Landesaemter/StaLa/startseite/Themen/Wahlen/Tabellen/Auswertung_VOeff_FgMI.xlsx
bsw,Christine Meier,1952,Halle (Saale),Magdeburg,Dipl.-Ing. für chemischen Anlagenbau,https://statistik.sachsen-anhalt.de/fileadmin/Bibliothek/Landesaemter/StaLa/startseite/Themen/Wahlen/Tabellen/Auswertung_VOeff_FgMI.xlsx
bsw,Dr. Claudia Wittig,1983,Lutherstadt Wittenberg,Halle (Saale),Historikerin,https://statistik.sachsen-anhalt.de/fileadmin/Bibliothek/Landesaemter/StaLa/startseite/Themen/Wahlen/Tabellen/Auswertung_VOeff_FgMI.xlsx
bsw,Dr. Sylvia Winkelmann-Witkowsky,1959,Rostock,Halle (Saale),Orientarchäologe,https://statistik.sachsen-anhalt.de/fileadmin/Bibliothek/Landesaemter/StaLa/startseite/Themen/Wahlen/Tabellen/Auswertung_VOeff_FgMI.xlsx
bsw,Frank Roßband,1963,Naumburg,Gardelegen,Lehrer,https://statistik.sachsen-anhalt.de/fileadmin/Bibliothek/Landesaemter/StaLa/startseite/Themen/Wahlen/Tabellen/Auswertung_VOeff_FgMI.xlsx
bsw,Heiko Behne,1964,Gardelegen,"Klötze, OT Kunrau",Landmaschinenschlosser,https://statistik.sachsen-anhalt.de/fileadmin/Bibliothek/Landesaemter/StaLa/startseite/Themen/Wahlen/Tabellen/Auswertung_VOeff_FgMI.xlsx
bsw,Holger Köhne,1967,Havelberg,Sandau (Elbe),Finanzwirt (CoB),https://statistik.sachsen-anhalt.de/fileadmin/Bibliothek/Landesaemter/StaLa/startseite/Themen/Wahlen/Tabellen/Auswertung_VOeff_FgMI.xlsx
bsw,Hugo Boeck,1950,Magdeburg,Magdeburg,Rentner,https://statistik.sachsen-anhalt.de/fileadmin/Bibliothek/Landesaemter/StaLa/startseite/Themen/Wahlen/Tabellen/Auswertung_VOeff_FgMI.xlsx
bsw,Joachim Pasemann,1964,Wernigerode,Wernigerode,Prüfer,https://statistik.sachsen-anhalt.de/fileadmin/Bibliothek/Landesaemter/StaLa/startseite/Themen/Wahlen/Tabellen/Auswertung_VOeff_FgMI.xlsx
bsw,John Lucas Dittrich,2004,Magdeburg,Magdeburg,Werkstudent,https://statistik.sachsen-anhalt.de/fileadmin/Bibliothek/Landesaemter/StaLa/startseite/Themen/Wahlen/Tabellen/Auswertung_VOeff_FgMI.xlsx
bsw,Jörg Peter Vogt,1961,Ludwigslust,Magdeburg,"Diakon, Archäologe",https://statistik.sachsen-anhalt.de/fileadmin/Bibliothek/Landesaemter/StaLa/startseite/Themen/Wahlen/Tabellen/Auswertung_VOeff_FgMI.xlsx
bsw,Lenny Werner Wapenhans,2000,Magdeburg,Magdeburg,Bauingenieur,https://statistik.sachsen-anhalt.de/fileadmin/Bibliothek/Landesaemter/StaLa/startseite/Themen/Wahlen/Tabellen/Auswertung_VOeff_FgMI.xlsx
bsw,László Müller,1974,Weimar,Landsberg,Angestellter im Öffentlichen Dienst,https://statistik.sachsen-anhalt.de/fileadmin/Bibliothek/Landesaemter/StaLa/startseite/Themen/Wahlen/Tabellen/Auswertung_VOeff_FgMI.xlsx
bsw,Margitta Kriebel,1965,Perleberg,Colbitz,"Diplom-Forstingenieur, Referentin",https://statistik.sachsen-anhalt.de/fileadmin/Bibliothek/Landesaemter/StaLa/startseite/Themen/Wahlen/Tabellen/Auswertung_VOeff_FgMI.xlsx
bsw,Matthias Hohmann,1959,Burg,Burg,Rentner,https://statistik.sachsen-anhalt.de/fileadmin/Bibliothek/Landesaemter/StaLa/startseite/Themen/Wahlen/Tabellen/Auswertung_VOeff_FgMI.xlsx
bsw,Maximilian Schwartz,2004,Zell (Mosel),Ilsenburg (Harz),Kesselwärter,https://statistik.sachsen-anhalt.de/fileadmin/Bibliothek/Landesaemter/StaLa/startseite/Themen/Wahlen/Tabellen/Auswertung_VOeff_FgMI.xlsx
bsw,Michael Benecke,1959,Magdeburg,"Hohe Börde, OT Niederndodeleben",Rentner,https://statistik.sachsen-anhalt.de/fileadmin/Bibliothek/Landesaemter/StaLa/startseite/Themen/Wahlen/Tabellen/Auswertung_VOeff_FgMI.xlsx
bsw,Michael Deckert,1961,Dahme,Flechtingen,Dipl.-Forstingenieur,https://statistik.sachsen-anhalt.de/fileadmin/Bibliothek/Landesaemter/StaLa/startseite/Themen/Wahlen/Tabellen/Auswertung_VOeff_FgMI.xlsx
bsw,Michael Fürst,1966,Dresden,Angern,Informatiker,https://statistik.sachsen-anhalt.de/fileadmin/Bibliothek/Landesaemter/StaLa/startseite/Themen/Wahlen/Tabellen/Auswertung_VOeff_FgMI.xlsx
bsw,Michael Kühne,1964,Magdeburg,"Sülzetal, OT Langenweddingen",Promotor,https://statistik.sachsen-anhalt.de/fileadmin/Bibliothek/Landesaemter/StaLa/startseite/Themen/Wahlen/Tabellen/Auswertung_VOeff_FgMI.xlsx
bsw,Michael Reim,1983,Darmstadt,Ballenstedt,Fachinformatiker,https://statistik.sachsen-anhalt.de/fileadmin/Bibliothek/Landesaemter/StaLa/startseite/Themen/Wahlen/Tabellen/Auswertung_VOeff_FgMI.xlsx
bsw,Michael Wolfgang Fürst,1966,Dresden,Angern,Informatiker,https://statistik.sachsen-anhalt.de/fileadmin/Bibliothek/Landesaemter/StaLa/startseite/Themen/Wahlen/Tabellen/Auswertung_VOeff_FgMI.xlsx
bsw,Monika Gehlis,1954,Halberstadt,Halberstadt,Rentnerin,https://statistik.sachsen-anhalt.de/fileadmin/Bibliothek/Landesaemter/StaLa/startseite/Themen/Wahlen/Tabellen/Auswertung_VOeff_FgMI.xlsx
bsw,Monika Karin Gehlis,1954,Halberstadt,Halberstadt,Rentnerin,https://statistik.sachsen-anhalt.de/fileadmin/Bibliothek/Landesaemter/StaLa/startseite/Themen/Wahlen/Tabellen/Auswertung_VOeff_FgMI.xlsx
bsw,Oliver Bart,1981,Haldensleben,Haldensleben,Angestellter,https://statistik.sachsen-anhalt.de/fileadmin/Bibliothek/Landesaemter/StaLa/startseite/Themen/Wahlen/Tabellen/Auswertung_VOeff_FgMI.xlsx
bsw,Roland Herbert,1960,Magdeburg,Staßfurt,Berufsschullehrer,https://statistik.sachsen-anhalt.de/fileadmin/Bibliothek/Landesaemter/StaLa/startseite/Themen/Wahlen/Tabellen/Auswertung_VOeff_FgMI.xlsx
bsw,Rudenz Schramm,1954,Eisenach,Halle (Saale),Diplomkulturwissenschaftler,https://statistik.sachsen-anhalt.de/fileadmin/Bibliothek/Landesaemter/StaLa/startseite/Themen/Wahlen/Tabellen/Auswertung_VOeff_FgMI.xlsx
bsw,Sven Krüger,1966,Schönebeck (Elbe),Jerichow,Angestellter,https://statistik.sachsen-anhalt.de/fileadmin/Bibliothek/Landesaemter/StaLa/startseite/Themen/Wahlen/Tabellen/Auswertung_VOeff_FgMI.xlsx
bsw,Thomas Moritz,1961,Magdeburg,"Loitsche-Heinrichsberg, OT Heinrichsberg",Angestellter,https://statistik.sachsen-anhalt.de/fileadmin/Bibliothek/Landesaemter/StaLa/startseite/Themen/Wahlen/Tabellen/Auswertung_VOeff_FgMI.xlsx
bsw,Thomas Schulze,1964,Merseburg,Tangermünde,Verwaltungsbeamter,https://statistik.sachsen-anhalt.de/fileadmin/Bibliothek/Landesaemter/StaLa/startseite/Themen/Wahlen/Tabellen/Auswertung_VOeff_FgMI.xlsx
bsw,Uwe Erich Georgi,1957,Magdeburg,Schönebeck (Elbe),Rentner,https://statistik.sachsen-anhalt.de/fileadmin/Bibliothek/Landesaemter/StaLa/startseite/Themen/Wahlen/Tabellen/Auswertung_VOeff_FgMI.xlsx
bsw,Vinzenz Louis Mühlbach,1994,Magdeburg,Magdeburg,Fahrlehrer,https://statistik.sachsen-anhalt.de/fileadmin/Bibliothek/Landesaemter/StaLa/startseite/Themen/Wahlen/Tabellen/Auswertung_VOeff_FgMI.xlsx
bsw,Volkmar Gryschok,1965,Dresden,Tangermünde,Eisenbahnbauingenieur,https://statistik.sachsen-anhalt.de/fileadmin/Bibliothek/Landesaemter/StaLa/startseite/Themen/Wahlen/Tabellen/Auswertung_VOeff_FgMI.xlsx
cdu,Alexander Räuscher,1970,Leipzig,Osterwieck,Mitglied des Landtages,https://statistik.sachsen-anhalt.de/fileadmin/Bibliothek/Landesaemter/StaLa/startseite/Themen/Wahlen/Tabellen/Auswertung_VOeff_FgMI.xlsx
cdu,Andreas Konstantin Schumann,1964,Ebersbach,Magdeburg,Mitglied des Landtages,https://statistik.sachsen-anhalt.de/fileadmin/Bibliothek/Landesaemter/StaLa/startseite/Themen/Wahlen/Tabellen/Auswertung_VOeff_FgMI.xlsx
cdu,Andreas Schumann,1964,Ebersbach,Magdeburg,Mitglied des Landtages,https://statistik.sachsen-anhalt.de/fileadmin/Bibliothek/Landesaemter/StaLa/startseite/Themen/Wahlen/Tabellen/Auswertung_VOeff_FgMI.xlsx
cdu,Anna Kreye,1994,Magdeburg,Magdeburg,"Verwaltungsjuristin, Beamtin",https://statistik.sachsen-anhalt.de/fileadmin/Bibliothek/Landesaemter/StaLa/startseite/Themen/Wahlen/Tabellen/Auswertung_VOeff_FgMI.xlsx
cdu,Artjom Pusch,1987,Prokopjewsk,Halberstadt,Wirtschaftsingenieur,https://statistik.sachsen-anhalt.de/fileadmin/Bibliothek/Landesaemter/StaLa/startseite/Themen/Wahlen/Tabellen/Auswertung_VOeff_FgMI.xlsx
cdu,Bianca Heine,1997,Magdeburg,Harzgerode,Verwaltungsbeamtin,https://statistik.sachsen-anhalt.de/fileadmin/Bibliothek/Landesaemter/StaLa/startseite/Themen/Wahlen/Tabellen/Auswertung_VOeff_FgMI.xlsx
cdu,Britta Goehring,1975,Schönebeck (Elbe),Schönebeck (Elbe),Geschäftsstellenleiterin,https://statistik.sachsen-anhalt.de/fileadmin/Bibliothek/Landesaemter/StaLa/startseite/Themen/Wahlen/Tabellen/Auswertung_VOeff_FgMI.xlsx
cdu,Carsten Borchert,1962,Riebau,Jübar,Abgeordneter im Landtag von Sachsen-Anhalt,https://statistik.sachsen-anhalt.de/fileadmin/Bibliothek/Landesaemter/StaLa/startseite/Themen/Wahlen/Tabellen/Auswertung_VOeff_FgMI.xlsx
cdu,Chris Schulenburg,1980,Havelberg,Sandau (Elbe),"Polizeibeamter, Master of Arts",https://statistik.sachsen-anhalt.de/fileadmin/Bibliothek/Landesaemter/StaLa/startseite/Themen/Wahlen/Tabellen/Auswertung_VOeff_FgMI.xlsx
cdu,Christian Albrecht,1982,Merseburg,Halle (Saale),Rechtsanwalt,https://statistik.sachsen-anhalt.de/fileadmin/Bibliothek/Landesaemter/StaLa/startseite/Themen/Wahlen/Tabellen/Auswertung_VOeff_FgMI.xlsx
cdu,Christopher Schult,1986,Magdeburg,Barleben,Kaufmann im Groß- und Außenhandel,https://statistik.sachsen-anhalt.de/fileadmin/Bibliothek/Landesaemter/StaLa/startseite/Themen/Wahlen/Tabellen/Auswertung_VOeff_FgMI.xlsx
cdu,Claudia Freia Schmidt,1980,Halle (Saale),Halle (Saale),Wissenschaftsreferentin,https://statistik.sachsen-anhalt.de/fileadmin/Bibliothek/Landesaemter/StaLa/startseite/Themen/Wahlen/Tabellen/Auswertung_VOeff_FgMI.xlsx
cdu,Daniel Sturm,1977,Naumburg (Saale),Naumburg (Saale),"Friseurmeister, MdL",https://statistik.sachsen-anhalt.de/fileadmin/Bibliothek/Landesaemter/StaLa/startseite/Themen/Wahlen/Tabellen/Auswertung_VOeff_FgMI.xlsx
cdu,Detlef Gürth,1962,Aschersleben,Aschersleben,Mitglied des Landtages,https://statistik.sachsen-anhalt.de/fileadmin/Bibliothek/Landesaemter/StaLa/startseite/Themen/Wahlen/Tabellen/Auswertung_VOeff_FgMI.xlsx
cdu,Dr. Anja Schneider,1968,Dessau,"Dessau-Roßlau, OT Großkühnau",Landtagsabgeordnete,https://statistik.sachsen-anhalt.de/fileadmin/Bibliothek/Landesaemter/StaLa/startseite/Themen/Wahlen/Tabellen/Auswertung_VOeff_FgMI.xlsx
cdu,Dr. Daniel Schlothmann-Jeschek,1983,Moers,Schönebeck (Elbe),Referent,https://statistik.sachsen-anhalt.de/fileadmin/Bibliothek/Landesaemter/StaLa/startseite/Themen/Wahlen/Tabellen/Auswertung_VOeff_FgMI.xlsx
cdu,Dr. Ulf Altmann,1968,Zeitz,Zeitz,Zahnarzt,https://statistik.sachsen-anhalt.de/fileadmin/Bibliothek/Landesaemter/StaLa/startseite/Themen/Wahlen/Tabellen/Auswertung_VOeff_FgMI.xlsx
cdu,Elke Simon-Kuch,1970,Weißenfels,Weißenfels,"Betriebswirtschaftlerin, MdL",https://statistik.sachsen-anhalt.de/fileadmin/Bibliothek/Landesaemter/StaLa/startseite/Themen/Wahlen/Tabellen/Auswertung_VOeff_FgMI.xlsx
cdu,Eva Feußner,1963,Naumburg,Eckartsberga,"Diplom-Lehrerin, Mitglied des Landtages",https://statistik.sachsen-anhalt.de/fileadmin/Bibliothek/Landesaemter/StaLa/startseite/Themen/Wahlen/Tabellen/Auswertung_VOeff_FgMI.xlsx
cdu,Frank Bommersbach,1963,Halle (Saale),Petersberg,BMSR-Techniker,https://statistik.sachsen-anhalt.de/fileadmin/Bibliothek/Landesaemter/StaLa/startseite/Themen/Wahlen/Tabellen/Auswertung_VOeff_FgMI.xlsx
cdu,Frank Hartmut Uwe Bommersbach,1963,Halle (Saale),"Petersberg, OT Werderthau",BMSR-Techniker,https://statistik.sachsen-anhalt.de/fileadmin/Bibliothek/Landesaemter/StaLa/startseite/Themen/Wahlen/Tabellen/Auswertung_VOeff_FgMI.xlsx
cdu,Frank Stiele,1990,Magdeburg,Magdeburg,Polizeivollzugsbeamter,https://statistik.sachsen-anhalt.de/fileadmin/Bibliothek/Landesaemter/StaLa/startseite/Themen/Wahlen/Tabellen/Auswertung_VOeff_FgMI.xlsx
cdu,Franziska Beyer,1982,Magdeburg,Wolmirstedt,Geschäftsführende Gesellschafterin,https://statistik.sachsen-anhalt.de/fileadmin/Bibliothek/Landesaemter/StaLa/startseite/Themen/Wahlen/Tabellen/Auswertung_VOeff_FgMI.xlsx
cdu,Guido Heuer,1966,Magdeburg,"Sülzetal, OT Osterweddingen",Mitglied des Landtages,https://statistik.sachsen-anhalt.de/fileadmin/Bibliothek/Landesaemter/StaLa/startseite/Themen/Wahlen/Tabellen/Auswertung_VOeff_FgMI.xlsx
cdu,Ilka Reckmann,1973,Stendal,Merseburg,Diplom-Theologin,https://statistik.sachsen-anhalt.de/fileadmin/Bibliothek/Landesaemter/StaLa/startseite/Themen/Wahlen/Tabellen/Auswertung_VOeff_FgMI.xlsx
cdu,Jonas Döhring,1996,Zerbst,Zerbst/Anhalt,Unternehmer,https://statistik.sachsen-anhalt.de/fileadmin/Bibliothek/Landesaemter/StaLa/startseite/Themen/Wahlen/Tabellen/Auswertung_VOeff_FgMI.xlsx
cdu,Jörg Anschütz,1964,Bernburg,Halle (Saale),Erzieher,https://statistik.sachsen-anhalt.de/fileadmin/Bibliothek/Landesaemter/StaLa/startseite/Themen/Wahlen/Tabellen/Auswertung_VOeff_FgMI.xlsx
cdu,Karin Tschernich-Weiske,1973,Dessau,"Oranienbaum-Wörlitz, OT Oranienbaum",Volljuristin,https://statistik.sachsen-anhalt.de/fileadmin/Bibliothek/Landesaemter/StaLa/startseite/Themen/Wahlen/Tabellen/Auswertung_VOeff_FgMI.xlsx
cdu,Kerstin Godenrath,1979,Weißenfels,Halle (Saale),Landtagsabgeordnete,https://statistik.sachsen-anhalt.de/fileadmin/Bibliothek/Landesaemter/StaLa/startseite/Themen/Wahlen/Tabellen/Auswertung_VOeff_FgMI.xlsx
cdu,Lars-Jörn Zimmer,1970,Brehna,Bitterfeld-Wolfen,Mitglied des Landtages,https://statistik.sachsen-anhalt.de/fileadmin/Bibliothek/Landesaemter/StaLa/startseite/Themen/Wahlen/Tabellen/Auswertung_VOeff_FgMI.xlsx
cdu,Lisa Willy,2001,Burg,Burg,Wirtschaftsjuristin,https://statistik.sachsen-anhalt.de/fileadmin/Bibliothek/Landesaemter/StaLa/startseite/Themen/Wahlen/Tabellen/Auswertung_VOeff_FgMI.xlsx
cdu,Marco Tullner,1968,Wismar,Halle (Saale),Historiker,https://statistik.sachsen-anhalt.de/fileadmin/Bibliothek/Landesaemter/StaLa/startseite/Themen/Wahlen/Tabellen/Auswertung_VOeff_FgMI.xlsx
cdu,Markus Kurze,1970,Burg,Burg,Mitglied des Landtages,https://statistik.sachsen-anhalt.de/fileadmin/Bibliothek/Landesaemter/StaLa/startseite/Themen/Wahlen/Tabellen/Auswertung_VOeff_FgMI.xlsx
cdu,Martin Steffen,1982,Weißenfels,"Weißenfels, OT Uichteritz",Geschäftsführer,https://statistik.sachsen-anhalt.de/fileadmin/Bibliothek/Landesaemter/StaLa/startseite/Themen/Wahlen/Tabellen/Auswertung_VOeff_FgMI.xlsx
cdu,Matthias Redlich,1982,Sangerhausen,Sangerhausen,Dipl.-Verwaltungswissenschaftler,https://statistik.sachsen-anhalt.de/fileadmin/Bibliothek/Landesaemter/StaLa/startseite/Themen/Wahlen/Tabellen/Auswertung_VOeff_FgMI.xlsx
cdu,Michael Scheffler,1973,Halle (Saale),"Salzatal, OT Höhnstedt",Diplom-Kaufmann (FH),https://statistik.sachsen-anhalt.de/fileadmin/Bibliothek/Landesaemter/StaLa/startseite/Themen/Wahlen/Tabellen/Auswertung_VOeff_FgMI.xlsx
cdu,Michel Karl Otto Kleinhans,1988,Goslar,Halle (Saale),Betriebswirt,https://statistik.sachsen-anhalt.de/fileadmin/Bibliothek/Landesaemter/StaLa/startseite/Themen/Wahlen/Tabellen/Auswertung_VOeff_FgMI.xlsx
cdu,Michél Odenthal,1992,Zwickau,Freyburg (Unstrut),Kriminaloberkommissar,https://statistik.sachsen-anhalt.de/fileadmin/Bibliothek/Landesaemter/StaLa/startseite/Themen/Wahlen/Tabellen/Auswertung_VOeff_FgMI.xlsx
cdu,Nico Elsner,2001,Lutherstadt Wittenberg,Lutherstadt Wittenberg,Bundesverwaltungsangestellter,https://statistik.sachsen-anhalt.de/fileadmin/Bibliothek/Landesaemter/StaLa/startseite/Themen/Wahlen/Tabellen/Auswertung_VOeff_FgMI.xlsx
cdu,Olaf Feuerborn,1961,Zülpich,Südliches Anhalt,Mitglied des Landtages,https://statistik.sachsen-anhalt.de/fileadmin/Bibliothek/Landesaemter/StaLa/startseite/Themen/Wahlen/Tabellen/Auswertung_VOeff_FgMI.xlsx
cdu,Patrick Schubert,1979,Lutherstadt Wittenberg,Annaburg,Marineoffizier und Personalreferent,https://statistik.sachsen-anhalt.de/fileadmin/Bibliothek/Landesaemter/StaLa/startseite/Themen/Wahlen/Tabellen/Auswertung_VOeff_FgMI.xlsx
cdu,René Barthel,1982,Lutherstadt Eisleben,Lutherstadt Eisleben,MdL,https://statistik.sachsen-anhalt.de/fileadmin/Bibliothek/Landesaemter/StaLa/startseite/Themen/Wahlen/Tabellen/Auswertung_VOeff_FgMI.xlsx
cdu,Sandra Hietel-Heuer,1981,Gardelegen,Hansestadt Gardelegen,"Dipl.-Betriebswirtin (FH), Mitglied des Landtages",https://statistik.sachsen-anhalt.de/fileadmin/Bibliothek/Landesaemter/StaLa/startseite/Themen/Wahlen/Tabellen/Auswertung_VOeff_FgMI.xlsx
cdu,Sebastian Jörg Weise,1986,Haldensleben,"Hohe Börde, OT Niederndodeleben",Diplom-Physiker,https://statistik.sachsen-anhalt.de/fileadmin/Bibliothek/Landesaemter/StaLa/startseite/Themen/Wahlen/Tabellen/Auswertung_VOeff_FgMI.xlsx
cdu,Stefan Ruland,1980,Schönebeck (Elbe),Bernburg (Saale),Mitglied des Landtages,https://statistik.sachsen-anhalt.de/fileadmin/Bibliothek/Landesaemter/StaLa/startseite/Themen/Wahlen/Tabellen/Auswertung_VOeff_FgMI.xlsx
cdu,Sven Rosomkiewicz,1986,Staßfurt,Borne,Landtagsabgeordneter,https://statistik.sachsen-anhalt.de/fileadmin/Bibliothek/Landesaemter/StaLa/startseite/Themen/Wahlen/Tabellen/Auswertung_VOeff_FgMI.xlsx
cdu,Sven Schulze,1979,Quedlinburg,Magdeburg,Diplom-Ingenieur,https://statistik.sachsen-anhalt.de/fileadmin/Bibliothek/Landesaemter/StaLa/startseite/Themen/Wahlen/Tabellen/Auswertung_VOeff_FgMI.xlsx
cdu,Thomas Staudt,1974,Stendal,Tangermünde,Malermeister,https://statistik.sachsen-anhalt.de/fileadmin/Bibliothek/Landesaemter/StaLa/startseite/Themen/Wahlen/Tabellen/Auswertung_VOeff_FgMI.xlsx
cdu,Thomas Weise,1969,Stendal,Hansestadt Stendal,Unternehmer,https://statistik.sachsen-anhalt.de/fileadmin/Bibliothek/Landesaemter/StaLa/startseite/Themen/Wahlen/Tabellen/Auswertung_VOeff_FgMI.xlsx
cdu,Tim Rohne,1986,Magdeburg,Magdeburg,Angestellter,https://statistik.sachsen-anhalt.de/fileadmin/Bibliothek/Landesaemter/StaLa/startseite/Themen/Wahlen/Tabellen/Auswertung_VOeff_FgMI.xlsx
cdu,Tim Teßmann,1989,Haldensleben,Bülstringen,Mitglied des Landtages,https://statistik.sachsen-anhalt.de/fileadmin/Bibliothek/Landesaemter/StaLa/startseite/Themen/Wahlen/Tabellen/Auswertung_VOeff_FgMI.xlsx
cdu,Tobias Krull,1977,Magdeburg,Wanzleben-Börde,Mitglied des Landtages,https://statistik.sachsen-anhalt.de/fileadmin/Bibliothek/Landesaemter/StaLa/startseite/Themen/Wahlen/Tabellen/Auswertung_VOeff_FgMI.xlsx
cdu,Ulrich Thomas,1968,Quedlinburg,Quedlinburg,Mitglied des Landtages,https://statistik.sachsen-anhalt.de/fileadmin/Bibliothek/Landesaemter/StaLa/startseite/Themen/Wahlen/Tabellen/Auswertung_VOeff_FgMI.xlsx
cdu,Winfried Pethe,1977,Leipzig,Halle (Saale),Software-Ingenieur,https://statistik.sachsen-anhalt.de/fileadmin/Bibliothek/Landesaemter/StaLa/startseite/Themen/Wahlen/Tabellen/Auswertung_VOeff_FgMI.xlsx
fdp,Adrian Gusinde,2003,Magdeburg,"Hohe Börde, OT Niederndodeleben",Student des Lehramtes für Gymnasien,https://statistik.sachsen-anhalt.de/fileadmin/Bibliothek/Landesaemter/StaLa/startseite/Themen/Wahlen/Tabellen/Auswertung_VOeff_FgMI.xlsx
fdp,Allard von Arnim,1965,Düsseldorf,"Möckern, OT Brandenstein",Dipl.-Kaufmann,https://statistik.sachsen-anhalt.de/fileadmin/Bibliothek/Landesaemter/StaLa/startseite/Themen/Wahlen/Tabellen/Auswertung_VOeff_FgMI.xlsx
fdp,Andreas Silbersack,1967,Halle (Saale),Halle (Saale),Rechtsanwalt,https://statistik.sachsen-anhalt.de/fileadmin/Bibliothek/Landesaemter/StaLa/startseite/Themen/Wahlen/Tabellen/Auswertung_VOeff_FgMI.xlsx
fdp,Annelie Brune,2007,Gardelegen,Hansestadt Gardelegen,Studentin,https://statistik.sachsen-anhalt.de/fileadmin/Bibliothek/Landesaemter/StaLa/startseite/Themen/Wahlen/Tabellen/Auswertung_VOeff_FgMI.xlsx
fdp,Annett Krake,1971,Halle (Saale),Halle (Saale),Theatervermittlerin,https://statistik.sachsen-anhalt.de/fileadmin/Bibliothek/Landesaemter/StaLa/startseite/Themen/Wahlen/Tabellen/Auswertung_VOeff_FgMI.xlsx
fdp,Axel Riedel,1978,Bergen/Rügen,Magdeburg,Erzieher,https://statistik.sachsen-anhalt.de/fileadmin/Bibliothek/Landesaemter/StaLa/startseite/Themen/Wahlen/Tabellen/Auswertung_VOeff_FgMI.xlsx
fdp,Birgit Kansy,1959,Halle (Saale),Halle (Saale),Diplom-Ingenieur,https://statistik.sachsen-anhalt.de/fileadmin/Bibliothek/Landesaemter/StaLa/startseite/Themen/Wahlen/Tabellen/Auswertung_VOeff_FgMI.xlsx
fdp,Björn Wasserthal,1974,Haldensleben,"Hohe Börde, OT Irxleben",selbst. Unternehmer,https://statistik.sachsen-anhalt.de/fileadmin/Bibliothek/Landesaemter/StaLa/startseite/Themen/Wahlen/Tabellen/Auswertung_VOeff_FgMI.xlsx
fdp,Christian Daehre,1978,Potsdam,Magdeburg,Rollenoffsetdrucker,https://statistik.sachsen-anhalt.de/fileadmin/Bibliothek/Landesaemter/StaLa/startseite/Themen/Wahlen/Tabellen/Auswertung_VOeff_FgMI.xlsx
fdp,Christian Sascha Daehre,1978,Potsdam,Magdeburg,Rollenoffsetdrucker,https://statistik.sachsen-anhalt.de/fileadmin/Bibliothek/Landesaemter/StaLa/startseite/Themen/Wahlen/Tabellen/Auswertung_VOeff_FgMI.xlsx
fdp,Daniela Tost,1972,Magdeburg,Magdeburg,Schulleiterin,https://statistik.sachsen-anhalt.de/fileadmin/Bibliothek/Landesaemter/StaLa/startseite/Themen/Wahlen/Tabellen/Auswertung_VOeff_FgMI.xlsx
fdp,Dirk Taschner,1962,Merseburg,Bad Dürrenberg,Kfz-Meister,https://statistik.sachsen-anhalt.de/fileadmin/Bibliothek/Landesaemter/StaLa/startseite/Themen/Wahlen/Tabellen/Auswertung_VOeff_FgMI.xlsx
fdp,Dr. Frank Odemar,1955,Dessau,Könnern,Arzt,https://statistik.sachsen-anhalt.de/fileadmin/Bibliothek/Landesaemter/StaLa/startseite/Themen/Wahlen/Tabellen/Auswertung_VOeff_FgMI.xlsx
fdp,Dr. Lydia Maria Hüskens,1964,Geldern,Magdeburg,Ministerin für Infrastruktur und Digitales,https://statistik.sachsen-anhalt.de/fileadmin/Bibliothek/Landesaemter/StaLa/startseite/Themen/Wahlen/Tabellen/Auswertung_VOeff_FgMI.xlsx
fdp,Dr. Maximilian Georg Philipp,1989,Halle (Saale),Petersberg,Arzt,https://statistik.sachsen-anhalt.de/fileadmin/Bibliothek/Landesaemter/StaLa/startseite/Themen/Wahlen/Tabellen/Auswertung_VOeff_FgMI.xlsx
fdp,Dr. Maximilian Philipp,1989,Halle (Saale),"Petersberg, OT Sennewitz",Arzt,https://statistik.sachsen-anhalt.de/fileadmin/Bibliothek/Landesaemter/StaLa/startseite/Themen/Wahlen/Tabellen/Auswertung_VOeff_FgMI.xlsx
fdp,Felix Julius Krüger,2004,Quedlinburg,Quedlinburg,Bankkaufmann (Auszubildender),https://statistik.sachsen-anhalt.de/fileadmin/Bibliothek/Landesaemter/StaLa/startseite/Themen/Wahlen/Tabellen/Auswertung_VOeff_FgMI.xlsx
fdp,Florian Pascal Feger,2004,Quedlinburg,Magdeburg,Pflegefachkraft,https://statistik.sachsen-anhalt.de/fileadmin/Bibliothek/Landesaemter/StaLa/startseite/Themen/Wahlen/Tabellen/Auswertung_VOeff_FgMI.xlsx
fdp,Guido Lars Kosmehl,1975,Leipzig,Bitterfeld-Wolfen,Volljurist,https://statistik.sachsen-anhalt.de/fileadmin/Bibliothek/Landesaemter/StaLa/startseite/Themen/Wahlen/Tabellen/Auswertung_VOeff_FgMI.xlsx
fdp,Gunnar Blache,1958,Ballenstedt,Naumburg (Saale),Vermessungsingenieur,https://statistik.sachsen-anhalt.de/fileadmin/Bibliothek/Landesaemter/StaLa/startseite/Themen/Wahlen/Tabellen/Auswertung_VOeff_FgMI.xlsx
fdp,Gunnar Salomon,1969,Stendal,Hohenberg-Krusemark,Unternehmer,https://statistik.sachsen-anhalt.de/fileadmin/Bibliothek/Landesaemter/StaLa/startseite/Themen/Wahlen/Tabellen/Auswertung_VOeff_FgMI.xlsx
fdp,Johanna Engel,1998,Bernburg (Saale),Nienburg (Saale),Ärztin,https://statistik.sachsen-anhalt.de/fileadmin/Bibliothek/Landesaemter/StaLa/startseite/Themen/Wahlen/Tabellen/Auswertung_VOeff_FgMI.xlsx
fdp,John Matthias Kaube,2006,Leipzig,Aken (Elbe),Student,https://statistik.sachsen-anhalt.de/fileadmin/Bibliothek/Landesaemter/StaLa/startseite/Themen/Wahlen/Tabellen/Auswertung_VOeff_FgMI.xlsx
fdp,Jörg Bernstein,1966,Roßlau,"Dessau-Roßlau, OT Kochstedt",Berufsschulleher,https://statistik.sachsen-anhalt.de/fileadmin/Bibliothek/Landesaemter/StaLa/startseite/Themen/Wahlen/Tabellen/Auswertung_VOeff_FgMI.xlsx
fdp,Karsten Pille,1959,Halle (Saale),Sangerhausen,Ingenieur,https://statistik.sachsen-anhalt.de/fileadmin/Bibliothek/Landesaemter/StaLa/startseite/Themen/Wahlen/Tabellen/Auswertung_VOeff_FgMI.xlsx
fdp,Kathrin Tarricone,1965,Zeitz,Mansfeld,Dipl.-Ing. Agrar,https://statistik.sachsen-anhalt.de/fileadmin/Bibliothek/Landesaemter/StaLa/startseite/Themen/Wahlen/Tabellen/Auswertung_VOeff_FgMI.xlsx
fdp,Marco Airoldi,1991,Köthen,Aken (Elbe),Berufssoldat,https://statistik.sachsen-anhalt.de/fileadmin/Bibliothek/Landesaemter/StaLa/startseite/Themen/Wahlen/Tabellen/Auswertung_VOeff_FgMI.xlsx
fdp,Marco Slotta,1969,Bernburg,Hansestadt Stendal,Rechtsanwalt,https://statistik.sachsen-anhalt.de/fileadmin/Bibliothek/Landesaemter/StaLa/startseite/Themen/Wahlen/Tabellen/Auswertung_VOeff_FgMI.xlsx
fdp,Marcus Hillwig,1979,Dessau,Dessau-Roßlau,Geschäfsführer Immobilienverwaltung,https://statistik.sachsen-anhalt.de/fileadmin/Bibliothek/Landesaemter/StaLa/startseite/Themen/Wahlen/Tabellen/Auswertung_VOeff_FgMI.xlsx
fdp,Markus Göhricke,1989,Halle (Saale),Merseburg,Techniker (Maschinenbau),https://statistik.sachsen-anhalt.de/fileadmin/Bibliothek/Landesaemter/StaLa/startseite/Themen/Wahlen/Tabellen/Auswertung_VOeff_FgMI.xlsx
fdp,Max Henrik Schröder,2005,Freudenstadt,Quedlinburg,Kreisinspektoranwärter,https://statistik.sachsen-anhalt.de/fileadmin/Bibliothek/Landesaemter/StaLa/startseite/Themen/Wahlen/Tabellen/Auswertung_VOeff_FgMI.xlsx
fdp,Maximilian Frey,2000,Braunschweig,"Muldestausee, OT Schlaitz",Verwaltungsfachangestellter,https://statistik.sachsen-anhalt.de/fileadmin/Bibliothek/Landesaemter/StaLa/startseite/Themen/Wahlen/Tabellen/Auswertung_VOeff_FgMI.xlsx
fdp,Maximilian Gludau,1998,Weißenfels,Weißenfels,Mitglied des Landtages,https://statistik.sachsen-anhalt.de/fileadmin/Bibliothek/Landesaemter/StaLa/startseite/Themen/Wahlen/Tabellen/Auswertung_VOeff_FgMI.xlsx
fdp,Oliver Mank,1989,Gardelegen,Tangermünde,Finanzanlagenfachmann,https://statistik.sachsen-anhalt.de/fileadmin/Bibliothek/Landesaemter/StaLa/startseite/Themen/Wahlen/Tabellen/Auswertung_VOeff_FgMI.xlsx
fdp,Pascal Weiser,1992,Haldensleben,"Hohe Börde, OT Schackensleben",ltd. IT-Konfigurationsmanager,https://statistik.sachsen-anhalt.de/fileadmin/Bibliothek/Landesaemter/StaLa/startseite/Themen/Wahlen/Tabellen/Auswertung_VOeff_FgMI.xlsx
fdp,Philipp Stavenow,2001,Regensburg,Dessau-Roßlau,Industriekaufmann,https://statistik.sachsen-anhalt.de/fileadmin/Bibliothek/Landesaemter/StaLa/startseite/Themen/Wahlen/Tabellen/Auswertung_VOeff_FgMI.xlsx
fdp,Ramona Hoyer,1973,Halle (Saale),"Wettin-Löbejün, OT Wettin",Rechtsanwältin,https://statistik.sachsen-anhalt.de/fileadmin/Bibliothek/Landesaemter/StaLa/startseite/Themen/Wahlen/Tabellen/Auswertung_VOeff_FgMI.xlsx
fdp,Steffen Mente,1972,Quedlinburg,Quedlinburg,selbstständig,https://statistik.sachsen-anhalt.de/fileadmin/Bibliothek/Landesaemter/StaLa/startseite/Themen/Wahlen/Tabellen/Auswertung_VOeff_FgMI.xlsx
fdp,Thomas Dietmar Mothes,1988,Rodewisch,Diesdorf,Handwerksmeister,https://statistik.sachsen-anhalt.de/fileadmin/Bibliothek/Landesaemter/StaLa/startseite/Themen/Wahlen/Tabellen/Auswertung_VOeff_FgMI.xlsx
fdp,Thomas Gürke,1970,Magdeburg,Magdeburg,Rechtsanwalt,https://statistik.sachsen-anhalt.de/fileadmin/Bibliothek/Landesaemter/StaLa/startseite/Themen/Wahlen/Tabellen/Auswertung_VOeff_FgMI.xlsx
fdp,Tim Kehrwieder,1998,Bad Belzig,Halle (Saale),Student,https://statistik.sachsen-anhalt.de/fileadmin/Bibliothek/Landesaemter/StaLa/startseite/Themen/Wahlen/Tabellen/Auswertung_VOeff_FgMI.xlsx
fdp,Torsten Haußmann,1966,Aschersleben,Aschersleben,Diplomingenieur,https://statistik.sachsen-anhalt.de/fileadmin/Bibliothek/Landesaemter/StaLa/startseite/Themen/Wahlen/Tabellen/Auswertung_VOeff_FgMI.xlsx
fdp,Torsten Schaper,1978,Halle (Saale),Halle (Saale),Dipl.-Betriebswirt,https://statistik.sachsen-anhalt.de/fileadmin/Bibliothek/Landesaemter/StaLa/startseite/Themen/Wahlen/Tabellen/Auswertung_VOeff_FgMI.xlsx
fw,André Weber,1988,Wernigerode,Ilsenburg (Harz),Fuhrparkdisponent,https://statistik.sachsen-anhalt.de/fileadmin/Bibliothek/Landesaemter/StaLa/startseite/Themen/Wahlen/Tabellen/Auswertung_VOeff_FgMI.xlsx
fw,Bianka Willke,1983,Wernigerode,Wernigerode,Filialleiterin,https://statistik.sachsen-anhalt.de/fileadmin/Bibliothek/Landesaemter/StaLa/startseite/Themen/Wahlen/Tabellen/Auswertung_VOeff_FgMI.xlsx
fw,Danny Becker,1989,Halberstadt,Ilsenburg (Harz),Heilerziehungspfleger,https://statistik.sachsen-anhalt.de/fileadmin/Bibliothek/Landesaemter/StaLa/startseite/Themen/Wahlen/Tabellen/Auswertung_VOeff_FgMI.xlsx
fw,Holger Wenzel,1957,Halle (Saale),"Kabelsketal, OT Zwintschöna",Diplom Physiker,https://statistik.sachsen-anhalt.de/fileadmin/Bibliothek/Landesaemter/StaLa/startseite/Themen/Wahlen/Tabellen/Auswertung_VOeff_FgMI.xlsx
fw,Isabell Schulze,1988,Zeitz,Elsteraue,Event-Dekorateurin,https://statistik.sachsen-anhalt.de/fileadmin/Bibliothek/Landesaemter/StaLa/startseite/Themen/Wahlen/Tabellen/Auswertung_VOeff_FgMI.xlsx
fw,Jerome Querfurth,2003,Aschersleben,Thale,Veranstaltungstechniker,https://statistik.sachsen-anhalt.de/fileadmin/Bibliothek/Landesaemter/StaLa/startseite/Themen/Wahlen/Tabellen/Auswertung_VOeff_FgMI.xlsx
fw,Kay Gericke,1974,Magdeburg,Biederitz,Beamter,https://statistik.sachsen-anhalt.de/fileadmin/Bibliothek/Landesaemter/StaLa/startseite/Themen/Wahlen/Tabellen/Auswertung_VOeff_FgMI.xlsx
fw,Maik Mattheis,1963,Bad Schmiedeberg,Bad Schmiedeberg,Geschäftsführer Technik,https://statistik.sachsen-anhalt.de/fileadmin/Bibliothek/Landesaemter/StaLa/startseite/Themen/Wahlen/Tabellen/Auswertung_VOeff_FgMI.xlsx
fw,Maximilian Kullack,1999,Halle (Saale),Halle (Saale),Kommunalbeamter,https://statistik.sachsen-anhalt.de/fileadmin/Bibliothek/Landesaemter/StaLa/startseite/Themen/Wahlen/Tabellen/Auswertung_VOeff_FgMI.xlsx
fw,Norman Unger,2000,Lutherstadt Wittenberg,Lutherstadt Wittenberg,Kaufmann für audiovisuelle Medien,https://statistik.sachsen-anhalt.de/fileadmin/Bibliothek/Landesaemter/StaLa/startseite/Themen/Wahlen/Tabellen/Auswertung_VOeff_FgMI.xlsx
fw,Rebecca Resch,1987,Zeitz,Elsteraue,selbständige Osteopathin,https://statistik.sachsen-anhalt.de/fileadmin/Bibliothek/Landesaemter/StaLa/startseite/Themen/Wahlen/Tabellen/Auswertung_VOeff_FgMI.xlsx
fw,Ronny Schneider,1982,Wolfen,Zörbig,IT-Systemadministrator,https://statistik.sachsen-anhalt.de/fileadmin/Bibliothek/Landesaemter/StaLa/startseite/Themen/Wahlen/Tabellen/Auswertung_VOeff_FgMI.xlsx
fw,Yvonne Krause,1973,Halle (Saale),Halle (Saale),Leitung Kindertagesstätte,https://statistik.sachsen-anhalt.de/fileadmin/Bibliothek/Landesaemter/StaLa/startseite/Themen/Wahlen/Tabellen/Auswertung_VOeff_FgMI.xlsx
gruene,Alexander Michael,1987,Blankenburg,Burg,angest. Vertriebsleiter,https://statistik.sachsen-anhalt.de/fileadmin/Bibliothek/Landesaemter/StaLa/startseite/Themen/Wahlen/Tabellen/Auswertung_VOeff_FgMI.xlsx
gruene,Beatrice Lindhorst,1985,Prenzlau,Lutherstadt Wittenberg,Online Marketing Managerin,https://statistik.sachsen-anhalt.de/fileadmin/Bibliothek/Landesaemter/StaLa/startseite/Themen/Wahlen/Tabellen/Auswertung_VOeff_FgMI.xlsx
gruene,Christine Reimann,1965,Hamburg,Südharz,Krankenschwester,https://statistik.sachsen-anhalt.de/fileadmin/Bibliothek/Landesaemter/StaLa/startseite/Themen/Wahlen/Tabellen/Auswertung_VOeff_FgMI.xlsx
gruene,Darlin Höckendorff,2005,Burg,"Möckern, OT Wallwitz",Auszubildende,https://statistik.sachsen-anhalt.de/fileadmin/Bibliothek/Landesaemter/StaLa/startseite/Themen/Wahlen/Tabellen/Auswertung_VOeff_FgMI.xlsx
gruene,Dennis Tobias Helmich,1991,Moers,Halle (Saale),Sozialwissenschaftler,https://statistik.sachsen-anhalt.de/fileadmin/Bibliothek/Landesaemter/StaLa/startseite/Themen/Wahlen/Tabellen/Auswertung_VOeff_FgMI.xlsx
gruene,Dennis-Tobias Helmich,1991,Moers,Halle (Saale),Sozialwissenschaftler B.A.,https://statistik.sachsen-anhalt.de/fileadmin/Bibliothek/Landesaemter/StaLa/startseite/Themen/Wahlen/Tabellen/Auswertung_VOeff_FgMI.xlsx
gruene,Elke Ruth Lampka,1958,Potsdam,Halberstadt,Ärztin,https://statistik.sachsen-anhalt.de/fileadmin/Bibliothek/Landesaemter/StaLa/startseite/Themen/Wahlen/Tabellen/Auswertung_VOeff_FgMI.xlsx
gruene,Felix Fugmann,2002,Lutherstadt Wittenberg,"Dessau-Roßlau, OT Meinsdorf",Personalreferent,https://statistik.sachsen-anhalt.de/fileadmin/Bibliothek/Landesaemter/StaLa/startseite/Themen/Wahlen/Tabellen/Auswertung_VOeff_FgMI.xlsx
gruene,Friederike Larek,1998,Burg,Burg,Studentin,https://statistik.sachsen-anhalt.de/fileadmin/Bibliothek/Landesaemter/StaLa/startseite/Themen/Wahlen/Tabellen/Auswertung_VOeff_FgMI.xlsx
gruene,Janina Hampel,1986,Wolfen,Sandersdorf-Brehna,Dipl.-Lebensmittelchemikerin,https://statistik.sachsen-anhalt.de/fileadmin/Bibliothek/Landesaemter/StaLa/startseite/Themen/Wahlen/Tabellen/Auswertung_VOeff_FgMI.xlsx
gruene,Jascha Rihm,1999,Bremervörde,Halle (Saale),Politikwissenschaftler (B.A.),https://statistik.sachsen-anhalt.de/fileadmin/Bibliothek/Landesaemter/StaLa/startseite/Themen/Wahlen/Tabellen/Auswertung_VOeff_FgMI.xlsx
gruene,Kevin Pockrandt,2007,Aschersleben,Güsten,Schüler,https://statistik.sachsen-anhalt.de/fileadmin/Bibliothek/Landesaemter/StaLa/startseite/Themen/Wahlen/Tabellen/Auswertung_VOeff_FgMI.xlsx
gruene,Klaus Plitzkat,1959,Hannover,"Nordharz, OT Wasserleben",Rentner,https://statistik.sachsen-anhalt.de/fileadmin/Bibliothek/Landesaemter/StaLa/startseite/Themen/Wahlen/Tabellen/Auswertung_VOeff_FgMI.xlsx
gruene,Kristin Schuller,1972,Halberstadt,"Wanzleben-Börde, OT Hohendodeleben","Volljuristin, Rechtsassessorin",https://statistik.sachsen-anhalt.de/fileadmin/Bibliothek/Landesaemter/StaLa/startseite/Themen/Wahlen/Tabellen/Auswertung_VOeff_FgMI.xlsx
gruene,Lena Zehne,1999,Halle (Saale),Halle (Saale),Umwelt- und Politikwissenschaftlerin,https://statistik.sachsen-anhalt.de/fileadmin/Bibliothek/Landesaemter/StaLa/startseite/Themen/Wahlen/Tabellen/Auswertung_VOeff_FgMI.xlsx
gruene,Lennox Schrickel,2005,Wernigerode,Wernigerode,Student Wirtschaftsingenieurwesen,https://statistik.sachsen-anhalt.de/fileadmin/Bibliothek/Landesaemter/StaLa/startseite/Themen/Wahlen/Tabellen/Auswertung_VOeff_FgMI.xlsx
gruene,Leon Lenny Elias Eisfelder-Mylius,2001,Hohenmölsen,Bad Dürrenberg,Schüler,https://statistik.sachsen-anhalt.de/fileadmin/Bibliothek/Landesaemter/StaLa/startseite/Themen/Wahlen/Tabellen/Auswertung_VOeff_FgMI.xlsx
gruene,Leonie Bronkalla,1996,Grevenbroich,Dessau-Roßlau,Landschaftsökologin,https://statistik.sachsen-anhalt.de/fileadmin/Bibliothek/Landesaemter/StaLa/startseite/Themen/Wahlen/Tabellen/Auswertung_VOeff_FgMI.xlsx
gruene,Lisa Mertens,1986,Halle (Saale),Mansfeld,Winzerin,https://statistik.sachsen-anhalt.de/fileadmin/Bibliothek/Landesaemter/StaLa/startseite/Themen/Wahlen/Tabellen/Auswertung_VOeff_FgMI.xlsx
gruene,Luise Globig,1992,Zerbst,"Zerbst/Anhalt, OT Steutz",staatlich anerkannte Erzieherin,https://statistik.sachsen-anhalt.de/fileadmin/Bibliothek/Landesaemter/StaLa/startseite/Themen/Wahlen/Tabellen/Auswertung_VOeff_FgMI.xlsx
gruene,Madeleine Linke,1992,Goslar,Magdeburg,Ingenierin für Erneuerbare Energien,https://statistik.sachsen-anhalt.de/fileadmin/Bibliothek/Landesaemter/StaLa/startseite/Themen/Wahlen/Tabellen/Auswertung_VOeff_FgMI.xlsx
gruene,Mamad Mohamad,1981,Kastel-Jendo (Syrien),Halle (Saale),Dipl.-Sozialpädagoge,https://statistik.sachsen-anhalt.de/fileadmin/Bibliothek/Landesaemter/StaLa/startseite/Themen/Wahlen/Tabellen/Auswertung_VOeff_FgMI.xlsx
gruene,Marlyn Waga,1993,Schönebeck (Elbe),"Bördeland, OT Eickendorf",Softwareberater,https://statistik.sachsen-anhalt.de/fileadmin/Bibliothek/Landesaemter/StaLa/startseite/Themen/Wahlen/Tabellen/Auswertung_VOeff_FgMI.xlsx
gruene,Martin Mertens-Keylock,1986,Milton Keynes,Aschersleben,Sicherheitsprüfer,https://statistik.sachsen-anhalt.de/fileadmin/Bibliothek/Landesaemter/StaLa/startseite/Themen/Wahlen/Tabellen/Auswertung_VOeff_FgMI.xlsx
gruene,Martin Schäfer,1997,Weißenfels,Lutherstadt Wittenberg,IT-Projektmanagement,https://statistik.sachsen-anhalt.de/fileadmin/Bibliothek/Landesaemter/StaLa/startseite/Themen/Wahlen/Tabellen/Auswertung_VOeff_FgMI.xlsx
gruene,Michael Dihlmann,1971,Vaihingen/Enz,Iden,Biolandwirt,https://statistik.sachsen-anhalt.de/fileadmin/Bibliothek/Landesaemter/StaLa/startseite/Themen/Wahlen/Tabellen/Auswertung_VOeff_FgMI.xlsx
gruene,Michelle Angeli,1991,Zerbst,Magdeburg,Juristin,https://statistik.sachsen-anhalt.de/fileadmin/Bibliothek/Landesaemter/StaLa/startseite/Themen/Wahlen/Tabellen/Auswertung_VOeff_FgMI.xlsx
gruene,Miriam Bettina Zeller,1990,Freising,Hansestadt Stendal,Lehrerin,https://statistik.sachsen-anhalt.de/fileadmin/Bibliothek/Landesaemter/StaLa/startseite/Themen/Wahlen/Tabellen/Auswertung_VOeff_FgMI.xlsx
gruene,Miriam Zeller,1990,Freising,Hansestadt Stendal,Lehrerin,https://statistik.sachsen-anhalt.de/fileadmin/Bibliothek/Landesaemter/StaLa/startseite/Themen/Wahlen/Tabellen/Auswertung_VOeff_FgMI.xlsx
gruene,Nicole Walldorf,1974,Darmstadt,Halle (Saale),Kinderkrankenschwester,https://statistik.sachsen-anhalt.de/fileadmin/Bibliothek/Landesaemter/StaLa/startseite/Themen/Wahlen/Tabellen/Auswertung_VOeff_FgMI.xlsx
gruene,Olaf Meister,1971,Magdeburg,Magdeburg,"Rechtsanwalt, MdL",https://statistik.sachsen-anhalt.de/fileadmin/Bibliothek/Landesaemter/StaLa/startseite/Themen/Wahlen/Tabellen/Auswertung_VOeff_FgMI.xlsx
gruene,Peter Paul Schneider,1955,Spiesen,Goseck,Unternehmer,https://statistik.sachsen-anhalt.de/fileadmin/Bibliothek/Landesaemter/StaLa/startseite/Themen/Wahlen/Tabellen/Auswertung_VOeff_FgMI.xlsx
gruene,Philipp Händler,1989,Magdeburg,Magdeburg,Psychologe,https://statistik.sachsen-anhalt.de/fileadmin/Bibliothek/Landesaemter/StaLa/startseite/Themen/Wahlen/Tabellen/Auswertung_VOeff_FgMI.xlsx
gruene,Ralf Hönicke,1972,Dortmund,Hohenmölsen,Diplom-Wirtschafts-Ingenieur,https://statistik.sachsen-anhalt.de/fileadmin/Bibliothek/Landesaemter/StaLa/startseite/Themen/Wahlen/Tabellen/Auswertung_VOeff_FgMI.xlsx
gruene,Rico Herrmann,1985,Rostock,Magdeburg,Beamter,https://statistik.sachsen-anhalt.de/fileadmin/Bibliothek/Landesaemter/StaLa/startseite/Themen/Wahlen/Tabellen/Auswertung_VOeff_FgMI.xlsx
gruene,Sandra Bauer,1983,Oschatz,"Giersleben, OT Strummendorf",Angestellte im Öffentlichen Dienst,https://statistik.sachsen-anhalt.de/fileadmin/Bibliothek/Landesaemter/StaLa/startseite/Themen/Wahlen/Tabellen/Auswertung_VOeff_FgMI.xlsx
gruene,Sandra Sabine Lüder,1968,Lutherstadt Wittenberg,Lutherstadt Wittenberg,Pharmareferentin,https://statistik.sachsen-anhalt.de/fileadmin/Bibliothek/Landesaemter/StaLa/startseite/Themen/Wahlen/Tabellen/Auswertung_VOeff_FgMI.xlsx
gruene,Sandra Sinner,1991,Magdeburg,Magdeburg,Landesfinanzreferentin,https://statistik.sachsen-anhalt.de/fileadmin/Bibliothek/Landesaemter/StaLa/startseite/Themen/Wahlen/Tabellen/Auswertung_VOeff_FgMI.xlsx
gruene,Sascha Greiner,1987,Zeitz,Köthen (Anhalt),selbständig,https://statistik.sachsen-anhalt.de/fileadmin/Bibliothek/Landesaemter/StaLa/startseite/Themen/Wahlen/Tabellen/Auswertung_VOeff_FgMI.xlsx
gruene,Stefan Garthoff,1985,Naumburg (Saale),Naumburg (Saale),Lehrer,https://statistik.sachsen-anhalt.de/fileadmin/Bibliothek/Landesaemter/StaLa/startseite/Themen/Wahlen/Tabellen/Auswertung_VOeff_FgMI.xlsx
gruene,Stefan Lehfeld,1981,Wismar,"Hohe Börde, OT Niederndodeleben",Heilpädagoge,https://statistik.sachsen-anhalt.de/fileadmin/Bibliothek/Landesaemter/StaLa/startseite/Themen/Wahlen/Tabellen/Auswertung_VOeff_FgMI.xlsx
gruene,Susan Sziborra-Seidlitz,1977,Berlin,Quedlinburg,Gesundheits- und Krankenpflegerin,https://statistik.sachsen-anhalt.de/fileadmin/Bibliothek/Landesaemter/StaLa/startseite/Themen/Wahlen/Tabellen/Auswertung_VOeff_FgMI.xlsx
gruene,Susanne Otto,1971,Zehdenick,Allstedt,Angestellte im Öffentlichen Dienst,https://statistik.sachsen-anhalt.de/fileadmin/Bibliothek/Landesaemter/StaLa/startseite/Themen/Wahlen/Tabellen/Auswertung_VOeff_FgMI.xlsx
gruene,Tobias Kremkau,1985,Magdeburg,Magdeburg,Angestellter,https://statistik.sachsen-anhalt.de/fileadmin/Bibliothek/Landesaemter/StaLa/startseite/Themen/Wahlen/Tabellen/Auswertung_VOeff_FgMI.xlsx
gruene,Wolfgang Aldag,1968,Stuttgart,Halle (Saale),Landschaftsarchitekt,https://statistik.sachsen-anhalt.de/fileadmin/Bibliothek/Landesaemter/StaLa/startseite/Themen/Wahlen/Tabellen/Auswertung_VOeff_FgMI.xlsx
linke,Alexander Luft,1989,Perleberg,Halberstadt,Informatiker B.Sc.,https://statistik.sachsen-anhalt.de/fileadmin/Bibliothek/Landesaemter/StaLa/startseite/Themen/Wahlen/Tabellen/Auswertung_VOeff_FgMI.xlsx
linke,Andreas Pulst,1990,Köthen,Südliches Anhalt,Wirtschaftsjurist,https://statistik.sachsen-anhalt.de/fileadmin/Bibliothek/Landesaemter/StaLa/startseite/Themen/Wahlen/Tabellen/Auswertung_VOeff_FgMI.xlsx
linke,Andreas Tschurn,1984,Leipzig,Leuna,Pfarrer,https://statistik.sachsen-anhalt.de/fileadmin/Bibliothek/Landesaemter/StaLa/startseite/Themen/Wahlen/Tabellen/Auswertung_VOeff_FgMI.xlsx
linke,André Röthel,1989,Sangerhausen,Sangerhausen,Fachausbilder,https://statistik.sachsen-anhalt.de/fileadmin/Bibliothek/Landesaemter/StaLa/startseite/Themen/Wahlen/Tabellen/Auswertung_VOeff_FgMI.xlsx
linke,Anne Siebert,2003,Quedlinburg,Halle (Saale),Historikerin B.A.,https://statistik.sachsen-anhalt.de/fileadmin/Bibliothek/Landesaemter/StaLa/startseite/Themen/Wahlen/Tabellen/Auswertung_VOeff_FgMI.xlsx
linke,Antonia Kaloff,1972,Halle (Saale),Magdeburg,Journalistin,https://statistik.sachsen-anhalt.de/fileadmin/Bibliothek/Landesaemter/StaLa/startseite/Themen/Wahlen/Tabellen/Auswertung_VOeff_FgMI.xlsx
linke,Arne Hornung,2006,Magdeburg,"Wanzleben-Börde, OT Dreileben",Schüler,https://statistik.sachsen-anhalt.de/fileadmin/Bibliothek/Landesaemter/StaLa/startseite/Themen/Wahlen/Tabellen/Auswertung_VOeff_FgMI.xlsx
linke,Claudia Bolde,1980,Potsdam,Hansestadt Stendal,Rehabilitationspsychologin M.Sc.,https://statistik.sachsen-anhalt.de/fileadmin/Bibliothek/Landesaemter/StaLa/startseite/Themen/Wahlen/Tabellen/Auswertung_VOeff_FgMI.xlsx
linke,Denis Kreuzadler,1977,Berlin,Tangermünde,Bildungsreferent,https://statistik.sachsen-anhalt.de/fileadmin/Bibliothek/Landesaemter/StaLa/startseite/Themen/Wahlen/Tabellen/Auswertung_VOeff_FgMI.xlsx
linke,Dennis Jannack,1974,Magdeburg,Magdeburg,Angestellter,https://statistik.sachsen-anhalt.de/fileadmin/Bibliothek/Landesaemter/StaLa/startseite/Themen/Wahlen/Tabellen/Auswertung_VOeff_FgMI.xlsx
linke,Doreen Hainich,1967,Lutherstadt Eisleben,Lutherstadt Wittenberg,Beamtin,https://statistik.sachsen-anhalt.de/fileadmin/Bibliothek/Landesaemter/StaLa/startseite/Themen/Wahlen/Tabellen/Auswertung_VOeff_FgMI.xlsx
linke,Eric Roman Stehr,2001,Weißenfels,Weißenfels,Student,https://statistik.sachsen-anhalt.de/fileadmin/Bibliothek/Landesaemter/StaLa/startseite/Themen/Wahlen/Tabellen/Auswertung_VOeff_FgMI.xlsx
linke,Eva von Angern,1976,Magdeburg,Magdeburg,Juristin,https://statistik.sachsen-anhalt.de/fileadmin/Bibliothek/Landesaemter/StaLa/startseite/Themen/Wahlen/Tabellen/Auswertung_VOeff_FgMI.xlsx
linke,Georg Drechsler,1995,Nauen,Halle (Saale),Elektroingenieur,https://statistik.sachsen-anhalt.de/fileadmin/Bibliothek/Landesaemter/StaLa/startseite/Themen/Wahlen/Tabellen/Auswertung_VOeff_FgMI.xlsx
linke,Gitta Susann Hartenstein-Wiermann,1976,Zeitz,Halle (Saale),Kulturwissenschaftlerin,https://statistik.sachsen-anhalt.de/fileadmin/Bibliothek/Landesaemter/StaLa/startseite/Themen/Wahlen/Tabellen/Auswertung_VOeff_FgMI.xlsx
linke,Hendrik Lange,1977,Quedlinburg,Halle (Saale),Diplom-Biologe,https://statistik.sachsen-anhalt.de/fileadmin/Bibliothek/Landesaemter/StaLa/startseite/Themen/Wahlen/Tabellen/Auswertung_VOeff_FgMI.xlsx
linke,Henriette Krebs,1985,Bernburg (Saale),Bernburg (Saale),Kommunikationswissenschaftlerin,https://statistik.sachsen-anhalt.de/fileadmin/Bibliothek/Landesaemter/StaLa/startseite/Themen/Wahlen/Tabellen/Auswertung_VOeff_FgMI.xlsx
linke,Isabell Anton,2001,Lutherstadt Eisleben,Helbra,Betriebswirtschaftlerin,https://statistik.sachsen-anhalt.de/fileadmin/Bibliothek/Landesaemter/StaLa/startseite/Themen/Wahlen/Tabellen/Auswertung_VOeff_FgMI.xlsx
linke,Jannik-Loris Balint,1996,Heilbronn,Halle (Saale),Elektro- und Informationstechniker,https://statistik.sachsen-anhalt.de/fileadmin/Bibliothek/Landesaemter/StaLa/startseite/Themen/Wahlen/Tabellen/Auswertung_VOeff_FgMI.xlsx
linke,Jasmin Blume,2000,Seehausen (Altmark),Hansestadt Stendal,Sozialpädagogin,https://statistik.sachsen-anhalt.de/fileadmin/Bibliothek/Landesaemter/StaLa/startseite/Themen/Wahlen/Tabellen/Auswertung_VOeff_FgMI.xlsx
linke,Julia Mayer,1978,Halle (Saale),"Teutschental, OT Angersdorf",selbständige Berufspädagogin,https://statistik.sachsen-anhalt.de/fileadmin/Bibliothek/Landesaemter/StaLa/startseite/Themen/Wahlen/Tabellen/Auswertung_VOeff_FgMI.xlsx
linke,Katja Käfer,1983,Halle (Saale),Harzgerode,Bürokauffrau,https://statistik.sachsen-anhalt.de/fileadmin/Bibliothek/Landesaemter/StaLa/startseite/Themen/Wahlen/Tabellen/Auswertung_VOeff_FgMI.xlsx
linke,Kay Lorenz,1987,Bernburg (Saale),"Könnern, OT Belleben",Erzieher,https://statistik.sachsen-anhalt.de/fileadmin/Bibliothek/Landesaemter/StaLa/startseite/Themen/Wahlen/Tabellen/Auswertung_VOeff_FgMI.xlsx
linke,Kevin Goldhahn,1990,Dessau,"Dessau-Roßlau, OT Großkühnau",Heilerziehungspfleger,https://statistik.sachsen-anhalt.de/fileadmin/Bibliothek/Landesaemter/StaLa/startseite/Themen/Wahlen/Tabellen/Auswertung_VOeff_FgMI.xlsx
linke,Leila Kim Eisfelder-Mylius,2003,Schkeuditz,"Braunsbedra, OT Krumpa",Industriekauffrau,https://statistik.sachsen-anhalt.de/fileadmin/Bibliothek/Landesaemter/StaLa/startseite/Themen/Wahlen/Tabellen/Auswertung_VOeff_FgMI.xlsx
linke,Lisa Marie Tuchen,1997,Beckendorf-Neindorf,Oschersleben (Bode),Staatlich anerkannte Erzieherin,https://statistik.sachsen-anhalt.de/fileadmin/Bibliothek/Landesaemter/StaLa/startseite/Themen/Wahlen/Tabellen/Auswertung_VOeff_FgMI.xlsx
linke,Lukas Franke,1989,Quedlinburg,Blankenburg,Augenoptiker,https://statistik.sachsen-anhalt.de/fileadmin/Bibliothek/Landesaemter/StaLa/startseite/Themen/Wahlen/Tabellen/Auswertung_VOeff_FgMI.xlsx
linke,Maik Fye,1978,Blankenburg,Thale,Veranstaltungskaufmann für Konzert- und Theaterveranstaltungen,https://statistik.sachsen-anhalt.de/fileadmin/Bibliothek/Landesaemter/StaLa/startseite/Themen/Wahlen/Tabellen/Auswertung_VOeff_FgMI.xlsx
linke,Michael Scholz,1974,Naumburg (Saale),Naumburg (Saale),Software/Datenbank-Entwickler,https://statistik.sachsen-anhalt.de/fileadmin/Bibliothek/Landesaemter/StaLa/startseite/Themen/Wahlen/Tabellen/Auswertung_VOeff_FgMI.xlsx
linke,Mustafa Groener,1999,Magdeburg,Magdeburg,Angestellter,https://statistik.sachsen-anhalt.de/fileadmin/Bibliothek/Landesaemter/StaLa/startseite/Themen/Wahlen/Tabellen/Auswertung_VOeff_FgMI.xlsx
linke,Natalie Nagel,1992,Magdeburg,"Barby, OT Lödderitz",Psychologin M.Sc.,https://statistik.sachsen-anhalt.de/fileadmin/Bibliothek/Landesaemter/StaLa/startseite/Themen/Wahlen/Tabellen/Auswertung_VOeff_FgMI.xlsx
linke,Natalie Winzenhöller,2000,Wertheim am Main,Köthen (Anhalt),Ingenieurin für Pharmatechnik,https://statistik.sachsen-anhalt.de/fileadmin/Bibliothek/Landesaemter/StaLa/startseite/Themen/Wahlen/Tabellen/Auswertung_VOeff_FgMI.xlsx
linke,Nathalie Jasmin Roscher,2000,Chemnitz,Halle (Saale),Studentin der Humanmedizin,https://statistik.sachsen-anhalt.de/fileadmin/Bibliothek/Landesaemter/StaLa/startseite/Themen/Wahlen/Tabellen/Auswertung_VOeff_FgMI.xlsx
linke,Nicklas Kurzweil,1997,Zeitz,Kretzschau,Mitarbeiter Bürgerdialog,https://statistik.sachsen-anhalt.de/fileadmin/Bibliothek/Landesaemter/StaLa/startseite/Themen/Wahlen/Tabellen/Auswertung_VOeff_FgMI.xlsx
linke,Noah Elias Biswanger,1999,Magdeburg,Magdeburg,Sozialwissenschaftler,https://statistik.sachsen-anhalt.de/fileadmin/Bibliothek/Landesaemter/StaLa/startseite/Themen/Wahlen/Tabellen/Auswertung_VOeff_FgMI.xlsx
linke,Rafael Rotermund,2002,Burg,Burg,Altenpfleger,https://statistik.sachsen-anhalt.de/fileadmin/Bibliothek/Landesaemter/StaLa/startseite/Themen/Wahlen/Tabellen/Auswertung_VOeff_FgMI.xlsx
linke,Raik Ohlmeyer,1982,Salzwedel,Hansestadt Salzwedel,Angestellter im öffentlichen Dienst,https://statistik.sachsen-anhalt.de/fileadmin/Bibliothek/Landesaemter/StaLa/startseite/Themen/Wahlen/Tabellen/Auswertung_VOeff_FgMI.xlsx
linke,René Schernikau,1972,Osterburg,Goldbeck,Verbandsgemeindebürgermeister,https://statistik.sachsen-anhalt.de/fileadmin/Bibliothek/Landesaemter/StaLa/startseite/Themen/Wahlen/Tabellen/Auswertung_VOeff_FgMI.xlsx
linke,Rico Goroncy,1980,Wolmirstedt,Hansestadt Stendal,Versicherungskaufmann,https://statistik.sachsen-anhalt.de/fileadmin/Bibliothek/Landesaemter/StaLa/startseite/Themen/Wahlen/Tabellen/Auswertung_VOeff_FgMI.xlsx
linke,Sophie Manleitner,1998,Halberstadt,"Hötensleben, OT Wackersleben",Fachinformatikerin,https://statistik.sachsen-anhalt.de/fileadmin/Bibliothek/Landesaemter/StaLa/startseite/Themen/Wahlen/Tabellen/Auswertung_VOeff_FgMI.xlsx
linke,Stefan Gebhardt,1974,Wippra,Hettstedt,MdL,https://statistik.sachsen-anhalt.de/fileadmin/Bibliothek/Landesaemter/StaLa/startseite/Themen/Wahlen/Tabellen/Auswertung_VOeff_FgMI.xlsx
linke,Stine Rummel-Strebelow,1980,Wernigerode,Dessau-Roßlau,Angestellte,https://statistik.sachsen-anhalt.de/fileadmin/Bibliothek/Landesaemter/StaLa/startseite/Themen/Wahlen/Tabellen/Auswertung_VOeff_FgMI.xlsx
linke,Thomas Erich Herbert Lippmann,1961,Weimar,Halle (Saale),Lehrer,https://statistik.sachsen-anhalt.de/fileadmin/Bibliothek/Landesaemter/StaLa/startseite/Themen/Wahlen/Tabellen/Auswertung_VOeff_FgMI.xlsx
linke,Toni Klabis,1987,Klötze,Klötze,Forstwirt,https://statistik.sachsen-anhalt.de/fileadmin/Bibliothek/Landesaemter/StaLa/startseite/Themen/Wahlen/Tabellen/Auswertung_VOeff_FgMI.xlsx
linke,Vanessa Mertens,1992,Wolmirstedt,Rogätz,Sozialarbeiterin (B.A.),https://statistik.sachsen-anhalt.de/fileadmin/Bibliothek/Landesaemter/StaLa/startseite/Themen/Wahlen/Tabellen/Auswertung_VOeff_FgMI.xlsx
linke,Veit Kuhr,1971,Quedlinburg,Bernburg (Saale),Evangel. Diakon,https://statistik.sachsen-anhalt.de/fileadmin/Bibliothek/Landesaemter/StaLa/startseite/Themen/Wahlen/Tabellen/Auswertung_VOeff_FgMI.xlsx
linke,Wenke Marie Dargel,1992,Wittingen,Halle (Saale),Agrarwissenschaftlerin,https://statistik.sachsen-anhalt.de/fileadmin/Bibliothek/Landesaemter/StaLa/startseite/Themen/Wahlen/Tabellen/Auswertung_VOeff_FgMI.xlsx
spd,Aick Pietschmann,1987,Querfurt,Müchel (Geiseltal),Chemikant,https://statistik.sachsen-anhalt.de/fileadmin/Bibliothek/Landesaemter/StaLa/startseite/Themen/Wahlen/Tabellen/Auswertung_VOeff_FgMI.xlsx
spd,Alexander Riedle,1987,"Stamford, CT/USA",Gräfenhainichen,Politikwissenschaftler,https://statistik.sachsen-anhalt.de/fileadmin/Bibliothek/Landesaemter/StaLa/startseite/Themen/Wahlen/Tabellen/Auswertung_VOeff_FgMI.xlsx
spd,Caroline Müller,1985,Bernburg (Saale),Könnern,Sozialpädagogin B.A.,https://statistik.sachsen-anhalt.de/fileadmin/Bibliothek/Landesaemter/StaLa/startseite/Themen/Wahlen/Tabellen/Auswertung_VOeff_FgMI.xlsx
spd,Christian Hausmann,1974,Magdeburg,Loitsche-Heinrichsberg,Angestellter Landesverwaltung,https://statistik.sachsen-anhalt.de/fileadmin/Bibliothek/Landesaemter/StaLa/startseite/Themen/Wahlen/Tabellen/Auswertung_VOeff_FgMI.xlsx
spd,Daniel Frank Kutsche,1978,Erlabrunn,Dessau-Roßlau,Fachtrainer für bürgerliches Engagement,https://statistik.sachsen-anhalt.de/fileadmin/Bibliothek/Landesaemter/StaLa/startseite/Themen/Wahlen/Tabellen/Auswertung_VOeff_FgMI.xlsx
spd,Danilo Pee-Moch,1980,Sangerhausen,"Wettin-Löbejün, OT Nauendorf",Referatsleiter Haushalt,https://statistik.sachsen-anhalt.de/fileadmin/Bibliothek/Landesaemter/StaLa/startseite/Themen/Wahlen/Tabellen/Auswertung_VOeff_FgMI.xlsx
spd,Dieter Diederichs,1965,Güstrow,Hansestadt Salzwedel,"Bäcker, LKW-Fahrer",https://statistik.sachsen-anhalt.de/fileadmin/Bibliothek/Landesaemter/StaLa/startseite/Themen/Wahlen/Tabellen/Auswertung_VOeff_FgMI.xlsx
spd,Dr. Andreas Schmidt,1970,Merseburg,Halle (Saale),Historiker,https://statistik.sachsen-anhalt.de/fileadmin/Bibliothek/Landesaemter/StaLa/startseite/Themen/Wahlen/Tabellen/Auswertung_VOeff_FgMI.xlsx
spd,Dr. Armin Willingmann,1963,Dinslaken,Wernigerode,"Minister für Wissenschaft, Energie, Klimaschutz und Umwelt des Landes Sachsen-Anhalt",https://statistik.sachsen-anhalt.de/fileadmin/Bibliothek/Landesaemter/StaLa/startseite/Themen/Wahlen/Tabellen/Auswertung_VOeff_FgMI.xlsx
spd,Dr. Christine Fuhrmann,1967,Bayreuth,Halle (Saale),Landschaftsarchitektin,https://statistik.sachsen-anhalt.de/fileadmin/Bibliothek/Landesaemter/StaLa/startseite/Themen/Wahlen/Tabellen/Auswertung_VOeff_FgMI.xlsx
spd,Dr. Falko Grube,1977,Magdeburg,Magdeburg,Landtagsabgeordneter,https://statistik.sachsen-anhalt.de/fileadmin/Bibliothek/Landesaemter/StaLa/startseite/Themen/Wahlen/Tabellen/Auswertung_VOeff_FgMI.xlsx
spd,Dr. Katja Pähle,1977,Wippra,Halle (Saale),Soziologin,https://statistik.sachsen-anhalt.de/fileadmin/Bibliothek/Landesaemter/StaLa/startseite/Themen/Wahlen/Tabellen/Auswertung_VOeff_FgMI.xlsx
spd,Elrid Pasbrig,1974,Zerbst,"Biederitz, OT Gübs",Mitglied des Landtages,https://statistik.sachsen-anhalt.de/fileadmin/Bibliothek/Landesaemter/StaLa/startseite/Themen/Wahlen/Tabellen/Auswertung_VOeff_FgMI.xlsx
spd,Eric Böllstorf,1999,Seehausen (Altmark),Hansestadt Osterburg (Altmark),Sozialarbeiter,https://statistik.sachsen-anhalt.de/fileadmin/Bibliothek/Landesaemter/StaLa/startseite/Themen/Wahlen/Tabellen/Auswertung_VOeff_FgMI.xlsx
spd,Felix Giesa,1993,Tübingen,Osternienburger Land,Ingenieur,https://statistik.sachsen-anhalt.de/fileadmin/Bibliothek/Landesaemter/StaLa/startseite/Themen/Wahlen/Tabellen/Auswertung_VOeff_FgMI.xlsx
spd,Florian Fahrtmann,1983,Wernigerode,Ilsenburg (Harz),Geschäftsführer,https://statistik.sachsen-anhalt.de/fileadmin/Bibliothek/Landesaemter/StaLa/startseite/Themen/Wahlen/Tabellen/Auswertung_VOeff_FgMI.xlsx
spd,Friedrich Klaus Ruschke,2005,Sangerhausen,"Sangerhausen, OT Riestedt",Student,https://statistik.sachsen-anhalt.de/fileadmin/Bibliothek/Landesaemter/StaLa/startseite/Themen/Wahlen/Tabellen/Auswertung_VOeff_FgMI.xlsx
spd,Friedrich Ruschke,2005,Sangerhausen,Sangerhausen,Student,https://statistik.sachsen-anhalt.de/fileadmin/Bibliothek/Landesaemter/StaLa/startseite/Themen/Wahlen/Tabellen/Auswertung_VOeff_FgMI.xlsx
spd,Ines Seeger,1962,Wippra,Schkopau,Heilpädagogin,https://statistik.sachsen-anhalt.de/fileadmin/Bibliothek/Landesaemter/StaLa/startseite/Themen/Wahlen/Tabellen/Auswertung_VOeff_FgMI.xlsx
spd,Jens Mende,1987,Hohenmölsen,Lützen,Diplom-Ingenieur,https://statistik.sachsen-anhalt.de/fileadmin/Bibliothek/Landesaemter/StaLa/startseite/Themen/Wahlen/Tabellen/Auswertung_VOeff_FgMI.xlsx
spd,Julia Brandt,1984,Wernigerode,Magdeburg,Master of Laws (LL.M.) Nachhaltigkeitsrecht,https://statistik.sachsen-anhalt.de/fileadmin/Bibliothek/Landesaemter/StaLa/startseite/Themen/Wahlen/Tabellen/Auswertung_VOeff_FgMI.xlsx
spd,Juliane Kleemann,1970,Sangerhausen,Hansestadt Osterburg (Altmark),"Mitglied des Landtages, Theologin",https://statistik.sachsen-anhalt.de/fileadmin/Bibliothek/Landesaemter/StaLa/startseite/Themen/Wahlen/Tabellen/Auswertung_VOeff_FgMI.xlsx
spd,Julius Neumann,1998,Halle (Saale),Halle (Saale),Wirtschaftsingenieur,https://statistik.sachsen-anhalt.de/fileadmin/Bibliothek/Landesaemter/StaLa/startseite/Themen/Wahlen/Tabellen/Auswertung_VOeff_FgMI.xlsx
spd,Katharina Kohl,1992,Heilbad Heiligenstadt,Halle (Saale),Lehrerin,https://statistik.sachsen-anhalt.de/fileadmin/Bibliothek/Landesaemter/StaLa/startseite/Themen/Wahlen/Tabellen/Auswertung_VOeff_FgMI.xlsx
spd,Katrin Gensecke,1972,Erfurt,"Niedere Börde, OT Gersdorf",Mitglied des Landtages,https://statistik.sachsen-anhalt.de/fileadmin/Bibliothek/Landesaemter/StaLa/startseite/Themen/Wahlen/Tabellen/Auswertung_VOeff_FgMI.xlsx
spd,Larissa Wallner,1984,Zelinograd (Kasachstan),Dessau-Roßlau,Sozialarbeiterin im Gewaltschutz,https://statistik.sachsen-anhalt.de/fileadmin/Bibliothek/Landesaemter/StaLa/startseite/Themen/Wahlen/Tabellen/Auswertung_VOeff_FgMI.xlsx
spd,Nadine Hillecke,1988,Halberstadt,Quedlinburg,leitende Ergotherapeutin,https://statistik.sachsen-anhalt.de/fileadmin/Bibliothek/Landesaemter/StaLa/startseite/Themen/Wahlen/Tabellen/Auswertung_VOeff_FgMI.xlsx
spd,Nils Johannson,1987,Northeim,"Huy, OT Dingelstedt am Huy",Beamter,https://statistik.sachsen-anhalt.de/fileadmin/Bibliothek/Landesaemter/StaLa/startseite/Themen/Wahlen/Tabellen/Auswertung_VOeff_FgMI.xlsx
spd,Paul Kley,2005,Weißenfels,Weißenfels,Student,https://statistik.sachsen-anhalt.de/fileadmin/Bibliothek/Landesaemter/StaLa/startseite/Themen/Wahlen/Tabellen/Auswertung_VOeff_FgMI.xlsx
spd,Philipp Morgner,1989,Weißenfels,Magdeburg,Schuldirektor,https://statistik.sachsen-anhalt.de/fileadmin/Bibliothek/Landesaemter/StaLa/startseite/Themen/Wahlen/Tabellen/Auswertung_VOeff_FgMI.xlsx
spd,Ralph Blümel,1986,Leipzig,Magdeburg,Angestellter,https://statistik.sachsen-anhalt.de/fileadmin/Bibliothek/Landesaemter/StaLa/startseite/Themen/Wahlen/Tabellen/Auswertung_VOeff_FgMI.xlsx
spd,Ralph Günter Blümel,1986,Leipzig,Magdeburg,Angestellter,https://statistik.sachsen-anhalt.de/fileadmin/Bibliothek/Landesaemter/StaLa/startseite/Themen/Wahlen/Tabellen/Auswertung_VOeff_FgMI.xlsx
spd,Raphael Coccejus,2004,Sangerhausen,Allstedt,Bankkaufmann,https://statistik.sachsen-anhalt.de/fileadmin/Bibliothek/Landesaemter/StaLa/startseite/Themen/Wahlen/Tabellen/Auswertung_VOeff_FgMI.xlsx
spd,René Wölfer,1982,Magdeburg,Schönebeck (Elbe),Leitender Angestellter,https://statistik.sachsen-anhalt.de/fileadmin/Bibliothek/Landesaemter/StaLa/startseite/Themen/Wahlen/Tabellen/Auswertung_VOeff_FgMI.xlsx
spd,Seluan Al-Chakmakchi,1978,"Bagdad, Irak",Barby,Angestellter im öffentlichen Dienst,https://statistik.sachsen-anhalt.de/fileadmin/Bibliothek/Landesaemter/StaLa/startseite/Themen/Wahlen/Tabellen/Auswertung_VOeff_FgMI.xlsx
spd,Skady Luisa Herkenrath,1998,Wernigerode,Oberharz am Brocken,Studentin/Studentische Mitarbeiterin,https://statistik.sachsen-anhalt.de/fileadmin/Bibliothek/Landesaemter/StaLa/startseite/Themen/Wahlen/Tabellen/Auswertung_VOeff_FgMI.xlsx
spd,Stefan Schneider,1990,Zeitz,Zeitz,kaufmännischer Angestellter,https://statistik.sachsen-anhalt.de/fileadmin/Bibliothek/Landesaemter/StaLa/startseite/Themen/Wahlen/Tabellen/Auswertung_VOeff_FgMI.xlsx
spd,Stephan Scherf,1978,Halle (Saale),Halle (Saale),Polizeibeamter,https://statistik.sachsen-anhalt.de/fileadmin/Bibliothek/Landesaemter/StaLa/startseite/Themen/Wahlen/Tabellen/Auswertung_VOeff_FgMI.xlsx
spd,Thorben Nick Rehak,2007,Magdeburg,"Niedere Börde, OT Vahldorf",Auszubildender,https://statistik.sachsen-anhalt.de/fileadmin/Bibliothek/Landesaemter/StaLa/startseite/Themen/Wahlen/Tabellen/Auswertung_VOeff_FgMI.xlsx
spd,Timm Haußen,1988,Stendal,Tangermünde,IT-Projektleiter,https://statistik.sachsen-anhalt.de/fileadmin/Bibliothek/Landesaemter/StaLa/startseite/Themen/Wahlen/Tabellen/Auswertung_VOeff_FgMI.xlsx
spd,Tina Führer,1986,Lutherstadt Eisleben,Oranienbaum-Wörlitz,Teamleitung im Einzelhandel,https://statistik.sachsen-anhalt.de/fileadmin/Bibliothek/Landesaemter/StaLa/startseite/Themen/Wahlen/Tabellen/Auswertung_VOeff_FgMI.xlsx
spd,Tobias Böttcher,1989,Zerbst,Zerbst/Anhalt,kaufmännischer Angestellter,https://statistik.sachsen-anhalt.de/fileadmin/Bibliothek/Landesaemter/StaLa/startseite/Themen/Wahlen/Tabellen/Auswertung_VOeff_FgMI.xlsx
spd,Yves Metzing,1974,Aschersleben,Aschersleben,"Betriebswirt (BA), Geschäftsführer",https://statistik.sachsen-anhalt.de/fileadmin/Bibliothek/Landesaemter/StaLa/startseite/Themen/Wahlen/Tabellen/Auswertung_VOeff_FgMI.xlsx
