"Ergebnisart";"Datum";"Uhrzeit";"Soll.Wahlbezirke";"Ist.Wahlbezirke";"Satzart";"Schlüsselnummer";"Name";"Wahllokal";"A.Wahlberechtigte";"B.Wähler";"E.Ungültige.Zweitstimmen";"F.Gültige.Zweitstimmen";"F01.CDU";"F02.AfD";"F03.Die Linke";"F04.SPD";"F05.FDP";"F06.GRÜNE";"F07.FREIE WÄHLER";"F08.dieBasis";"F09.Tierschutzpartei";"F10.Gartenpartei";"F11.Die PARTEI";"F12.TIERSCHUTZALLIANZ";"F15.BSW";"F19.PdF";"F20.Volt";"C.Ungültige.Erststimmen";"D.Gültige.Erststimmen";"D01.CDU";"D02.AfD";"D03.Die Linke";"D04.SPD";"D05.FDP";"D06.GRÜNE";"D07.FREIE WÄHLER";"D09.Tierschutzpartei";"D10.Gartenpartei";"D11.Die PARTEI";"D12.TIERSCHUTZALLIANZ";"D13.HEIMAT";"D15.BSW";"D19.PdF";"D20.Volt";"D21.EB";"Gewählt im Wahlkreis"
"L";;;57;0;"GEM";"15001000";"Dessau-Roßlau, Stadt";"U";0;0;0;0;0;0;0;0;0;0;0;0;0;0;0;0;0;0;0;0;0;0;0;0;0;0;0;0;;;;;0;;;;;""
"L";;;22;0;"GEM";"15001000";"Dessau-Roßlau, Stadt";"B";0;0;0;0;0;0;0;0;0;0;0;0;0;0;0;0;0;0;0;0;0;0;0;0;0;0;0;0;;;;;0;;;;;""
"L";;;79;0;"GEM";"15001000";"Dessau-Roßlau, Stadt";"";0;0;0;0;0;0;0;0;0;0;0;0;0;0;0;0;0;0;0;0;0;0;0;0;0;0;0;0;;;;;0;;;;;""
"L";;;126;0;"GEM";"15002000";"Halle (Saale), Stadt";"U";0;0;0;0;0;0;0;0;0;0;0;0;0;0;0;0;0;0;0;0;0;0;0;0;0;0;0;0;;;;;;0;;;0;""
"L";;;60;0;"GEM";"15002000";"Halle (Saale), Stadt";"B";0;0;0;0;0;0;0;0;0;0;0;0;0;0;0;0;0;0;0;0;0;0;0;0;0;0;0;0;;;;;;0;;;0;""
"L";;;186;0;"GEM";"15002000";"Halle (Saale), Stadt";"";0;0;0;0;0;0;0;0;0;0;0;0;0;0;0;0;0;0;0;0;0;0;0;0;0;0;0;0;;;;;;0;;;0;""
"L";;;148;0;"GEM";"15003000";"Magdeburg, Landeshauptstadt";"U";0;0;0;0;0;0;0;0;0;0;0;0;0;0;0;0;0;0;0;0;0;0;0;0;0;0;0;;;0;;0;;0;;0;;""
"L";;;70;0;"GEM";"15003000";"Magdeburg, Landeshauptstadt";"B";0;0;0;0;0;0;0;0;0;0;0;0;0;0;0;0;0;0;0;0;0;0;0;0;0;0;0;;;0;;0;;0;;0;;""
"L";;;218;0;"GEM";"15003000";"Magdeburg, Landeshauptstadt";"";0;0;0;0;0;0;0;0;0;0;0;0;0;0;0;0;0;0;0;0;0;0;0;0;0;0;0;;;0;;0;;0;;0;;""
"L";;;3;0;"GEM";"15081026";"Apenburg-Winterfeld, Flecken";"U";0;0;0;0;0;0;0;0;0;0;0;0;0;0;0;0;0;0;0;0;0;0;0;0;0;0;0;;;;0;;;0;;;;""
"L";;;1;0;"GEM";"15081026";"Apenburg-Winterfeld, Flecken";"B";0;0;0;0;0;0;0;0;0;0;0;0;0;0;0;0;0;0;0;0;0;0;0;0;0;0;0;;;;0;;;0;;;;""
"L";;;4;0;"GEM";"15081026";"Apenburg-Winterfeld, Flecken";"";0;0;0;0;0;0;0;0;0;0;0;0;0;0;0;0;0;0;0;0;0;0;0;0;0;0;0;;;;0;;;0;;;;""
"L";;;16;0;"GEM";"15081030";"Arendsee (Altmark), Stadt";"U";0;0;0;0;0;0;0;0;0;0;0;0;0;0;0;0;0;0;0;0;0;0;0;0;0;0;0;;;;0;;;0;;;;""
"L";;;1;0;"GEM";"15081030";"Arendsee (Altmark), Stadt";"B";0;0;0;0;0;0;0;0;0;0;0;0;0;0;0;0;0;0;0;0;0;0;0;0;0;0;0;;;;0;;;0;;;;""
"L";;;17;0;"GEM";"15081030";"Arendsee (Altmark), Stadt";"";0;0;0;0;0;0;0;0;0;0;0;0;0;0;0;0;0;0;0;0;0;0;0;0;0;0;0;;;;0;;;0;;;;""
"L";;;6;0;"GEM";"15081045";"Beetzendorf";"U";0;0;0;0;0;0;0;0;0;0;0;0;0;0;0;0;0;0;0;0;0;0;0;0;0;0;0;;;;0;;;0;;;;""
"L";;;1;0;"GEM";"15081045";"Beetzendorf";"B";0;0;0;0;0;0;0;0;0;0;0;0;0;0;0;0;0;0;0;0;0;0;0;0;0;0;0;;;;0;;;0;;;;""
"L";;;7;0;"GEM";"15081045";"Beetzendorf";"";0;0;0;0;0;0;0;0;0;0;0;0;0;0;0;0;0;0;0;0;0;0;0;0;0;0;0;;;;0;;;0;;;;""
"L";;;2;0;"GEM";"15081095";"Dähre";"U";0;0;0;0;0;0;0;0;0;0;0;0;0;0;0;0;0;0;0;0;0;0;0;0;0;0;0;;;;0;;;0;;;;""
"L";;;1;0;"GEM";"15081095";"Dähre";"B";0;0;0;0;0;0;0;0;0;0;0;0;0;0;0;0;0;0;0;0;0;0;0;0;0;0;0;;;;0;;;0;;;;""
"L";;;3;0;"GEM";"15081095";"Dähre";"";0;0;0;0;0;0;0;0;0;0;0;0;0;0;0;0;0;0;0;0;0;0;0;0;0;0;0;;;;0;;;0;;;;""
"L";;;1;0;"GEM";"15081105";"Diesdorf, Flecken";"U";0;0;0;0;0;0;0;0;0;0;0;0;0;0;0;0;0;0;0;0;0;0;0;0;0;0;0;;;;0;;;0;;;;""
"L";;;1;0;"GEM";"15081105";"Diesdorf, Flecken";"B";0;0;0;0;0;0;0;0;0;0;0;0;0;0;0;0;0;0;0;0;0;0;0;0;0;0;0;;;;0;;;0;;;;""
"L";;;2;0;"GEM";"15081105";"Diesdorf, Flecken";"";0;0;0;0;0;0;0;0;0;0;0;0;0;0;0;0;0;0;0;0;0;0;0;0;0;0;0;;;;0;;;0;;;;""
"L";;;37;0;"GEM";"15081135";"Gardelegen, Hansestadt";"U";0;0;0;0;0;0;0;0;0;0;0;0;0;0;0;0;0;0;0;0;0;0;0;0;0;0;0;;;;0;;;0;;;;""
"L";;;3;0;"GEM";"15081135";"Gardelegen, Hansestadt";"B";0;0;0;0;0;0;0;0;0;0;0;0;0;0;0;0;0;0;0;0;0;0;0;0;0;0;0;;;;0;;;0;;;;""
"L";;;40;0;"GEM";"15081135";"Gardelegen, Hansestadt";"";0;0;0;0;0;0;0;0;0;0;0;0;0;0;0;0;0;0;0;0;0;0;0;0;0;0;0;;;;0;;;0;;;;""
"L";;;5;0;"GEM";"15081225";"Jübar";"U";0;0;0;0;0;0;0;0;0;0;0;0;0;0;0;0;0;0;0;0;0;0;0;0;0;0;0;;;;0;;;0;;;;""
"L";;;1;0;"GEM";"15081225";"Jübar";"B";0;0;0;0;0;0;0;0;0;0;0;0;0;0;0;0;0;0;0;0;0;0;0;0;0;0;0;;;;0;;;0;;;;""
"L";;;6;0;"GEM";"15081225";"Jübar";"";0;0;0;0;0;0;0;0;0;0;0;0;0;0;0;0;0;0;0;0;0;0;0;0;0;0;0;;;;0;;;0;;;;""
"L";;;17;0;"GEM";"15081240";"Kalbe (Milde), Stadt";"U";0;0;0;0;0;0;0;0;0;0;0;0;0;0;0;0;0;0;0;0;0;0;0;0;0;0;0;;;;0;;;0;;;;""
"L";;;1;0;"GEM";"15081240";"Kalbe (Milde), Stadt";"B";0;0;0;0;0;0;0;0;0;0;0;0;0;0;0;0;0;0;0;0;0;0;0;0;0;0;0;;;;0;;;0;;;;""
"L";;;18;0;"GEM";"15081240";"Kalbe (Milde), Stadt";"";0;0;0;0;0;0;0;0;0;0;0;0;0;0;0;0;0;0;0;0;0;0;0;0;0;0;0;;;;0;;;0;;;;""
"L";;;17;0;"GEM";"15081280";"Klötze, Stadt";"U";0;0;0;0;0;0;0;0;0;0;0;0;0;0;0;0;0;0;0;0;0;0;0;0;0;0;0;;;;0;;;0;;;;""
"L";;;2;0;"GEM";"15081280";"Klötze, Stadt";"B";0;0;0;0;0;0;0;0;0;0;0;0;0;0;0;0;0;0;0;0;0;0;0;0;0;0;0;;;;0;;;0;;;;""
"L";;;19;0;"GEM";"15081280";"Klötze, Stadt";"";0;0;0;0;0;0;0;0;0;0;0;0;0;0;0;0;0;0;0;0;0;0;0;0;0;0;0;;;;0;;;0;;;;""
"L";;;3;0;"GEM";"15081290";"Kuhfelde";"U";0;0;0;0;0;0;0;0;0;0;0;0;0;0;0;0;0;0;0;0;0;0;0;0;0;0;0;;;;0;;;0;;;;""
"L";;;1;0;"GEM";"15081290";"Kuhfelde";"B";0;0;0;0;0;0;0;0;0;0;0;0;0;0;0;0;0;0;0;0;0;0;0;0;0;0;0;;;;0;;;0;;;;""
"L";;;4;0;"GEM";"15081290";"Kuhfelde";"";0;0;0;0;0;0;0;0;0;0;0;0;0;0;0;0;0;0;0;0;0;0;0;0;0;0;0;;;;0;;;0;;;;""
"L";;;3;0;"GEM";"15081440";"Rohrberg";"U";0;0;0;0;0;0;0;0;0;0;0;0;0;0;0;0;0;0;0;0;0;0;0;0;0;0;0;;;;0;;;0;;;;""
"L";;;1;0;"GEM";"15081440";"Rohrberg";"B";0;0;0;0;0;0;0;0;0;0;0;0;0;0;0;0;0;0;0;0;0;0;0;0;0;0;0;;;;0;;;0;;;;""
"L";;;4;0;"GEM";"15081440";"Rohrberg";"";0;0;0;0;0;0;0;0;0;0;0;0;0;0;0;0;0;0;0;0;0;0;0;0;0;0;0;;;;0;;;0;;;;""
"L";;;21;0;"GEM";"15081455";"Salzwedel, Hansestadt";"U";0;0;0;0;0;0;0;0;0;0;0;0;0;0;0;0;0;0;0;0;0;0;0;0;0;0;0;;;;0;;;0;;;;""
"L";;;4;0;"GEM";"15081455";"Salzwedel, Hansestadt";"B";0;0;0;0;0;0;0;0;0;0;0;0;0;0;0;0;0;0;0;0;0;0;0;0;0;0;0;;;;0;;;0;;;;""
"L";;;25;0;"GEM";"15081455";"Salzwedel, Hansestadt";"";0;0;0;0;0;0;0;0;0;0;0;0;0;0;0;0;0;0;0;0;0;0;0;0;0;0;0;;;;0;;;0;;;;""
"L";;;2;0;"GEM";"15081545";"Wallstawe";"U";0;0;0;0;0;0;0;0;0;0;0;0;0;0;0;0;0;0;0;0;0;0;0;0;0;0;0;;;;0;;;0;;;;""
"L";;;1;0;"GEM";"15081545";"Wallstawe";"B";0;0;0;0;0;0;0;0;0;0;0;0;0;0;0;0;0;0;0;0;0;0;0;0;0;0;0;;;;0;;;0;;;;""
"L";;;3;0;"GEM";"15081545";"Wallstawe";"";0;0;0;0;0;0;0;0;0;0;0;0;0;0;0;0;0;0;0;0;0;0;0;0;0;0;0;;;;0;;;0;;;;""
"L";;;8;0;"GEM";"15082005";"Aken (Elbe), Stadt";"U";0;0;0;0;0;0;0;0;0;0;0;0;0;0;0;0;0;0;0;0;0;0;0;0;0;0;0;;;;;;;;;;;""
"L";;;1;0;"GEM";"15082005";"Aken (Elbe), Stadt";"B";0;0;0;0;0;0;0;0;0;0;0;0;0;0;0;0;0;0;0;0;0;0;0;0;0;0;0;;;;;;;;;;;""
"L";;;9;0;"GEM";"15082005";"Aken (Elbe), Stadt";"";0;0;0;0;0;0;0;0;0;0;0;0;0;0;0;0;0;0;0;0;0;0;0;0;0;0;0;;;;;;;;;;;""
"L";;;25;0;"GEM";"15082015";"Bitterfeld-Wolfen, Stadt";"U";0;0;0;0;0;0;0;0;0;0;0;0;0;0;0;0;0;0;0;0;0;0;0;0;0;0;0;0;;;;;;;;;;""
"L";;;6;0;"GEM";"15082015";"Bitterfeld-Wolfen, Stadt";"B";0;0;0;0;0;0;0;0;0;0;0;0;0;0;0;0;0;0;0;0;0;0;0;0;0;0;0;0;;;;;;;;;;""
"L";;;31;0;"GEM";"15082015";"Bitterfeld-Wolfen, Stadt";"";0;0;0;0;0;0;0;0;0;0;0;0;0;0;0;0;0;0;0;0;0;0;0;0;0;0;0;0;;;;;;;;;;""
"L";;;22;0;"GEM";"15082180";"Köthen (Anhalt), Stadt";"U";0;0;0;0;0;0;0;0;0;0;0;0;0;0;0;0;0;0;0;0;0;0;0;0;0;0;0;;;;;;;0;;;;""
"L";;;2;0;"GEM";"15082180";"Köthen (Anhalt), Stadt";"B";0;0;0;0;0;0;0;0;0;0;0;0;0;0;0;0;0;0;0;0;0;0;0;0;0;0;0;;;;;;;0;;;;""
"L";;;24;0;"GEM";"15082180";"Köthen (Anhalt), Stadt";"";0;0;0;0;0;0;0;0;0;0;0;0;0;0;0;0;0;0;0;0;0;0;0;0;0;0;0;;;;;;;0;;;;""
"L";;;13;0;"GEM";"15082241";"Muldestausee";"U";0;0;0;0;0;0;0;0;0;0;0;0;0;0;0;0;0;0;0;0;0;0;0;0;0;0;0;;;;;;;0;;;;""
"L";;;3;0;"GEM";"15082241";"Muldestausee";"B";0;0;0;0;0;0;0;0;0;0;0;0;0;0;0;0;0;0;0;0;0;0;0;0;0;0;0;;;;;;;0;;;;""
"L";;;16;0;"GEM";"15082241";"Muldestausee";"";0;0;0;0;0;0;0;0;0;0;0;0;0;0;0;0;0;0;0;0;0;0;0;0;0;0;0;;;;;;;0;;;;""
"L";;;18;0;"GEM";"15082256";"Osternienburger Land";"U";0;0;0;0;0;0;0;0;0;0;0;0;0;0;0;0;0;0;0;0;0;0;0;0;0;0;0;;;;;;;;;;;""
"L";;;1;0;"GEM";"15082256";"Osternienburger Land";"B";0;0;0;0;0;0;0;0;0;0;0;0;0;0;0;0;0;0;0;0;0;0;0;0;0;0;0;;;;;;;;;;;""
"L";;;19;0;"GEM";"15082256";"Osternienburger Land";"";0;0;0;0;0;0;0;0;0;0;0;0;0;0;0;0;0;0;0;0;0;0;0;0;0;0;0;;;;;;;;;;;""
"L";;;10;0;"GEM";"15082301";"Raguhn-Jeßnitz, Stadt";"U";0;0;0;0;0;0;0;0;0;0;0;0;0;0;0;0;0;0;0;0;0;0;0;0;0;0;0;;;;;;;0;;;;""
"L";;;1;0;"GEM";"15082301";"Raguhn-Jeßnitz, Stadt";"B";0;0;0;0;0;0;0;0;0;0;0;0;0;0;0;0;0;0;0;0;0;0;0;0;0;0;0;;;;;;;0;;;;""
"L";;;11;0;"GEM";"15082301";"Raguhn-Jeßnitz, Stadt";"";0;0;0;0;0;0;0;0;0;0;0;0;0;0;0;0;0;0;0;0;0;0;0;0;0;0;0;;;;;;;0;;;;""
"L";;;14;0;"GEM";"15082340";"Sandersdorf-Brehna, Stadt";"U";0;0;0;0;0;0;0;0;0;0;0;0;0;0;0;0;0;0;0;0;0;0;0;0;0;0;0;0;;;;;;;;;;""
"L";;;3;0;"GEM";"15082340";"Sandersdorf-Brehna, Stadt";"B";0;0;0;0;0;0;0;0;0;0;0;0;0;0;0;0;0;0;0;0;0;0;0;0;0;0;0;0;;;;;;;;;;""
"L";;;17;0;"GEM";"15082340";"Sandersdorf-Brehna, Stadt";"";0;0;0;0;0;0;0;0;0;0;0;0;0;0;0;0;0;0;0;0;0;0;0;0;0;0;0;0;;;;;;;;;;""
"L";;;27;0;"GEM";"15082377";"Südliches Anhalt, Stadt";"U";0;0;0;0;0;0;0;0;0;0;0;0;0;0;0;0;0;0;0;0;0;0;0;0;0;0;0;;;;;;;0;;;;""
"L";;;1;0;"GEM";"15082377";"Südliches Anhalt, Stadt";"B";0;0;0;0;0;0;0;0;0;0;0;0;0;0;0;0;0;0;0;0;0;0;0;0;0;0;0;;;;;;;0;;;;""
"L";;;28;0;"GEM";"15082377";"Südliches Anhalt, Stadt";"";0;0;0;0;0;0;0;0;0;0;0;0;0;0;0;0;0;0;0;0;0;0;0;0;0;0;0;;;;;;;0;;;;""
"L";;;33;0;"GEM";"15082430";"Zerbst/Anhalt, Stadt";"U";0;0;0;0;0;0;0;0;0;0;0;0;0;0;0;0;0;0;0;0;0;0;0;0;0;0;0;;;;;;;;;;;""
"L";;;3;0;"GEM";"15082430";"Zerbst/Anhalt, Stadt";"B";0;0;0;0;0;0;0;0;0;0;0;0;0;0;0;0;0;0;0;0;0;0;0;0;0;0;0;;;;;;;;;;;""
"L";;;36;0;"GEM";"15082430";"Zerbst/Anhalt, Stadt";"";0;0;0;0;0;0;0;0;0;0;0;0;0;0;0;0;0;0;0;0;0;0;0;0;0;0;0;;;;;;;;;;;""
"L";;;12;0;"GEM";"15082440";"Zörbig, Stadt";"U";0;0;0;0;0;0;0;0;0;0;0;0;0;0;0;0;0;0;0;0;0;0;0;0;0;0;0;0;;;;;;;;;;""
"L";;;1;0;"GEM";"15082440";"Zörbig, Stadt";"B";0;0;0;0;0;0;0;0;0;0;0;0;0;0;0;0;0;0;0;0;0;0;0;0;0;0;0;0;;;;;;;;;;""
"L";;;13;0;"GEM";"15082440";"Zörbig, Stadt";"";0;0;0;0;0;0;0;0;0;0;0;0;0;0;0;0;0;0;0;0;0;0;0;0;0;0;0;0;;;;;;;;;;""
"L";;;3;0;"GEM";"15083020";"Altenhausen";"U";0;0;0;0;0;0;0;0;0;0;0;0;0;0;0;0;0;0;0;0;0;0;0;0;0;0;0;;;;;;;0;;;;""
"L";;;1;0;"GEM";"15083020";"Altenhausen";"B";0;0;0;0;0;0;0;0;0;0;0;0;0;0;0;0;0;0;0;0;0;0;0;0;0;0;0;;;;;;;0;;;;""
"L";;;4;0;"GEM";"15083020";"Altenhausen";"";0;0;0;0;0;0;0;0;0;0;0;0;0;0;0;0;0;0;0;0;0;0;0;0;0;0;0;;;;;;;0;;;;""
"L";;;4;0;"GEM";"15083025";"Am Großen Bruch";"U";0;0;0;0;0;0;0;0;0;0;0;0;0;0;0;0;0;0;0;0;0;0;0;0;0;0;0;;;;;;;0;;;;""
"L";;;1;0;"GEM";"15083025";"Am Großen Bruch";"B";0;0;0;0;0;0;0;0;0;0;0;0;0;0;0;0;0;0;0;0;0;0;0;0;0;0;0;;;;;;;0;;;;""
"L";;;5;0;"GEM";"15083025";"Am Großen Bruch";"";0;0;0;0;0;0;0;0;0;0;0;0;0;0;0;0;0;0;0;0;0;0;0;0;0;0;0;;;;;;;0;;;;""
"L";;;4;0;"GEM";"15083030";"Angern";"U";0;0;0;0;0;0;0;0;0;0;0;0;0;0;0;0;0;0;0;0;0;0;0;0;0;0;0;;;;;;;0;;;0;""
"L";;;1;0;"GEM";"15083030";"Angern";"B";0;0;0;0;0;0;0;0;0;0;0;0;0;0;0;0;0;0;0;0;0;0;0;0;0;0;0;;;;;;;0;;;0;""
"L";;;5;0;"GEM";"15083030";"Angern";"";0;0;0;0;0;0;0;0;0;0;0;0;0;0;0;0;0;0;0;0;0;0;0;0;0;0;0;;;;;;;0;;;0;""
"L";;;2;0;"GEM";"15083035";"Ausleben";"U";0;0;0;0;0;0;0;0;0;0;0;0;0;0;0;0;0;0;0;0;0;0;0;0;0;0;0;;;;;;;0;;;;""
"L";;;1;0;"GEM";"15083035";"Ausleben";"B";0;0;0;0;0;0;0;0;0;0;0;0;0;0;0;0;0;0;0;0;0;0;0;0;0;0;0;;;;;;;0;;;;""
"L";;;3;0;"GEM";"15083035";"Ausleben";"";0;0;0;0;0;0;0;0;0;0;0;0;0;0;0;0;0;0;0;0;0;0;0;0;0;0;0;;;;;;;0;;;;""
"L";;;5;0;"GEM";"15083040";"Barleben";"U";0;0;0;0;0;0;0;0;0;0;0;0;0;0;0;0;0;0;0;0;0;0;0;0;0;0;0;;;;;;;0;;;0;""
"L";;;3;0;"GEM";"15083040";"Barleben";"B";0;0;0;0;0;0;0;0;0;0;0;0;0;0;0;0;0;0;0;0;0;0;0;0;0;0;0;;;;;;;0;;;0;""
"L";;;8;0;"GEM";"15083040";"Barleben";"";0;0;0;0;0;0;0;0;0;0;0;0;0;0;0;0;0;0;0;0;0;0;0;0;0;0;0;;;;;;;0;;;0;""
"L";;;1;0;"GEM";"15083060";"Beendorf";"U";0;0;0;0;0;0;0;0;0;0;0;0;0;0;0;0;0;0;0;0;0;0;0;0;0;0;0;;;;;;;0;;;;""
"L";;;1;0;"GEM";"15083060";"Beendorf";"B";0;0;0;0;0;0;0;0;0;0;0;0;0;0;0;0;0;0;0;0;0;0;0;0;0;0;0;;;;;;;0;;;;""
"L";;;2;0;"GEM";"15083060";"Beendorf";"";0;0;0;0;0;0;0;0;0;0;0;0;0;0;0;0;0;0;0;0;0;0;0;0;0;0;0;;;;;;;0;;;;""
"L";;;2;0;"GEM";"15083115";"Bülstringen";"U";0;0;0;0;0;0;0;0;0;0;0;0;0;0;0;0;0;0;0;0;0;0;0;0;0;0;0;;;;;;;0;;;;""
"L";;;1;0;"GEM";"15083115";"Bülstringen";"B";0;0;0;0;0;0;0;0;0;0;0;0;0;0;0;0;0;0;0;0;0;0;0;0;0;0;0;;;;;;;0;;;;""
"L";;;3;0;"GEM";"15083115";"Bülstringen";"";0;0;0;0;0;0;0;0;0;0;0;0;0;0;0;0;0;0;0;0;0;0;0;0;0;0;0;;;;;;;0;;;;""
"L";;;4;0;"GEM";"15083120";"Burgstall";"U";0;0;0;0;0;0;0;0;0;0;0;0;0;0;0;0;0;0;0;0;0;0;0;0;0;0;0;;;;;;;0;;;0;""
"L";;;1;0;"GEM";"15083120";"Burgstall";"B";0;0;0;0;0;0;0;0;0;0;0;0;0;0;0;0;0;0;0;0;0;0;0;0;0;0;0;;;;;;;0;;;0;""
"L";;;5;0;"GEM";"15083120";"Burgstall";"";0;0;0;0;0;0;0;0;0;0;0;0;0;0;0;0;0;0;0;0;0;0;0;0;0;0;0;;;;;;;0;;;0;""
"L";;;8;0;"GEM";"15083125";"Calvörde";"U";0;0;0;0;0;0;0;0;0;0;0;0;0;0;0;0;0;0;0;0;0;0;0;0;0;0;0;;;;;;;0;;;;""
"L";;;1;0;"GEM";"15083125";"Calvörde";"B";0;0;0;0;0;0;0;0;0;0;0;0;0;0;0;0;0;0;0;0;0;0;0;0;0;0;0;;;;;;;0;;;;""
"L";;;9;0;"GEM";"15083125";"Calvörde";"";0;0;0;0;0;0;0;0;0;0;0;0;0;0;0;0;0;0;0;0;0;0;0;0;0;0;0;;;;;;;0;;;;""
"L";;;3;0;"GEM";"15083130";"Colbitz";"U";0;0;0;0;0;0;0;0;0;0;0;0;0;0;0;0;0;0;0;0;0;0;0;0;0;0;0;;;;;;;0;;;0;""
"L";;;1;0;"GEM";"15083130";"Colbitz";"B";0;0;0;0;0;0;0;0;0;0;0;0;0;0;0;0;0;0;0;0;0;0;0;0;0;0;0;;;;;;;0;;;0;""
"L";;;4;0;"GEM";"15083130";"Colbitz";"";0;0;0;0;0;0;0;0;0;0;0;0;0;0;0;0;0;0;0;0;0;0;0;0;0;0;0;;;;;;;0;;;0;""
"L";;;5;0;"GEM";"15083190";"Eilsleben";"U";0;0;0;0;0;0;0;0;0;0;0;0;0;0;0;0;0;0;0;0;0;0;0;0;0;0;0;;;;;;;0;;;;""
"L";;;1;0;"GEM";"15083190";"Eilsleben";"B";0;0;0;0;0;0;0;0;0;0;0;0;0;0;0;0;0;0;0;0;0;0;0;0;0;0;0;;;;;;;0;;;;""
"L";;;6;0;"GEM";"15083190";"Eilsleben";"";0;0;0;0;0;0;0;0;0;0;0;0;0;0;0;0;0;0;0;0;0;0;0;0;0;0;0;;;;;;;0;;;;""
"L";;;5;0;"GEM";"15083205";"Erxleben";"U";0;0;0;0;0;0;0;0;0;0;0;0;0;0;0;0;0;0;0;0;0;0;0;0;0;0;0;;;;;;;0;;;;""
"L";;;1;0;"GEM";"15083205";"Erxleben";"B";0;0;0;0;0;0;0;0;0;0;0;0;0;0;0;0;0;0;0;0;0;0;0;0;0;0;0;;;;;;;0;;;;""
"L";;;6;0;"GEM";"15083205";"Erxleben";"";0;0;0;0;0;0;0;0;0;0;0;0;0;0;0;0;0;0;0;0;0;0;0;0;0;0;0;;;;;;;0;;;;""
"L";;;4;0;"GEM";"15083230";"Flechtingen";"U";0;0;0;0;0;0;0;0;0;0;0;0;0;0;0;0;0;0;0;0;0;0;0;0;0;0;0;;;;;;;0;;;;""
"L";;;1;0;"GEM";"15083230";"Flechtingen";"B";0;0;0;0;0;0;0;0;0;0;0;0;0;0;0;0;0;0;0;0;0;0;0;0;0;0;0;;;;;;;0;;;;""
"L";;;5;0;"GEM";"15083230";"Flechtingen";"";0;0;0;0;0;0;0;0;0;0;0;0;0;0;0;0;0;0;0;0;0;0;0;0;0;0;0;;;;;;;0;;;;""
"L";;;5;0;"GEM";"15083245";"Gröningen, Stadt";"U";0;0;0;0;0;0;0;0;0;0;0;0;0;0;0;0;0;0;0;0;0;0;0;0;0;0;0;;;;;;;0;;;;""
"L";;;1;0;"GEM";"15083245";"Gröningen, Stadt";"B";0;0;0;0;0;0;0;0;0;0;0;0;0;0;0;0;0;0;0;0;0;0;0;0;0;0;0;;;;;;;0;;;;""
"L";;;6;0;"GEM";"15083245";"Gröningen, Stadt";"";0;0;0;0;0;0;0;0;0;0;0;0;0;0;0;0;0;0;0;0;0;0;0;0;0;0;0;;;;;;;0;;;;""
"L";;;14;0;"GEM";"15083270";"Haldensleben, Stadt";"U";0;0;0;0;0;0;0;0;0;0;0;0;0;0;0;0;0;0;0;0;0;0;0;0;0;0;0;;;;;;;0;;;;""
"L";;;3;0;"GEM";"15083270";"Haldensleben, Stadt";"B";0;0;0;0;0;0;0;0;0;0;0;0;0;0;0;0;0;0;0;0;0;0;0;0;0;0;0;;;;;;;0;;;;""
"L";;;17;0;"GEM";"15083270";"Haldensleben, Stadt";"";0;0;0;0;0;0;0;0;0;0;0;0;0;0;0;0;0;0;0;0;0;0;0;0;0;0;0;;;;;;;0;;;;""
"L";;;1;0;"GEM";"15083275";"Harbke";"U";0;0;0;0;0;0;0;0;0;0;0;0;0;0;0;0;0;0;0;0;0;0;0;0;0;0;0;;;;;;;0;;;;""
"L";;;1;0;"GEM";"15083275";"Harbke";"B";0;0;0;0;0;0;0;0;0;0;0;0;0;0;0;0;0;0;0;0;0;0;0;0;0;0;0;;;;;;;0;;;;""
"L";;;2;0;"GEM";"15083275";"Harbke";"";0;0;0;0;0;0;0;0;0;0;0;0;0;0;0;0;0;0;0;0;0;0;0;0;0;0;0;;;;;;;0;;;;""
"L";;;16;0;"GEM";"15083298";"Hohe Börde";"U";0;0;0;0;0;0;0;0;0;0;0;0;0;0;0;0;0;0;0;0;0;0;0;0;0;0;0;;;;;;;0;;;0;""
"L";;;4;0;"GEM";"15083298";"Hohe Börde";"B";0;0;0;0;0;0;0;0;0;0;0;0;0;0;0;0;0;0;0;0;0;0;0;0;0;0;0;;;;;;;0;;;0;""
"L";;;20;0;"GEM";"15083298";"Hohe Börde";"";0;0;0;0;0;0;0;0;0;0;0;0;0;0;0;0;0;0;0;0;0;0;0;0;0;0;0;;;;;;;0;;;0;""
"L";;;4;0;"GEM";"15083320";"Hötensleben";"U";0;0;0;0;0;0;0;0;0;0;0;0;0;0;0;0;0;0;0;0;0;0;0;0;0;0;0;;;;;;;0;;;;""
"L";;;1;0;"GEM";"15083320";"Hötensleben";"B";0;0;0;0;0;0;0;0;0;0;0;0;0;0;0;0;0;0;0;0;0;0;0;0;0;0;0;;;;;;;0;;;;""
"L";;;5;0;"GEM";"15083320";"Hötensleben";"";0;0;0;0;0;0;0;0;0;0;0;0;0;0;0;0;0;0;0;0;0;0;0;0;0;0;0;;;;;;;0;;;;""
"L";;;4;0;"GEM";"15083323";"Ingersleben";"U";0;0;0;0;0;0;0;0;0;0;0;0;0;0;0;0;0;0;0;0;0;0;0;0;0;0;0;;;;;;;0;;;;""
"L";;;1;0;"GEM";"15083323";"Ingersleben";"B";0;0;0;0;0;0;0;0;0;0;0;0;0;0;0;0;0;0;0;0;0;0;0;0;0;0;0;;;;;;;0;;;;""
"L";;;5;0;"GEM";"15083323";"Ingersleben";"";0;0;0;0;0;0;0;0;0;0;0;0;0;0;0;0;0;0;0;0;0;0;0;0;0;0;0;;;;;;;0;;;;""
"L";;;1;0;"GEM";"15083355";"Kroppenstedt, Stadt";"U";0;0;0;0;0;0;0;0;0;0;0;0;0;0;0;0;0;0;0;0;0;0;0;0;0;0;0;;;;;;;0;;;;""
"L";;;1;0;"GEM";"15083355";"Kroppenstedt, Stadt";"B";0;0;0;0;0;0;0;0;0;0;0;0;0;0;0;0;0;0;0;0;0;0;0;0;0;0;0;;;;;;;0;;;;""
"L";;;2;0;"GEM";"15083355";"Kroppenstedt, Stadt";"";0;0;0;0;0;0;0;0;0;0;0;0;0;0;0;0;0;0;0;0;0;0;0;0;0;0;0;;;;;;;0;;;;""
"L";;;2;0;"GEM";"15083361";"Loitsche-Heinrichsberg";"U";0;0;0;0;0;0;0;0;0;0;0;0;0;0;0;0;0;0;0;0;0;0;0;0;0;0;0;;;;;;;0;;;0;""
"L";;;1;0;"GEM";"15083361";"Loitsche-Heinrichsberg";"B";0;0;0;0;0;0;0;0;0;0;0;0;0;0;0;0;0;0;0;0;0;0;0;0;0;0;0;;;;;;;0;;;0;""
"L";;;3;0;"GEM";"15083361";"Loitsche-Heinrichsberg";"";0;0;0;0;0;0;0;0;0;0;0;0;0;0;0;0;0;0;0;0;0;0;0;0;0;0;0;;;;;;;0;;;0;""
"L";;;9;0;"GEM";"15083390";"Niedere Börde";"U";0;0;0;0;0;0;0;0;0;0;0;0;0;0;0;0;0;0;0;0;0;0;0;0;0;0;0;;;;;;;0;;;;""
"L";;;1;0;"GEM";"15083390";"Niedere Börde";"B";0;0;0;0;0;0;0;0;0;0;0;0;0;0;0;0;0;0;0;0;0;0;0;0;0;0;0;;;;;;;0;;;;""
"L";;;10;0;"GEM";"15083390";"Niedere Börde";"";0;0;0;0;0;0;0;0;0;0;0;0;0;0;0;0;0;0;0;0;0;0;0;0;0;0;0;;;;;;;0;;;;""
"L";;;26;0;"GEM";"15083411";"Oebisfelde-Weferlingen, Stadt";"U";0;0;0;0;0;0;0;0;0;0;0;0;0;0;0;0;0;0;0;0;0;0;0;0;0;0;0;;;;0;;;0;;;;""
"L";;;2;0;"GEM";"15083411";"Oebisfelde-Weferlingen, Stadt";"B";0;0;0;0;0;0;0;0;0;0;0;0;0;0;0;0;0;0;0;0;0;0;0;0;0;0;0;;;;0;;;0;;;;""
"L";;;28;0;"GEM";"15083411";"Oebisfelde-Weferlingen, Stadt";"";0;0;0;0;0;0;0;0;0;0;0;0;0;0;0;0;0;0;0;0;0;0;0;0;0;0;0;;;;0;;;0;;;;""
"L";;;19;0;"GEM";"15083415";"Oschersleben (Bode), Stadt";"U";0;0;0;0;0;0;0;0;0;0;0;0;0;0;0;0;0;0;0;0;0;0;0;0;0;0;0;;;;;;;0;;;;""
"L";;;2;0;"GEM";"15083415";"Oschersleben (Bode), Stadt";"B";0;0;0;0;0;0;0;0;0;0;0;0;0;0;0;0;0;0;0;0;0;0;0;0;0;0;0;;;;;;;0;;;;""
"L";;;21;0;"GEM";"15083415";"Oschersleben (Bode), Stadt";"";0;0;0;0;0;0;0;0;0;0;0;0;0;0;0;0;0;0;0;0;0;0;0;0;0;0;0;;;;;;;0;;;;""
"L";;;1;0;"GEM";"15083440";"Rogätz";"U";0;0;0;0;0;0;0;0;0;0;0;0;0;0;0;0;0;0;0;0;0;0;0;0;0;0;0;;;;;;;0;;;0;""
"L";;;1;0;"GEM";"15083440";"Rogätz";"B";0;0;0;0;0;0;0;0;0;0;0;0;0;0;0;0;0;0;0;0;0;0;0;0;0;0;0;;;;;;;0;;;0;""
"L";;;2;0;"GEM";"15083440";"Rogätz";"";0;0;0;0;0;0;0;0;0;0;0;0;0;0;0;0;0;0;0;0;0;0;0;0;0;0;0;;;;;;;0;;;0;""
"L";;;3;0;"GEM";"15083485";"Sommersdorf";"U";0;0;0;0;0;0;0;0;0;0;0;0;0;0;0;0;0;0;0;0;0;0;0;0;0;0;0;;;;;;;0;;;;""
"L";;;1;0;"GEM";"15083485";"Sommersdorf";"B";0;0;0;0;0;0;0;0;0;0;0;0;0;0;0;0;0;0;0;0;0;0;0;0;0;0;0;;;;;;;0;;;;""
"L";;;4;0;"GEM";"15083485";"Sommersdorf";"";0;0;0;0;0;0;0;0;0;0;0;0;0;0;0;0;0;0;0;0;0;0;0;0;0;0;0;;;;;;;0;;;;""
"L";;;8;0;"GEM";"15083490";"Sülzetal";"U";0;0;0;0;0;0;0;0;0;0;0;0;0;0;0;0;0;0;0;0;0;0;0;0;0;0;0;;;;;;;0;;;;""
"L";;;1;0;"GEM";"15083490";"Sülzetal";"B";0;0;0;0;0;0;0;0;0;0;0;0;0;0;0;0;0;0;0;0;0;0;0;0;0;0;0;;;;;;;0;;;;""
"L";;;9;0;"GEM";"15083490";"Sülzetal";"";0;0;0;0;0;0;0;0;0;0;0;0;0;0;0;0;0;0;0;0;0;0;0;0;0;0;0;;;;;;;0;;;;""
"L";;;1;0;"GEM";"15083505";"Ummendorf";"U";0;0;0;0;0;0;0;0;0;0;0;0;0;0;0;0;0;0;0;0;0;0;0;0;0;0;0;;;;;;;0;;;;""
"L";;;1;0;"GEM";"15083505";"Ummendorf";"B";0;0;0;0;0;0;0;0;0;0;0;0;0;0;0;0;0;0;0;0;0;0;0;0;0;0;0;;;;;;;0;;;;""
"L";;;2;0;"GEM";"15083505";"Ummendorf";"";0;0;0;0;0;0;0;0;0;0;0;0;0;0;0;0;0;0;0;0;0;0;0;0;0;0;0;;;;;;;0;;;;""
"L";;;2;0;"GEM";"15083515";"Völpke";"U";0;0;0;0;0;0;0;0;0;0;0;0;0;0;0;0;0;0;0;0;0;0;0;0;0;0;0;;;;;;;0;;;;""
"L";;;1;0;"GEM";"15083515";"Völpke";"B";0;0;0;0;0;0;0;0;0;0;0;0;0;0;0;0;0;0;0;0;0;0;0;0;0;0;0;;;;;;;0;;;;""
"L";;;3;0;"GEM";"15083515";"Völpke";"";0;0;0;0;0;0;0;0;0;0;0;0;0;0;0;0;0;0;0;0;0;0;0;0;0;0;0;;;;;;;0;;;;""
"L";;;16;0;"GEM";"15083531";"Wanzleben-Börde, Stadt";"U";0;0;0;0;0;0;0;0;0;0;0;0;0;0;0;0;0;0;0;0;0;0;0;0;0;0;0;;;;;;;0;;;;""
"L";;;2;0;"GEM";"15083531";"Wanzleben-Börde, Stadt";"B";0;0;0;0;0;0;0;0;0;0;0;0;0;0;0;0;0;0;0;0;0;0;0;0;0;0;0;;;;;;;0;;;;""
"L";;;18;0;"GEM";"15083531";"Wanzleben-Börde, Stadt";"";0;0;0;0;0;0;0;0;0;0;0;0;0;0;0;0;0;0;0;0;0;0;0;0;0;0;0;;;;;;;0;;;;""
"L";;;1;0;"GEM";"15083535";"Wefensleben";"U";0;0;0;0;0;0;0;0;0;0;0;0;0;0;0;0;0;0;0;0;0;0;0;0;0;0;0;;;;;;;0;;;;""
"L";;;1;0;"GEM";"15083535";"Wefensleben";"B";0;0;0;0;0;0;0;0;0;0;0;0;0;0;0;0;0;0;0;0;0;0;0;0;0;0;0;;;;;;;0;;;;""
"L";;;2;0;"GEM";"15083535";"Wefensleben";"";0;0;0;0;0;0;0;0;0;0;0;0;0;0;0;0;0;0;0;0;0;0;0;0;0;0;0;;;;;;;0;;;;""
"L";;;4;0;"GEM";"15083557";"Westheide";"U";0;0;0;0;0;0;0;0;0;0;0;0;0;0;0;0;0;0;0;0;0;0;0;0;0;0;0;;;;;;;0;;;0;""
"L";;;1;0;"GEM";"15083557";"Westheide";"B";0;0;0;0;0;0;0;0;0;0;0;0;0;0;0;0;0;0;0;0;0;0;0;0;0;0;0;;;;;;;0;;;0;""
"L";;;5;0;"GEM";"15083557";"Westheide";"";0;0;0;0;0;0;0;0;0;0;0;0;0;0;0;0;0;0;0;0;0;0;0;0;0;0;0;;;;;;;0;;;0;""
"L";;;10;0;"GEM";"15083565";"Wolmirstedt, Stadt";"U";0;0;0;0;0;0;0;0;0;0;0;0;0;0;0;0;0;0;0;0;0;0;0;0;0;0;0;;;;;;;0;;;0;""
"L";;;2;0;"GEM";"15083565";"Wolmirstedt, Stadt";"B";0;0;0;0;0;0;0;0;0;0;0;0;0;0;0;0;0;0;0;0;0;0;0;0;0;0;0;;;;;;;0;;;0;""
"L";;;12;0;"GEM";"15083565";"Wolmirstedt, Stadt";"";0;0;0;0;0;0;0;0;0;0;0;0;0;0;0;0;0;0;0;0;0;0;0;0;0;0;0;;;;;;;0;;;0;""
"L";;;2;0;"GEM";"15083580";"Zielitz";"U";0;0;0;0;0;0;0;0;0;0;0;0;0;0;0;0;0;0;0;0;0;0;0;0;0;0;0;;;;;;;0;;;0;""
"L";;;1;0;"GEM";"15083580";"Zielitz";"B";0;0;0;0;0;0;0;0;0;0;0;0;0;0;0;0;0;0;0;0;0;0;0;0;0;0;0;;;;;;;0;;;0;""
"L";;;3;0;"GEM";"15083580";"Zielitz";"";0;0;0;0;0;0;0;0;0;0;0;0;0;0;0;0;0;0;0;0;0;0;0;0;0;0;0;;;;;;;0;;;0;""
"L";;;3;0;"GEM";"15084012";"An der Poststraße";"U";0;0;0;0;0;0;0;0;0;0;0;0;0;0;0;0;0;0;0;0;0;0;0;0;0;0;0;;;;;;;;0;;;""
"L";;;1;0;"GEM";"15084012";"An der Poststraße";"B";0;0;0;0;0;0;0;0;0;0;0;0;0;0;0;0;0;0;0;0;0;0;0;0;0;0;0;;;;;;;;0;;;""
"L";;;4;0;"GEM";"15084012";"An der Poststraße";"";0;0;0;0;0;0;0;0;0;0;0;0;0;0;0;0;0;0;0;0;0;0;0;0;0;0;0;;;;;;;;0;;;""
"L";;;2;0;"GEM";"15084013";"Meineweh";"U";0;0;0;0;0;0;0;0;0;0;0;0;0;0;0;0;0;0;0;0;0;0;0;0;0;0;0;;0;;;;;;;;0;""
"L";;;1;0;"GEM";"15084013";"Meineweh";"B";0;0;0;0;0;0;0;0;0;0;0;0;0;0;0;0;0;0;0;0;0;0;0;0;0;0;0;;0;;;;;;;;0;""
"L";;;3;0;"GEM";"15084013";"Meineweh";"";0;0;0;0;0;0;0;0;0;0;0;0;0;0;0;0;0;0;0;0;0;0;0;0;0;0;0;;0;;;;;;;;0;""
"L";;;2;0;"GEM";"15084015";"Bad Bibra, Stadt";"U";0;0;0;0;0;0;0;0;0;0;0;0;0;0;0;0;0;0;0;0;0;0;0;0;0;0;0;;;;;;;;0;;;""
"L";;;1;0;"GEM";"15084015";"Bad Bibra, Stadt";"B";0;0;0;0;0;0;0;0;0;0;0;0;0;0;0;0;0;0;0;0;0;0;0;0;0;0;0;;;;;;;;0;;;""
"L";;;3;0;"GEM";"15084015";"Bad Bibra, Stadt";"";0;0;0;0;0;0;0;0;0;0;0;0;0;0;0;0;0;0;0;0;0;0;0;0;0;0;0;;;;;;;;0;;;""
"L";;;3;0;"GEM";"15084025";"Balgstädt";"U";0;0;0;0;0;0;0;0;0;0;0;0;0;0;0;0;0;0;0;0;0;0;0;0;0;0;0;;0;;;;;;;;0;""
"L";;;1;0;"GEM";"15084025";"Balgstädt";"B";0;0;0;0;0;0;0;0;0;0;0;0;0;0;0;0;0;0;0;0;0;0;0;0;0;0;0;;0;;;;;;;;0;""
"L";;;4;0;"GEM";"15084025";"Balgstädt";"";0;0;0;0;0;0;0;0;0;0;0;0;0;0;0;0;0;0;0;0;0;0;0;0;0;0;0;;0;;;;;;;;0;""
"L";;;2;0;"GEM";"15084115";"Droyßig";"U";0;0;0;0;0;0;0;0;0;0;0;0;0;0;0;0;0;0;0;0;0;0;0;0;0;0;0;0;;;;;;0;;0;;""
"L";;;1;0;"GEM";"15084115";"Droyßig";"B";0;0;0;0;0;0;0;0;0;0;0;0;0;0;0;0;0;0;0;0;0;0;0;0;0;0;0;0;;;;;;0;;0;;""
"L";;;3;0;"GEM";"15084115";"Droyßig";"";0;0;0;0;0;0;0;0;0;0;0;0;0;0;0;0;0;0;0;0;0;0;0;0;0;0;0;0;;;;;;0;;0;;""
"L";;;3;0;"GEM";"15084125";"Eckartsberga, Stadt";"U";0;0;0;0;0;0;0;0;0;0;0;0;0;0;0;0;0;0;0;0;0;0;0;0;0;0;0;;;;;;;;0;;;""
"L";;;1;0;"GEM";"15084125";"Eckartsberga, Stadt";"B";0;0;0;0;0;0;0;0;0;0;0;0;0;0;0;0;0;0;0;0;0;0;0;0;0;0;0;;;;;;;;0;;;""
"L";;;4;0;"GEM";"15084125";"Eckartsberga, Stadt";"";0;0;0;0;0;0;0;0;0;0;0;0;0;0;0;0;0;0;0;0;0;0;0;0;0;0;0;;;;;;;;0;;;""
"L";;;11;0;"GEM";"15084130";"Elsteraue";"U";0;0;0;0;0;0;0;0;0;0;0;0;0;0;0;0;0;0;0;0;0;0;0;0;0;0;0;0;;;;;;0;;0;;""
"L";;;2;0;"GEM";"15084130";"Elsteraue";"B";0;0;0;0;0;0;0;0;0;0;0;0;0;0;0;0;0;0;0;0;0;0;0;0;0;0;0;0;;;;;;0;;0;;""
"L";;;13;0;"GEM";"15084130";"Elsteraue";"";0;0;0;0;0;0;0;0;0;0;0;0;0;0;0;0;0;0;0;0;0;0;0;0;0;0;0;0;;;;;;0;;0;;""
"L";;;2;0;"GEM";"15084132";"Finne";"U";0;0;0;0;0;0;0;0;0;0;0;0;0;0;0;0;0;0;0;0;0;0;0;0;0;0;0;;;;;;;;0;;;""
"L";;;1;0;"GEM";"15084132";"Finne";"B";0;0;0;0;0;0;0;0;0;0;0;0;0;0;0;0;0;0;0;0;0;0;0;0;0;0;0;;;;;;;;0;;;""
"L";;;3;0;"GEM";"15084132";"Finne";"";0;0;0;0;0;0;0;0;0;0;0;0;0;0;0;0;0;0;0;0;0;0;0;0;0;0;0;;;;;;;;0;;;""
"L";;;2;0;"GEM";"15084133";"Finneland";"U";0;0;0;0;0;0;0;0;0;0;0;0;0;0;0;0;0;0;0;0;0;0;0;0;0;0;0;;;;;;;;0;;;""
"L";;;1;0;"GEM";"15084133";"Finneland";"B";0;0;0;0;0;0;0;0;0;0;0;0;0;0;0;0;0;0;0;0;0;0;0;0;0;0;0;;;;;;;;0;;;""
"L";;;3;0;"GEM";"15084133";"Finneland";"";0;0;0;0;0;0;0;0;0;0;0;0;0;0;0;0;0;0;0;0;0;0;0;0;0;0;0;;;;;;;;0;;;""
"L";;;6;0;"GEM";"15084135";"Freyburg (Unstrut), Stadt";"U";0;0;0;0;0;0;0;0;0;0;0;0;0;0;0;0;0;0;0;0;0;0;0;0;0;0;0;;0;;;;;;;;0;""
"L";;;1;0;"GEM";"15084135";"Freyburg (Unstrut), Stadt";"B";0;0;0;0;0;0;0;0;0;0;0;0;0;0;0;0;0;0;0;0;0;0;0;0;0;0;0;;0;;;;;;;;0;""
"L";;;7;0;"GEM";"15084135";"Freyburg (Unstrut), Stadt";"";0;0;0;0;0;0;0;0;0;0;0;0;0;0;0;0;0;0;0;0;0;0;0;0;0;0;0;;0;;;;;;;;0;""
"L";;;3;0;"GEM";"15084150";"Gleina";"U";0;0;0;0;0;0;0;0;0;0;0;0;0;0;0;0;0;0;0;0;0;0;0;0;0;0;0;;0;;;;;;;;0;""
"L";;;1;0;"GEM";"15084150";"Gleina";"B";0;0;0;0;0;0;0;0;0;0;0;0;0;0;0;0;0;0;0;0;0;0;0;0;0;0;0;;0;;;;;;;;0;""
"L";;;4;0;"GEM";"15084150";"Gleina";"";0;0;0;0;0;0;0;0;0;0;0;0;0;0;0;0;0;0;0;0;0;0;0;0;0;0;0;;0;;;;;;;;0;""
"L";;;2;0;"GEM";"15084170";"Goseck";"U";0;0;0;0;0;0;0;0;0;0;0;0;0;0;0;0;0;0;0;0;0;0;0;0;0;0;0;;0;;;;;;;;0;""
"L";;;1;0;"GEM";"15084170";"Goseck";"B";0;0;0;0;0;0;0;0;0;0;0;0;0;0;0;0;0;0;0;0;0;0;0;0;0;0;0;;0;;;;;;;;0;""
"L";;;3;0;"GEM";"15084170";"Goseck";"";0;0;0;0;0;0;0;0;0;0;0;0;0;0;0;0;0;0;0;0;0;0;0;0;0;0;0;;0;;;;;;;;0;""
"L";;;4;0;"GEM";"15084207";"Gutenborn";"U";0;0;0;0;0;0;0;0;0;0;0;0;0;0;0;0;0;0;0;0;0;0;0;0;0;0;0;0;;;;;;0;;0;;""
"L";;;1;0;"GEM";"15084207";"Gutenborn";"B";0;0;0;0;0;0;0;0;0;0;0;0;0;0;0;0;0;0;0;0;0;0;0;0;0;0;0;0;;;;;;0;;0;;""
"L";;;5;0;"GEM";"15084207";"Gutenborn";"";0;0;0;0;0;0;0;0;0;0;0;0;0;0;0;0;0;0;0;0;0;0;0;0;0;0;0;0;;;;;;0;;0;;""
"L";;;11;0;"GEM";"15084235";"Hohenmölsen, Stadt";"U";0;0;0;0;0;0;0;0;0;0;0;0;0;0;0;0;0;0;0;0;0;0;0;0;0;0;0;0;;;;;;0;;0;;""
"L";;;2;0;"GEM";"15084235";"Hohenmölsen, Stadt";"B";0;0;0;0;0;0;0;0;0;0;0;0;0;0;0;0;0;0;0;0;0;0;0;0;0;0;0;0;;;;;;0;;0;;""
"L";;;13;0;"GEM";"15084235";"Hohenmölsen, Stadt";"";0;0;0;0;0;0;0;0;0;0;0;0;0;0;0;0;0;0;0;0;0;0;0;0;0;0;0;0;;;;;;0;;0;;""
"L";;;2;0;"GEM";"15084246";"Kaiserpfalz";"U";0;0;0;0;0;0;0;0;0;0;0;0;0;0;0;0;0;0;0;0;0;0;0;0;0;0;0;;;;;;;;0;;;""
"L";;;1;0;"GEM";"15084246";"Kaiserpfalz";"B";0;0;0;0;0;0;0;0;0;0;0;0;0;0;0;0;0;0;0;0;0;0;0;0;0;0;0;;;;;;;;0;;;""
"L";;;3;0;"GEM";"15084246";"Kaiserpfalz";"";0;0;0;0;0;0;0;0;0;0;0;0;0;0;0;0;0;0;0;0;0;0;0;0;0;0;0;;;;;;;;0;;;""
"L";;;3;0;"GEM";"15084250";"Karsdorf";"U";0;0;0;0;0;0;0;0;0;0;0;0;0;0;0;0;0;0;0;0;0;0;0;0;0;0;0;;0;;;;;;;;0;""
"L";;;1;0;"GEM";"15084250";"Karsdorf";"B";0;0;0;0;0;0;0;0;0;0;0;0;0;0;0;0;0;0;0;0;0;0;0;0;0;0;0;;0;;;;;;;;0;""
"L";;;4;0;"GEM";"15084250";"Karsdorf";"";0;0;0;0;0;0;0;0;0;0;0;0;0;0;0;0;0;0;0;0;0;0;0;0;0;0;0;;0;;;;;;;;0;""
"L";;;5;0;"GEM";"15084275";"Kretzschau";"U";0;0;0;0;0;0;0;0;0;0;0;0;0;0;0;0;0;0;0;0;0;0;0;0;0;0;0;0;;;;;;0;;0;;""
"L";;;1;0;"GEM";"15084275";"Kretzschau";"B";0;0;0;0;0;0;0;0;0;0;0;0;0;0;0;0;0;0;0;0;0;0;0;0;0;0;0;0;;;;;;0;;0;;""
"L";;;6;0;"GEM";"15084275";"Kretzschau";"";0;0;0;0;0;0;0;0;0;0;0;0;0;0;0;0;0;0;0;0;0;0;0;0;0;0;0;0;;;;;;0;;0;;""
"L";;;2;0;"GEM";"15084282";"Lanitz-Hassel-Tal";"U";0;0;0;0;0;0;0;0;0;0;0;0;0;0;0;0;0;0;0;0;0;0;0;0;0;0;0;;;;;;;;0;;;""
"L";;;1;0;"GEM";"15084282";"Lanitz-Hassel-Tal";"B";0;0;0;0;0;0;0;0;0;0;0;0;0;0;0;0;0;0;0;0;0;0;0;0;0;0;0;;;;;;;;0;;;""
"L";;;3;0;"GEM";"15084282";"Lanitz-Hassel-Tal";"";0;0;0;0;0;0;0;0;0;0;0;0;0;0;0;0;0;0;0;0;0;0;0;0;0;0;0;;;;;;;;0;;;""
"L";;;4;0;"GEM";"15084285";"Laucha an der Unstrut, Stadt";"U";0;0;0;0;0;0;0;0;0;0;0;0;0;0;0;0;0;0;0;0;0;0;0;0;0;0;0;;0;;;;;;;;0;""
"L";;;1;0;"GEM";"15084285";"Laucha an der Unstrut, Stadt";"B";0;0;0;0;0;0;0;0;0;0;0;0;0;0;0;0;0;0;0;0;0;0;0;0;0;0;0;;0;;;;;;;;0;""
"L";;;5;0;"GEM";"15084285";"Laucha an der Unstrut, Stadt";"";0;0;0;0;0;0;0;0;0;0;0;0;0;0;0;0;0;0;0;0;0;0;0;0;0;0;0;;0;;;;;;;;0;""
"L";;;18;0;"GEM";"15084315";"Lützen, Stadt";"U";0;0;0;0;0;0;0;0;0;0;0;0;0;0;0;0;0;0;0;0;0;0;0;0;0;0;0;;;;;;;;;;;""
"L";;;4;0;"GEM";"15084315";"Lützen, Stadt";"B";0;0;0;0;0;0;0;0;0;0;0;0;0;0;0;0;0;0;0;0;0;0;0;0;0;0;0;;;;;;;;;;;""
"L";;;22;0;"GEM";"15084315";"Lützen, Stadt";"";0;0;0;0;0;0;0;0;0;0;0;0;0;0;0;0;0;0;0;0;0;0;0;0;0;0;0;;;;;;;;;;;""
"L";;;2;0;"GEM";"15084335";"Mertendorf";"U";0;0;0;0;0;0;0;0;0;0;0;0;0;0;0;0;0;0;0;0;0;0;0;0;0;0;0;;0;;;;;;;;0;""
"L";;;1;0;"GEM";"15084335";"Mertendorf";"B";0;0;0;0;0;0;0;0;0;0;0;0;0;0;0;0;0;0;0;0;0;0;0;0;0;0;0;;0;;;;;;;;0;""
"L";;;3;0;"GEM";"15084335";"Mertendorf";"";0;0;0;0;0;0;0;0;0;0;0;0;0;0;0;0;0;0;0;0;0;0;0;0;0;0;0;;0;;;;;;;;0;""
"L";;;1;0;"GEM";"15084341";"Molauer Land";"U";0;0;0;0;0;0;0;0;0;0;0;0;0;0;0;0;0;0;0;0;0;0;0;0;0;0;0;;0;;;;;;;;0;""
"L";;;1;0;"GEM";"15084341";"Molauer Land";"B";0;0;0;0;0;0;0;0;0;0;0;0;0;0;0;0;0;0;0;0;0;0;0;0;0;0;0;;0;;;;;;;;0;""
"L";;;2;0;"GEM";"15084341";"Molauer Land";"";0;0;0;0;0;0;0;0;0;0;0;0;0;0;0;0;0;0;0;0;0;0;0;0;0;0;0;;0;;;;;;;;0;""
"L";;;25;0;"GEM";"15084355";"Naumburg (Saale), Stadt";"U";0;0;0;0;0;0;0;0;0;0;0;0;0;0;0;0;0;0;0;0;0;0;0;0;0;0;0;;0;;;;;;;;0;""
"L";;;6;0;"GEM";"15084355";"Naumburg (Saale), Stadt";"B";0;0;0;0;0;0;0;0;0;0;0;0;0;0;0;0;0;0;0;0;0;0;0;0;0;0;0;;0;;;;;;;;0;""
"L";;;31;0;"GEM";"15084355";"Naumburg (Saale), Stadt";"";0;0;0;0;0;0;0;0;0;0;0;0;0;0;0;0;0;0;0;0;0;0;0;0;0;0;0;;0;;;;;;;;0;""
"L";;;3;0;"GEM";"15084360";"Nebra (Unstrut), Stadt";"U";0;0;0;0;0;0;0;0;0;0;0;0;0;0;0;0;0;0;0;0;0;0;0;0;0;0;0;;0;;;;;;;;0;""
"L";;;1;0;"GEM";"15084360";"Nebra (Unstrut), Stadt";"B";0;0;0;0;0;0;0;0;0;0;0;0;0;0;0;0;0;0;0;0;0;0;0;0;0;0;0;;0;;;;;;;;0;""
"L";;;4;0;"GEM";"15084360";"Nebra (Unstrut), Stadt";"";0;0;0;0;0;0;0;0;0;0;0;0;0;0;0;0;0;0;0;0;0;0;0;0;0;0;0;;0;;;;;;;;0;""
"L";;;2;0;"GEM";"15084375";"Osterfeld, Stadt";"U";0;0;0;0;0;0;0;0;0;0;0;0;0;0;0;0;0;0;0;0;0;0;0;0;0;0;0;;0;;;;;;;;0;""
"L";;;1;0;"GEM";"15084375";"Osterfeld, Stadt";"B";0;0;0;0;0;0;0;0;0;0;0;0;0;0;0;0;0;0;0;0;0;0;0;0;0;0;0;;0;;;;;;;;0;""
"L";;;3;0;"GEM";"15084375";"Osterfeld, Stadt";"";0;0;0;0;0;0;0;0;0;0;0;0;0;0;0;0;0;0;0;0;0;0;0;0;0;0;0;;0;;;;;;;;0;""
"L";;;5;0;"GEM";"15084442";"Schnaudertal";"U";0;0;0;0;0;0;0;0;0;0;0;0;0;0;0;0;0;0;0;0;0;0;0;0;0;0;0;0;;;;;;0;;0;;""
"L";;;1;0;"GEM";"15084442";"Schnaudertal";"B";0;0;0;0;0;0;0;0;0;0;0;0;0;0;0;0;0;0;0;0;0;0;0;0;0;0;0;0;;;;;;0;;0;;""
"L";;;6;0;"GEM";"15084442";"Schnaudertal";"";0;0;0;0;0;0;0;0;0;0;0;0;0;0;0;0;0;0;0;0;0;0;0;0;0;0;0;0;;;;;;0;;0;;""
"L";;;1;0;"GEM";"15084445";"Schönburg";"U";0;0;0;0;0;0;0;0;0;0;0;0;0;0;0;0;0;0;0;0;0;0;0;0;0;0;0;;0;;;;;;;;0;""
"L";;;1;0;"GEM";"15084445";"Schönburg";"B";0;0;0;0;0;0;0;0;0;0;0;0;0;0;0;0;0;0;0;0;0;0;0;0;0;0;0;;0;;;;;;;;0;""
"L";;;2;0;"GEM";"15084445";"Schönburg";"";0;0;0;0;0;0;0;0;0;0;0;0;0;0;0;0;0;0;0;0;0;0;0;0;0;0;0;;0;;;;;;;;0;""
"L";;;1;0;"GEM";"15084470";"Stößen, Stadt";"U";0;0;0;0;0;0;0;0;0;0;0;0;0;0;0;0;0;0;0;0;0;0;0;0;0;0;0;;0;;;;;;;;0;""
"L";;;1;0;"GEM";"15084470";"Stößen, Stadt";"B";0;0;0;0;0;0;0;0;0;0;0;0;0;0;0;0;0;0;0;0;0;0;0;0;0;0;0;;0;;;;;;;;0;""
"L";;;2;0;"GEM";"15084470";"Stößen, Stadt";"";0;0;0;0;0;0;0;0;0;0;0;0;0;0;0;0;0;0;0;0;0;0;0;0;0;0;0;;0;;;;;;;;0;""
"L";;;9;0;"GEM";"15084490";"Teuchern, Stadt";"U";0;0;0;0;0;0;0;0;0;0;0;0;0;0;0;0;0;0;0;0;0;0;0;0;0;0;0;;;;;;;;;;;""
"L";;;2;0;"GEM";"15084490";"Teuchern, Stadt";"B";0;0;0;0;0;0;0;0;0;0;0;0;0;0;0;0;0;0;0;0;0;0;0;0;0;0;0;;;;;;;;;;;""
"L";;;11;0;"GEM";"15084490";"Teuchern, Stadt";"";0;0;0;0;0;0;0;0;0;0;0;0;0;0;0;0;0;0;0;0;0;0;0;0;0;0;0;;;;;;;;;;;""
"L";;;32;0;"GEM";"15084550";"Weißenfels, Stadt";"U";0;0;0;0;0;0;0;0;0;0;0;0;0;0;0;0;0;0;0;0;0;0;0;0;0;0;0;;;;;;;;;;;""
"L";;;7;0;"GEM";"15084550";"Weißenfels, Stadt";"B";0;0;0;0;0;0;0;0;0;0;0;0;0;0;0;0;0;0;0;0;0;0;0;0;0;0;0;;;;;;;;;;;""
"L";;;39;0;"GEM";"15084550";"Weißenfels, Stadt";"";0;0;0;0;0;0;0;0;0;0;0;0;0;0;0;0;0;0;0;0;0;0;0;0;0;0;0;;;;;;;;;;;""
"L";;;1;0;"GEM";"15084560";"Wethau";"U";0;0;0;0;0;0;0;0;0;0;0;0;0;0;0;0;0;0;0;0;0;0;0;0;0;0;0;;0;;;;;;;;0;""
"L";;;1;0;"GEM";"15084560";"Wethau";"B";0;0;0;0;0;0;0;0;0;0;0;0;0;0;0;0;0;0;0;0;0;0;0;0;0;0;0;;0;;;;;;;;0;""
"L";;;2;0;"GEM";"15084560";"Wethau";"";0;0;0;0;0;0;0;0;0;0;0;0;0;0;0;0;0;0;0;0;0;0;0;0;0;0;0;;0;;;;;;;;0;""
"L";;;3;0;"GEM";"15084565";"Wetterzeube";"U";0;0;0;0;0;0;0;0;0;0;0;0;0;0;0;0;0;0;0;0;0;0;0;0;0;0;0;0;;;;;;0;;0;;""
"L";;;1;0;"GEM";"15084565";"Wetterzeube";"B";0;0;0;0;0;0;0;0;0;0;0;0;0;0;0;0;0;0;0;0;0;0;0;0;0;0;0;0;;;;;;0;;0;;""
"L";;;4;0;"GEM";"15084565";"Wetterzeube";"";0;0;0;0;0;0;0;0;0;0;0;0;0;0;0;0;0;0;0;0;0;0;0;0;0;0;0;0;;;;;;0;;0;;""
"L";;;26;0;"GEM";"15084590";"Zeitz, Stadt";"U";0;0;0;0;0;0;0;0;0;0;0;0;0;0;0;0;0;0;0;0;0;0;0;0;0;0;0;0;;;;;;0;;0;;""
"L";;;3;0;"GEM";"15084590";"Zeitz, Stadt";"B";0;0;0;0;0;0;0;0;0;0;0;0;0;0;0;0;0;0;0;0;0;0;0;0;0;0;0;0;;;;;;0;;0;;""
"L";;;29;0;"GEM";"15084590";"Zeitz, Stadt";"";0;0;0;0;0;0;0;0;0;0;0;0;0;0;0;0;0;0;0;0;0;0;0;0;0;0;0;0;;;;;;0;;0;;""
"L";;;7;0;"GEM";"15085040";"Ballenstedt, Stadt";"U";0;0;0;0;0;0;0;0;0;0;0;0;0;0;0;0;0;0;0;0;0;0;0;0;0;0;0;0;;;;;;0;;;0;""
"L";;;2;0;"GEM";"15085040";"Ballenstedt, Stadt";"B";0;0;0;0;0;0;0;0;0;0;0;0;0;0;0;0;0;0;0;0;0;0;0;0;0;0;0;0;;;;;;0;;;0;""
"L";;;9;0;"GEM";"15085040";"Ballenstedt, Stadt";"";0;0;0;0;0;0;0;0;0;0;0;0;0;0;0;0;0;0;0;0;0;0;0;0;0;0;0;0;;;;;;0;;;0;""
"L";;;17;0;"GEM";"15085055";"Blankenburg (Harz), Stadt";"U";0;0;0;0;0;0;0;0;0;0;0;0;0;0;0;0;0;0;0;0;0;0;0;0;0;0;0;0;;;;;;0;;;;""
"L";;;3;0;"GEM";"15085055";"Blankenburg (Harz), Stadt";"B";0;0;0;0;0;0;0;0;0;0;0;0;0;0;0;0;0;0;0;0;0;0;0;0;0;0;0;0;;;;;;0;;;;""
"L";;;20;0;"GEM";"15085055";"Blankenburg (Harz), Stadt";"";0;0;0;0;0;0;0;0;0;0;0;0;0;0;0;0;0;0;0;0;0;0;0;0;0;0;0;0;;;;;;0;;;;""
"L";;;1;0;"GEM";"15085090";"Ditfurt";"U";0;0;0;0;0;0;0;0;0;0;0;0;0;0;0;0;0;0;0;0;0;0;0;0;0;0;0;0;;;;;;0;;;0;""
"L";;;1;0;"GEM";"15085090";"Ditfurt";"B";0;0;0;0;0;0;0;0;0;0;0;0;0;0;0;0;0;0;0;0;0;0;0;0;0;0;0;0;;;;;;0;;;0;""
"L";;;2;0;"GEM";"15085090";"Ditfurt";"";0;0;0;0;0;0;0;0;0;0;0;0;0;0;0;0;0;0;0;0;0;0;0;0;0;0;0;0;;;;;;0;;;0;""
"L";;;8;0;"GEM";"15085110";"Falkenstein/Harz, Stadt";"U";0;0;0;0;0;0;0;0;0;0;0;0;0;0;0;0;0;0;0;0;0;0;0;0;0;0;0;;;;;;;0;0;;;""
"L";;;1;0;"GEM";"15085110";"Falkenstein/Harz, Stadt";"B";0;0;0;0;0;0;0;0;0;0;0;0;0;0;0;0;0;0;0;0;0;0;0;0;0;0;0;;;;;;;0;0;;;""
"L";;;9;0;"GEM";"15085110";"Falkenstein/Harz, Stadt";"";0;0;0;0;0;0;0;0;0;0;0;0;0;0;0;0;0;0;0;0;0;0;0;0;0;0;0;;;;;;;0;0;;;""
"L";;;1;0;"GEM";"15085125";"Groß Quenstedt";"U";0;0;0;0;0;0;0;0;0;0;0;0;0;0;0;0;0;0;0;0;0;0;0;0;0;0;0;0;;;;;;0;;;;""
"L";;;1;0;"GEM";"15085125";"Groß Quenstedt";"B";0;0;0;0;0;0;0;0;0;0;0;0;0;0;0;0;0;0;0;0;0;0;0;0;0;0;0;0;;;;;;0;;;;""
"L";;;2;0;"GEM";"15085125";"Groß Quenstedt";"";0;0;0;0;0;0;0;0;0;0;0;0;0;0;0;0;0;0;0;0;0;0;0;0;0;0;0;0;;;;;;0;;;;""
"L";;;23;0;"GEM";"15085135";"Halberstadt, Stadt";"U";0;0;0;0;0;0;0;0;0;0;0;0;0;0;0;0;0;0;0;0;0;0;0;0;0;0;0;0;;;;;;0;;;;""
"L";;;8;0;"GEM";"15085135";"Halberstadt, Stadt";"B";0;0;0;0;0;0;0;0;0;0;0;0;0;0;0;0;0;0;0;0;0;0;0;0;0;0;0;0;;;;;;0;;;;""
"L";;;31;0;"GEM";"15085135";"Halberstadt, Stadt";"";0;0;0;0;0;0;0;0;0;0;0;0;0;0;0;0;0;0;0;0;0;0;0;0;0;0;0;0;;;;;;0;;;;""
"L";;;1;0;"GEM";"15085140";"Harsleben";"U";0;0;0;0;0;0;0;0;0;0;0;0;0;0;0;0;0;0;0;0;0;0;0;0;0;0;0;0;;;;;;0;;;0;""
"L";;;1;0;"GEM";"15085140";"Harsleben";"B";0;0;0;0;0;0;0;0;0;0;0;0;0;0;0;0;0;0;0;0;0;0;0;0;0;0;0;0;;;;;;0;;;0;""
"L";;;2;0;"GEM";"15085140";"Harsleben";"";0;0;0;0;0;0;0;0;0;0;0;0;0;0;0;0;0;0;0;0;0;0;0;0;0;0;0;0;;;;;;0;;;0;""
"L";;;11;0;"GEM";"15085145";"Harzgerode, Stadt";"U";0;0;0;0;0;0;0;0;0;0;0;0;0;0;0;0;0;0;0;0;0;0;0;0;0;0;0;0;;;;;;0;;;;""
"L";;;2;0;"GEM";"15085145";"Harzgerode, Stadt";"B";0;0;0;0;0;0;0;0;0;0;0;0;0;0;0;0;0;0;0;0;0;0;0;0;0;0;0;0;;;;;;0;;;;""
"L";;;13;0;"GEM";"15085145";"Harzgerode, Stadt";"";0;0;0;0;0;0;0;0;0;0;0;0;0;0;0;0;0;0;0;0;0;0;0;0;0;0;0;0;;;;;;0;;;;""
"L";;;1;0;"GEM";"15085160";"Hedersleben";"U";0;0;0;0;0;0;0;0;0;0;0;0;0;0;0;0;0;0;0;0;0;0;0;0;0;0;0;0;;;;;;0;;;0;""
"L";;;1;0;"GEM";"15085160";"Hedersleben";"B";0;0;0;0;0;0;0;0;0;0;0;0;0;0;0;0;0;0;0;0;0;0;0;0;0;0;0;0;;;;;;0;;;0;""
"L";;;2;0;"GEM";"15085160";"Hedersleben";"";0;0;0;0;0;0;0;0;0;0;0;0;0;0;0;0;0;0;0;0;0;0;0;0;0;0;0;0;;;;;;0;;;0;""
"L";;;11;0;"GEM";"15085185";"Huy";"U";0;0;0;0;0;0;0;0;0;0;0;0;0;0;0;0;0;0;0;0;0;0;0;0;0;0;0;0;;;;;;0;;;;""
"L";;;1;0;"GEM";"15085185";"Huy";"B";0;0;0;0;0;0;0;0;0;0;0;0;0;0;0;0;0;0;0;0;0;0;0;0;0;0;0;0;;;;;;0;;;;""
"L";;;12;0;"GEM";"15085185";"Huy";"";0;0;0;0;0;0;0;0;0;0;0;0;0;0;0;0;0;0;0;0;0;0;0;0;0;0;0;0;;;;;;0;;;;""
"L";;;7;0;"GEM";"15085190";"Ilsenburg (Harz), Stadt";"U";0;0;0;0;0;0;0;0;0;0;0;0;0;0;0;0;0;0;0;0;0;0;0;0;0;0;0;0;;;;;;0;;;;""
"L";;;2;0;"GEM";"15085190";"Ilsenburg (Harz), Stadt";"B";0;0;0;0;0;0;0;0;0;0;0;0;0;0;0;0;0;0;0;0;0;0;0;0;0;0;0;0;;;;;;0;;;;""
"L";;;9;0;"GEM";"15085190";"Ilsenburg (Harz), Stadt";"";0;0;0;0;0;0;0;0;0;0;0;0;0;0;0;0;0;0;0;0;0;0;0;0;0;0;0;0;;;;;;0;;;;""
"L";;;8;0;"GEM";"15085227";"Nordharz";"U";0;0;0;0;0;0;0;0;0;0;0;0;0;0;0;0;0;0;0;0;0;0;0;0;0;0;0;0;;;;;;0;;;;""
"L";;;1;0;"GEM";"15085227";"Nordharz";"B";0;0;0;0;0;0;0;0;0;0;0;0;0;0;0;0;0;0;0;0;0;0;0;0;0;0;0;0;;;;;;0;;;;""
"L";;;9;0;"GEM";"15085227";"Nordharz";"";0;0;0;0;0;0;0;0;0;0;0;0;0;0;0;0;0;0;0;0;0;0;0;0;0;0;0;0;;;;;;0;;;;""
"L";;;10;0;"GEM";"15085228";"Oberharz am Brocken, Stadt";"U";0;0;0;0;0;0;0;0;0;0;0;0;0;0;0;0;0;0;0;0;0;0;0;0;0;0;0;0;;;;;;0;;;;""
"L";;;2;0;"GEM";"15085228";"Oberharz am Brocken, Stadt";"B";0;0;0;0;0;0;0;0;0;0;0;0;0;0;0;0;0;0;0;0;0;0;0;0;0;0;0;0;;;;;;0;;;;""
"L";;;12;0;"GEM";"15085228";"Oberharz am Brocken, Stadt";"";0;0;0;0;0;0;0;0;0;0;0;0;0;0;0;0;0;0;0;0;0;0;0;0;0;0;0;0;;;;;;0;;;;""
"L";;;19;0;"GEM";"15085230";"Osterwieck, Stadt";"U";0;0;0;0;0;0;0;0;0;0;0;0;0;0;0;0;0;0;0;0;0;0;0;0;0;0;0;0;;;;;;0;;;;""
"L";;;2;0;"GEM";"15085230";"Osterwieck, Stadt";"B";0;0;0;0;0;0;0;0;0;0;0;0;0;0;0;0;0;0;0;0;0;0;0;0;0;0;0;0;;;;;;0;;;;""
"L";;;21;0;"GEM";"15085230";"Osterwieck, Stadt";"";0;0;0;0;0;0;0;0;0;0;0;0;0;0;0;0;0;0;0;0;0;0;0;0;0;0;0;0;;;;;;0;;;;""
"L";;;13;0;"GEM";"15085235";"Quedlinburg, Welterbestadt";"U";0;0;0;0;0;0;0;0;0;0;0;0;0;0;0;0;0;0;0;0;0;0;0;0;0;0;0;0;;;;;;0;;;0;""
"L";;;5;0;"GEM";"15085235";"Quedlinburg, Welterbestadt";"B";0;0;0;0;0;0;0;0;0;0;0;0;0;0;0;0;0;0;0;0;0;0;0;0;0;0;0;0;;;;;;0;;;0;""
"L";;;18;0;"GEM";"15085235";"Quedlinburg, Welterbestadt";"";0;0;0;0;0;0;0;0;0;0;0;0;0;0;0;0;0;0;0;0;0;0;0;0;0;0;0;0;;;;;;0;;;0;""
"L";;;2;0;"GEM";"15085285";"Schwanebeck, Stadt";"U";0;0;0;0;0;0;0;0;0;0;0;0;0;0;0;0;0;0;0;0;0;0;0;0;0;0;0;0;;;;;;0;;;;""
"L";;;1;0;"GEM";"15085285";"Schwanebeck, Stadt";"B";0;0;0;0;0;0;0;0;0;0;0;0;0;0;0;0;0;0;0;0;0;0;0;0;0;0;0;0;;;;;;0;;;;""
"L";;;3;0;"GEM";"15085285";"Schwanebeck, Stadt";"";0;0;0;0;0;0;0;0;0;0;0;0;0;0;0;0;0;0;0;0;0;0;0;0;0;0;0;0;;;;;;0;;;;""
"L";;;3;0;"GEM";"15085287";"Selke-Aue";"U";0;0;0;0;0;0;0;0;0;0;0;0;0;0;0;0;0;0;0;0;0;0;0;0;0;0;0;0;;;;;;0;;;0;""
"L";;;1;0;"GEM";"15085287";"Selke-Aue";"B";0;0;0;0;0;0;0;0;0;0;0;0;0;0;0;0;0;0;0;0;0;0;0;0;0;0;0;0;;;;;;0;;;0;""
"L";;;4;0;"GEM";"15085287";"Selke-Aue";"";0;0;0;0;0;0;0;0;0;0;0;0;0;0;0;0;0;0;0;0;0;0;0;0;0;0;0;0;;;;;;0;;;0;""
"L";;;14;0;"GEM";"15085330";"Thale, Stadt";"U";0;0;0;0;0;0;0;0;0;0;0;0;0;0;0;0;0;0;0;0;0;0;0;0;0;0;0;0;;;;;;0;;;0;""
"L";;;4;0;"GEM";"15085330";"Thale, Stadt";"B";0;0;0;0;0;0;0;0;0;0;0;0;0;0;0;0;0;0;0;0;0;0;0;0;0;0;0;0;;;;;;0;;;0;""
"L";;;18;0;"GEM";"15085330";"Thale, Stadt";"";0;0;0;0;0;0;0;0;0;0;0;0;0;0;0;0;0;0;0;0;0;0;0;0;0;0;0;0;;;;;;0;;;0;""
"L";;;4;0;"GEM";"15085365";"Wegeleben, Stadt";"U";0;0;0;0;0;0;0;0;0;0;0;0;0;0;0;0;0;0;0;0;0;0;0;0;0;0;0;0;;;;;;0;;;0;""
"L";;;1;0;"GEM";"15085365";"Wegeleben, Stadt";"B";0;0;0;0;0;0;0;0;0;0;0;0;0;0;0;0;0;0;0;0;0;0;0;0;0;0;0;0;;;;;;0;;;0;""
"L";;;5;0;"GEM";"15085365";"Wegeleben, Stadt";"";0;0;0;0;0;0;0;0;0;0;0;0;0;0;0;0;0;0;0;0;0;0;0;0;0;0;0;0;;;;;;0;;;0;""
"L";;;20;0;"GEM";"15085370";"Wernigerode, Stadt";"U";0;0;0;0;0;0;0;0;0;0;0;0;0;0;0;0;0;0;0;0;0;0;0;0;0;0;0;0;;;;;;0;;;;""
"L";;;6;0;"GEM";"15085370";"Wernigerode, Stadt";"B";0;0;0;0;0;0;0;0;0;0;0;0;0;0;0;0;0;0;0;0;0;0;0;0;0;0;0;0;;;;;;0;;;;""
"L";;;26;0;"GEM";"15085370";"Wernigerode, Stadt";"";0;0;0;0;0;0;0;0;0;0;0;0;0;0;0;0;0;0;0;0;0;0;0;0;0;0;0;0;;;;;;0;;;;""
"L";;;6;0;"GEM";"15086005";"Biederitz";"U";0;0;0;0;0;0;0;0;0;0;0;0;0;0;0;0;0;0;0;0;0;0;0;0;0;0;0;0;;;;;;0;;;0;""
"L";;;2;0;"GEM";"15086005";"Biederitz";"B";0;0;0;0;0;0;0;0;0;0;0;0;0;0;0;0;0;0;0;0;0;0;0;0;0;0;0;0;;;;;;0;;;0;""
"L";;;8;0;"GEM";"15086005";"Biederitz";"";0;0;0;0;0;0;0;0;0;0;0;0;0;0;0;0;0;0;0;0;0;0;0;0;0;0;0;0;;;;;;0;;;0;""
"L";;;16;0;"GEM";"15086015";"Burg, Stadt";"U";0;0;0;0;0;0;0;0;0;0;0;0;0;0;0;0;0;0;0;0;0;0;0;0;0;0;0;0;;;;;;0;;;0;""
"L";;;3;0;"GEM";"15086015";"Burg, Stadt";"B";0;0;0;0;0;0;0;0;0;0;0;0;0;0;0;0;0;0;0;0;0;0;0;0;0;0;0;0;;;;;;0;;;0;""
"L";;;19;0;"GEM";"15086015";"Burg, Stadt";"";0;0;0;0;0;0;0;0;0;0;0;0;0;0;0;0;0;0;0;0;0;0;0;0;0;0;0;0;;;;;;0;;;0;""
"L";;;7;0;"GEM";"15086035";"Elbe-Parey";"U";0;0;0;0;0;0;0;0;0;0;0;0;0;0;0;0;0;0;0;0;0;0;0;0;0;0;0;;;;;;;0;;;0;""
"L";;;1;0;"GEM";"15086035";"Elbe-Parey";"B";0;0;0;0;0;0;0;0;0;0;0;0;0;0;0;0;0;0;0;0;0;0;0;0;0;0;0;;;;;;;0;;;0;""
"L";;;8;0;"GEM";"15086035";"Elbe-Parey";"";0;0;0;0;0;0;0;0;0;0;0;0;0;0;0;0;0;0;0;0;0;0;0;0;0;0;0;;;;;;;0;;;0;""
"L";;;12;0;"GEM";"15086040";"Genthin, Stadt";"U";0;0;0;0;0;0;0;0;0;0;0;0;0;0;0;0;0;0;0;0;0;0;0;0;0;0;0;;;;;;;0;;;0;""
"L";;;2;0;"GEM";"15086040";"Genthin, Stadt";"B";0;0;0;0;0;0;0;0;0;0;0;0;0;0;0;0;0;0;0;0;0;0;0;0;0;0;0;;;;;;;0;;;0;""
"L";;;14;0;"GEM";"15086040";"Genthin, Stadt";"";0;0;0;0;0;0;0;0;0;0;0;0;0;0;0;0;0;0;0;0;0;0;0;0;0;0;0;;;;;;;0;;;0;""
"L";;;14;0;"GEM";"15086055";"Gommern, Stadt";"U";0;0;0;0;0;0;0;0;0;0;0;0;0;0;0;0;0;0;0;0;0;0;0;0;0;0;0;;;;;;;;;;;""
"L";;;1;0;"GEM";"15086055";"Gommern, Stadt";"B";0;0;0;0;0;0;0;0;0;0;0;0;0;0;0;0;0;0;0;0;0;0;0;0;0;0;0;;;;;;;;;;;""
"L";;;15;0;"GEM";"15086055";"Gommern, Stadt";"";0;0;0;0;0;0;0;0;0;0;0;0;0;0;0;0;0;0;0;0;0;0;0;0;0;0;0;;;;;;;;;;;""
"L";;;12;0;"GEM";"15086080";"Jerichow, Stadt";"U";0;0;0;0;0;0;0;0;0;0;0;0;0;0;0;0;0;0;0;0;0;0;0;0;0;0;0;;;;;;;0;;;0;""
"L";;;1;0;"GEM";"15086080";"Jerichow, Stadt";"B";0;0;0;0;0;0;0;0;0;0;0;0;0;0;0;0;0;0;0;0;0;0;0;0;0;0;0;;;;;;;0;;;0;""
"L";;;13;0;"GEM";"15086080";"Jerichow, Stadt";"";0;0;0;0;0;0;0;0;0;0;0;0;0;0;0;0;0;0;0;0;0;0;0;0;0;0;0;;;;;;;0;;;0;""
"L";;;28;0;"GEM";"15086140";"Möckern, Stadt";"U";0;0;0;0;0;0;0;0;0;0;0;0;0;0;0;0;0;0;0;0;0;0;0;0;0;0;0;0;;;;;;0;;;0;""
"L";;;2;0;"GEM";"15086140";"Möckern, Stadt";"B";0;0;0;0;0;0;0;0;0;0;0;0;0;0;0;0;0;0;0;0;0;0;0;0;0;0;0;0;;;;;;0;;;0;""
"L";;;30;0;"GEM";"15086140";"Möckern, Stadt";"";0;0;0;0;0;0;0;0;0;0;0;0;0;0;0;0;0;0;0;0;0;0;0;0;0;0;0;0;;;;;;0;;;0;""
"L";;;7;0;"GEM";"15086145";"Möser";"U";0;0;0;0;0;0;0;0;0;0;0;0;0;0;0;0;0;0;0;0;0;0;0;0;0;0;0;0;;;;;;0;;;0;""
"L";;;2;0;"GEM";"15086145";"Möser";"B";0;0;0;0;0;0;0;0;0;0;0;0;0;0;0;0;0;0;0;0;0;0;0;0;0;0;0;0;;;;;;0;;;0;""
"L";;;9;0;"GEM";"15086145";"Möser";"";0;0;0;0;0;0;0;0;0;0;0;0;0;0;0;0;0;0;0;0;0;0;0;0;0;0;0;0;;;;;;0;;;0;""
"L";;;1;0;"GEM";"15087010";"Ahlsdorf";"U";0;0;0;0;0;0;0;0;0;0;0;0;0;0;0;0;0;0;0;0;0;0;0;0;0;0;0;;;;;;;;0;;;""
"L";;;1;0;"GEM";"15087010";"Ahlsdorf";"B";0;0;0;0;0;0;0;0;0;0;0;0;0;0;0;0;0;0;0;0;0;0;0;0;0;0;0;;;;;;;;0;;;""
"L";;;2;0;"GEM";"15087010";"Ahlsdorf";"";0;0;0;0;0;0;0;0;0;0;0;0;0;0;0;0;0;0;0;0;0;0;0;0;0;0;0;;;;;;;;0;;;""
"L";;;14;0;"GEM";"15087015";"Allstedt, Stadt";"U";0;0;0;0;0;0;0;0;0;0;0;0;0;0;0;0;0;0;0;0;0;0;0;0;0;0;0;;;;;;;;0;;;""
"L";;;1;0;"GEM";"15087015";"Allstedt, Stadt";"B";0;0;0;0;0;0;0;0;0;0;0;0;0;0;0;0;0;0;0;0;0;0;0;0;0;0;0;;;;;;;;0;;;""
"L";;;15;0;"GEM";"15087015";"Allstedt, Stadt";"";0;0;0;0;0;0;0;0;0;0;0;0;0;0;0;0;0;0;0;0;0;0;0;0;0;0;0;;;;;;;;0;;;""
"L";;;12;0;"GEM";"15087031";"Arnstein, Stadt";"U";0;0;0;0;0;0;0;0;0;0;0;0;0;0;0;0;0;0;0;0;0;0;0;0;0;0;0;;;;;;;0;0;;;""
"L";;;1;0;"GEM";"15087031";"Arnstein, Stadt";"B";0;0;0;0;0;0;0;0;0;0;0;0;0;0;0;0;0;0;0;0;0;0;0;0;0;0;0;;;;;;;0;0;;;""
"L";;;13;0;"GEM";"15087031";"Arnstein, Stadt";"";0;0;0;0;0;0;0;0;0;0;0;0;0;0;0;0;0;0;0;0;0;0;0;0;0;0;0;;;;;;;0;0;;;""
"L";;;1;0;"GEM";"15087045";"Benndorf";"U";0;0;0;0;0;0;0;0;0;0;0;0;0;0;0;0;0;0;0;0;0;0;0;0;0;0;0;;;;;;;;0;;;""
"L";;;1;0;"GEM";"15087045";"Benndorf";"B";0;0;0;0;0;0;0;0;0;0;0;0;0;0;0;0;0;0;0;0;0;0;0;0;0;0;0;;;;;;;;0;;;""
"L";;;2;0;"GEM";"15087045";"Benndorf";"";0;0;0;0;0;0;0;0;0;0;0;0;0;0;0;0;0;0;0;0;0;0;0;0;0;0;0;;;;;;;;0;;;""
"Z";"06.09.2026";"18:27:53";3;1;"GEM";"15087055";"Berga";"U";185;118;1;117;15;81;2;4;4;1;2;0;2;0;0;0;6;0;0;1;117;22;84;1;2;6;1;;;;;;;;1;;;""
"L";;;1;0;"GEM";"15087055";"Berga";"B";0;0;0;0;0;0;0;0;0;0;0;0;0;0;0;0;0;0;0;0;0;0;0;0;0;0;0;;;;;;;;0;;;""
"Z";"06.09.2026";"18:27:53";4;1;"GEM";"15087055";"Berga";"";185;118;1;117;15;81;2;4;4;1;2;0;2;0;0;0;6;0;0;1;117;22;84;1;2;6;1;;;;;;;;1;;;""
"L";;;1;0;"GEM";"15087070";"Blankenheim";"U";0;0;0;0;0;0;0;0;0;0;0;0;0;0;0;0;0;0;0;0;0;0;0;0;0;0;0;;;;;;;;0;;;""
"L";;;1;0;"GEM";"15087070";"Blankenheim";"B";0;0;0;0;0;0;0;0;0;0;0;0;0;0;0;0;0;0;0;0;0;0;0;0;0;0;0;;;;;;;;0;;;""
"L";;;2;0;"GEM";"15087070";"Blankenheim";"";0;0;0;0;0;0;0;0;0;0;0;0;0;0;0;0;0;0;0;0;0;0;0;0;0;0;0;;;;;;;;0;;;""
"L";;;1;0;"GEM";"15087075";"Bornstedt";"U";0;0;0;0;0;0;0;0;0;0;0;0;0;0;0;0;0;0;0;0;0;0;0;0;0;0;0;;;;;;;;0;;;""
"L";;;1;0;"GEM";"15087075";"Bornstedt";"B";0;0;0;0;0;0;0;0;0;0;0;0;0;0;0;0;0;0;0;0;0;0;0;0;0;0;0;;;;;;;;0;;;""
"L";;;2;0;"GEM";"15087075";"Bornstedt";"";0;0;0;0;0;0;0;0;0;0;0;0;0;0;0;0;0;0;0;0;0;0;0;0;0;0;0;;;;;;;;0;;;""
"L";;;2;0;"GEM";"15087101";"Brücken-Hackpfüffel";"U";0;0;0;0;0;0;0;0;0;0;0;0;0;0;0;0;0;0;0;0;0;0;0;0;0;0;0;;;;;;;;0;;;""
"L";;;1;0;"GEM";"15087101";"Brücken-Hackpfüffel";"B";0;0;0;0;0;0;0;0;0;0;0;0;0;0;0;0;0;0;0;0;0;0;0;0;0;0;0;;;;;;;;0;;;""
"L";;;3;0;"GEM";"15087101";"Brücken-Hackpfüffel";"";0;0;0;0;0;0;0;0;0;0;0;0;0;0;0;0;0;0;0;0;0;0;0;0;0;0;0;;;;;;;;0;;;""
"L";;;1;0;"GEM";"15087125";"Edersleben";"U";0;0;0;0;0;0;0;0;0;0;0;0;0;0;0;0;0;0;0;0;0;0;0;0;0;0;0;;;;;;;;0;;;""
"L";;;1;0;"GEM";"15087125";"Edersleben";"B";0;0;0;0;0;0;0;0;0;0;0;0;0;0;0;0;0;0;0;0;0;0;0;0;0;0;0;;;;;;;;0;;;""
"L";;;2;0;"GEM";"15087125";"Edersleben";"";0;0;0;0;0;0;0;0;0;0;0;0;0;0;0;0;0;0;0;0;0;0;0;0;0;0;0;;;;;;;;0;;;""
"Z";"06.09.2026";"18:30:09";21;1;"GEM";"15087130";"Eisleben, Lutherstadt";"U";176;124;1;123;13;77;11;7;2;6;0;0;1;0;0;0;6;0;0;1;123;20;81;14;4;2;1;;;;;;;;1;;;""
"L";;;3;0;"GEM";"15087130";"Eisleben, Lutherstadt";"B";0;0;0;0;0;0;0;0;0;0;0;0;0;0;0;0;0;0;0;0;0;0;0;0;0;0;0;;;;;;;;0;;;""
"Z";"06.09.2026";"18:30:09";24;1;"GEM";"15087130";"Eisleben, Lutherstadt";"";176;124;1;123;13;77;11;7;2;6;0;0;1;0;0;0;6;0;0;1;123;20;81;14;4;2;1;;;;;;;;1;;;""
"Z";"06.09.2026";"18:29:53";14;1;"GEM";"15087165";"Gerbstedt, Stadt";"U";137;92;0;92;10;57;8;6;2;5;2;0;0;1;0;0;1;0;0;2;90;17;60;4;6;2;1;;;;;;;;0;;;""
"L";;;1;0;"GEM";"15087165";"Gerbstedt, Stadt";"B";0;0;0;0;0;0;0;0;0;0;0;0;0;0;0;0;0;0;0;0;0;0;0;0;0;0;0;;;;;;;;0;;;""
"Z";"06.09.2026";"18:29:53";15;1;"GEM";"15087165";"Gerbstedt, Stadt";"";137;92;0;92;10;57;8;6;2;5;2;0;0;1;0;0;1;0;0;2;90;17;60;4;6;2;1;;;;;;;;0;;;""
"L";;;2;0;"GEM";"15087205";"Helbra";"U";0;0;0;0;0;0;0;0;0;0;0;0;0;0;0;0;0;0;0;0;0;0;0;0;0;0;0;;;;;;;;0;;;""
"L";;;1;0;"GEM";"15087205";"Helbra";"B";0;0;0;0;0;0;0;0;0;0;0;0;0;0;0;0;0;0;0;0;0;0;0;0;0;0;0;;;;;;;;0;;;""
"L";;;3;0;"GEM";"15087205";"Helbra";"";0;0;0;0;0;0;0;0;0;0;0;0;0;0;0;0;0;0;0;0;0;0;0;0;0;0;0;;;;;;;;0;;;""
"L";;;1;0;"GEM";"15087210";"Hergisdorf";"U";0;0;0;0;0;0;0;0;0;0;0;0;0;0;0;0;0;0;0;0;0;0;0;0;0;0;0;;;;;;;;0;;;""
"L";;;1;0;"GEM";"15087210";"Hergisdorf";"B";0;0;0;0;0;0;0;0;0;0;0;0;0;0;0;0;0;0;0;0;0;0;0;0;0;0;0;;;;;;;;0;;;""
"L";;;2;0;"GEM";"15087210";"Hergisdorf";"";0;0;0;0;0;0;0;0;0;0;0;0;0;0;0;0;0;0;0;0;0;0;0;0;0;0;0;;;;;;;;0;;;""
"L";;;12;0;"GEM";"15087220";"Hettstedt, Stadt";"U";0;0;0;0;0;0;0;0;0;0;0;0;0;0;0;0;0;0;0;0;0;0;0;0;0;0;0;;;;;;;;0;;;""
"L";;;3;0;"GEM";"15087220";"Hettstedt, Stadt";"B";0;0;0;0;0;0;0;0;0;0;0;0;0;0;0;0;0;0;0;0;0;0;0;0;0;0;0;;;;;;;;0;;;""
"L";;;15;0;"GEM";"15087220";"Hettstedt, Stadt";"";0;0;0;0;0;0;0;0;0;0;0;0;0;0;0;0;0;0;0;0;0;0;0;0;0;0;0;;;;;;;;0;;;""
"L";;;5;0;"GEM";"15087250";"Kelbra (Kyffhäuser), Stadt";"U";0;0;0;0;0;0;0;0;0;0;0;0;0;0;0;0;0;0;0;0;0;0;0;0;0;0;0;;;;;;;;0;;;""
"L";;;1;0;"GEM";"15087250";"Kelbra (Kyffhäuser), Stadt";"B";0;0;0;0;0;0;0;0;0;0;0;0;0;0;0;0;0;0;0;0;0;0;0;0;0;0;0;;;;;;;;0;;;""
"L";;;6;0;"GEM";"15087250";"Kelbra (Kyffhäuser), Stadt";"";0;0;0;0;0;0;0;0;0;0;0;0;0;0;0;0;0;0;0;0;0;0;0;0;0;0;0;;;;;;;;0;;;""
"L";;;1;0;"GEM";"15087260";"Klostermansfeld";"U";0;0;0;0;0;0;0;0;0;0;0;0;0;0;0;0;0;0;0;0;0;0;0;0;0;0;0;;;;;;;;0;;;""
"L";;;1;0;"GEM";"15087260";"Klostermansfeld";"B";0;0;0;0;0;0;0;0;0;0;0;0;0;0;0;0;0;0;0;0;0;0;0;0;0;0;0;;;;;;;;0;;;""
"L";;;2;0;"GEM";"15087260";"Klostermansfeld";"";0;0;0;0;0;0;0;0;0;0;0;0;0;0;0;0;0;0;0;0;0;0;0;0;0;0;0;;;;;;;;0;;;""
"L";;;16;0;"GEM";"15087275";"Mansfeld, Stadt";"U";0;0;0;0;0;0;0;0;0;0;0;0;0;0;0;0;0;0;0;0;0;0;0;0;0;0;0;;;;;;;;0;;;""
"L";;;1;0;"GEM";"15087275";"Mansfeld, Stadt";"B";0;0;0;0;0;0;0;0;0;0;0;0;0;0;0;0;0;0;0;0;0;0;0;0;0;0;0;;;;;;;;0;;;""
"L";;;17;0;"GEM";"15087275";"Mansfeld, Stadt";"";0;0;0;0;0;0;0;0;0;0;0;0;0;0;0;0;0;0;0;0;0;0;0;0;0;0;0;;;;;;;;0;;;""
"Z";"06.09.2026";"18:21:04";28;1;"GEM";"15087370";"Sangerhausen, Stadt";"U";100;76;1;75;16;52;1;3;0;1;0;0;1;0;0;0;1;0;0;1;75;16;49;2;1;6;1;;;;;;;;0;;;""
"L";;;5;0;"GEM";"15087370";"Sangerhausen, Stadt";"B";0;0;0;0;0;0;0;0;0;0;0;0;0;0;0;0;0;0;0;0;0;0;0;0;0;0;0;;;;;;;;0;;;""
"Z";"06.09.2026";"18:21:04";33;1;"GEM";"15087370";"Sangerhausen, Stadt";"";100;76;1;75;16;52;1;3;0;1;0;0;1;0;0;0;1;0;0;1;75;16;49;2;1;6;1;;;;;;;;0;;;""
"L";;;13;0;"GEM";"15087386";"Seegebiet Mansfelder Land";"U";0;0;0;0;0;0;0;0;0;0;0;0;0;0;0;0;0;0;0;0;0;0;0;0;0;0;0;;;;;;;;0;;;""
"L";;;1;0;"GEM";"15087386";"Seegebiet Mansfelder Land";"B";0;0;0;0;0;0;0;0;0;0;0;0;0;0;0;0;0;0;0;0;0;0;0;0;0;0;0;;;;;;;;0;;;""
"L";;;14;0;"GEM";"15087386";"Seegebiet Mansfelder Land";"";0;0;0;0;0;0;0;0;0;0;0;0;0;0;0;0;0;0;0;0;0;0;0;0;0;0;0;;;;;;;;0;;;""
"Z";"06.09.2026";"18:26:58";16;2;"GEM";"15087412";"Südharz";"U";193;144;0;144;15;96;9;5;1;5;2;0;1;1;0;0;8;1;0;0;144;21;97;14;8;1;1;;;;;;;;2;;;""
"L";;;2;0;"GEM";"15087412";"Südharz";"B";0;0;0;0;0;0;0;0;0;0;0;0;0;0;0;0;0;0;0;0;0;0;0;0;0;0;0;;;;;;;;0;;;""
"Z";"06.09.2026";"18:26:58";18;2;"GEM";"15087412";"Südharz";"";193;144;0;144;15;96;9;5;1;5;2;0;1;1;0;0;8;1;0;0;144;21;97;14;8;1;1;;;;;;;;2;;;""
"L";;;4;0;"GEM";"15087440";"Wallhausen";"U";0;0;0;0;0;0;0;0;0;0;0;0;0;0;0;0;0;0;0;0;0;0;0;0;0;0;0;;;;;;;;0;;;""
"L";;;1;0;"GEM";"15087440";"Wallhausen";"B";0;0;0;0;0;0;0;0;0;0;0;0;0;0;0;0;0;0;0;0;0;0;0;0;0;0;0;;;;;;;;0;;;""
"L";;;5;0;"GEM";"15087440";"Wallhausen";"";0;0;0;0;0;0;0;0;0;0;0;0;0;0;0;0;0;0;0;0;0;0;0;0;0;0;0;;;;;;;;0;;;""
"L";;;1;0;"GEM";"15087470";"Wimmelburg";"U";0;0;0;0;0;0;0;0;0;0;0;0;0;0;0;0;0;0;0;0;0;0;0;0;0;0;0;;;;;;;;0;;;""
"L";;;1;0;"GEM";"15087470";"Wimmelburg";"B";0;0;0;0;0;0;0;0;0;0;0;0;0;0;0;0;0;0;0;0;0;0;0;0;0;0;0;;;;;;;;0;;;""
"L";;;2;0;"GEM";"15087470";"Wimmelburg";"";0;0;0;0;0;0;0;0;0;0;0;0;0;0;0;0;0;0;0;0;0;0;0;0;0;0;0;;;;;;;;0;;;""
"L";;;9;0;"GEM";"15088020";"Bad Dürrenberg, Stadt";"U";0;0;0;0;0;0;0;0;0;0;0;0;0;0;0;0;0;0;0;0;0;0;0;0;0;0;0;;;;;;;0;;;;""
"L";;;1;0;"GEM";"15088020";"Bad Dürrenberg, Stadt";"B";0;0;0;0;0;0;0;0;0;0;0;0;0;0;0;0;0;0;0;0;0;0;0;0;0;0;0;;;;;;;0;;;;""
"L";;;10;0;"GEM";"15088020";"Bad Dürrenberg, Stadt";"";0;0;0;0;0;0;0;0;0;0;0;0;0;0;0;0;0;0;0;0;0;0;0;0;0;0;0;;;;;;;0;;;;""
"L";;;7;0;"GEM";"15088025";"Bad Lauchstädt, Goethestadt";"U";0;0;0;0;0;0;0;0;0;0;0;0;0;0;0;0;0;0;0;0;0;0;0;0;0;0;0;;;;;;;;0;;;""
"L";;;2;0;"GEM";"15088025";"Bad Lauchstädt, Goethestadt";"B";0;0;0;0;0;0;0;0;0;0;0;0;0;0;0;0;0;0;0;0;0;0;0;0;0;0;0;;;;;;;;0;;;""
"L";;;9;0;"GEM";"15088025";"Bad Lauchstädt, Goethestadt";"";0;0;0;0;0;0;0;0;0;0;0;0;0;0;0;0;0;0;0;0;0;0;0;0;0;0;0;;;;;;;;0;;;""
"L";;;1;0;"GEM";"15088030";"Barnstädt";"U";0;0;0;0;0;0;0;0;0;0;0;0;0;0;0;0;0;0;0;0;0;0;0;0;0;0;0;;;;;;;;0;;;""
"L";;;1;0;"GEM";"15088030";"Barnstädt";"B";0;0;0;0;0;0;0;0;0;0;0;0;0;0;0;0;0;0;0;0;0;0;0;0;0;0;0;;;;;;;;0;;;""
"L";;;2;0;"GEM";"15088030";"Barnstädt";"";0;0;0;0;0;0;0;0;0;0;0;0;0;0;0;0;0;0;0;0;0;0;0;0;0;0;0;;;;;;;;0;;;""
"L";;;10;0;"GEM";"15088065";"Braunsbedra, Stadt";"U";0;0;0;0;0;0;0;0;0;0;0;0;0;0;0;0;0;0;0;0;0;0;0;0;0;0;0;;;;;;;;;;;""
"L";;;1;0;"GEM";"15088065";"Braunsbedra, Stadt";"B";0;0;0;0;0;0;0;0;0;0;0;0;0;0;0;0;0;0;0;0;0;0;0;0;0;0;0;;;;;;;;;;;""
"L";;;11;0;"GEM";"15088065";"Braunsbedra, Stadt";"";0;0;0;0;0;0;0;0;0;0;0;0;0;0;0;0;0;0;0;0;0;0;0;0;0;0;0;;;;;;;;;;;""
"L";;;2;0;"GEM";"15088100";"Farnstädt";"U";0;0;0;0;0;0;0;0;0;0;0;0;0;0;0;0;0;0;0;0;0;0;0;0;0;0;0;;;;;;;;0;;;""
"L";;;1;0;"GEM";"15088100";"Farnstädt";"B";0;0;0;0;0;0;0;0;0;0;0;0;0;0;0;0;0;0;0;0;0;0;0;0;0;0;0;;;;;;;;0;;;""
"L";;;3;0;"GEM";"15088100";"Farnstädt";"";0;0;0;0;0;0;0;0;0;0;0;0;0;0;0;0;0;0;0;0;0;0;0;0;0;0;0;;;;;;;;0;;;""
"L";;;5;0;"GEM";"15088150";"Kabelsketal";"U";0;0;0;0;0;0;0;0;0;0;0;0;0;0;0;0;0;0;0;0;0;0;0;0;0;0;0;;;;;;;0;;;;""
"L";;;1;0;"GEM";"15088150";"Kabelsketal";"B";0;0;0;0;0;0;0;0;0;0;0;0;0;0;0;0;0;0;0;0;0;0;0;0;0;0;0;;;;;;;0;;;;""
"L";;;6;0;"GEM";"15088150";"Kabelsketal";"";0;0;0;0;0;0;0;0;0;0;0;0;0;0;0;0;0;0;0;0;0;0;0;0;0;0;0;;;;;;;0;;;;""
"L";;;17;0;"GEM";"15088195";"Landsberg, Stadt";"U";0;0;0;0;0;0;0;0;0;0;0;0;0;0;0;0;0;0;0;0;0;0;0;0;0;0;0;;;;;;;0;;;;""
"L";;;3;0;"GEM";"15088195";"Landsberg, Stadt";"B";0;0;0;0;0;0;0;0;0;0;0;0;0;0;0;0;0;0;0;0;0;0;0;0;0;0;0;;;;;;;0;;;;""
"L";;;20;0;"GEM";"15088195";"Landsberg, Stadt";"";0;0;0;0;0;0;0;0;0;0;0;0;0;0;0;0;0;0;0;0;0;0;0;0;0;0;0;;;;;;;0;;;;""
"L";;;11;0;"GEM";"15088205";"Leuna, Stadt";"U";0;0;0;0;0;0;0;0;0;0;0;0;0;0;0;0;0;0;0;0;0;0;0;0;0;0;0;;;;;;;0;;;;""
"L";;;3;0;"GEM";"15088205";"Leuna, Stadt";"B";0;0;0;0;0;0;0;0;0;0;0;0;0;0;0;0;0;0;0;0;0;0;0;0;0;0;0;;;;;;;0;;;;""
"L";;;14;0;"GEM";"15088205";"Leuna, Stadt";"";0;0;0;0;0;0;0;0;0;0;0;0;0;0;0;0;0;0;0;0;0;0;0;0;0;0;0;;;;;;;0;;;;""
"L";;;10;0;"GEM";"15088216";"Wettin-Löbejün, Stadt";"U";0;0;0;0;0;0;0;0;0;0;0;0;0;0;0;0;0;0;0;0;0;0;0;0;0;0;0;;;;;;;;0;;;""
"L";;;2;0;"GEM";"15088216";"Wettin-Löbejün, Stadt";"B";0;0;0;0;0;0;0;0;0;0;0;0;0;0;0;0;0;0;0;0;0;0;0;0;0;0;0;;;;;;;;0;;;""
"L";;;12;0;"GEM";"15088216";"Wettin-Löbejün, Stadt";"";0;0;0;0;0;0;0;0;0;0;0;0;0;0;0;0;0;0;0;0;0;0;0;0;0;0;0;;;;;;;;0;;;""
"L";;;21;0;"GEM";"15088220";"Merseburg, Stadt";"U";0;0;0;0;0;0;0;0;0;0;0;0;0;0;0;0;0;0;0;0;0;0;0;0;0;0;0;;;;;;;;;;;""
"L";;;7;0;"GEM";"15088220";"Merseburg, Stadt";"B";0;0;0;0;0;0;0;0;0;0;0;0;0;0;0;0;0;0;0;0;0;0;0;0;0;0;0;;;;;;;;;;;""
"L";;;28;0;"GEM";"15088220";"Merseburg, Stadt";"";0;0;0;0;0;0;0;0;0;0;0;0;0;0;0;0;0;0;0;0;0;0;0;0;0;0;0;;;;;;;;;;;""
"L";;;11;0;"GEM";"15088235";"Mücheln (Geiseltal), Stadt";"U";0;0;0;0;0;0;0;0;0;0;0;0;0;0;0;0;0;0;0;0;0;0;0;0;0;0;0;;;;;;;;0;;;""
"L";;;1;0;"GEM";"15088235";"Mücheln (Geiseltal), Stadt";"B";0;0;0;0;0;0;0;0;0;0;0;0;0;0;0;0;0;0;0;0;0;0;0;0;0;0;0;;;;;;;;0;;;""
"L";;;12;0;"GEM";"15088235";"Mücheln (Geiseltal), Stadt";"";0;0;0;0;0;0;0;0;0;0;0;0;0;0;0;0;0;0;0;0;0;0;0;0;0;0;0;;;;;;;;0;;;""
"L";;;1;0;"GEM";"15088250";"Nemsdorf-Göhrendorf";"U";0;0;0;0;0;0;0;0;0;0;0;0;0;0;0;0;0;0;0;0;0;0;0;0;0;0;0;;;;;;;;0;;;""
"L";;;1;0;"GEM";"15088250";"Nemsdorf-Göhrendorf";"B";0;0;0;0;0;0;0;0;0;0;0;0;0;0;0;0;0;0;0;0;0;0;0;0;0;0;0;;;;;;;;0;;;""
"L";;;2;0;"GEM";"15088250";"Nemsdorf-Göhrendorf";"";0;0;0;0;0;0;0;0;0;0;0;0;0;0;0;0;0;0;0;0;0;0;0;0;0;0;0;;;;;;;;0;;;""
"L";;;2;0;"GEM";"15088265";"Obhausen";"U";0;0;0;0;0;0;0;0;0;0;0;0;0;0;0;0;0;0;0;0;0;0;0;0;0;0;0;;;;;;;;0;;;""
"L";;;1;0;"GEM";"15088265";"Obhausen";"B";0;0;0;0;0;0;0;0;0;0;0;0;0;0;0;0;0;0;0;0;0;0;0;0;0;0;0;;;;;;;;0;;;""
"L";;;3;0;"GEM";"15088265";"Obhausen";"";0;0;0;0;0;0;0;0;0;0;0;0;0;0;0;0;0;0;0;0;0;0;0;0;0;0;0;;;;;;;;0;;;""
"L";;;11;0;"GEM";"15088295";"Petersberg";"U";0;0;0;0;0;0;0;0;0;0;0;0;0;0;0;0;0;0;0;0;0;0;0;0;0;0;0;;;;;;;0;0;;;""
"L";;;2;0;"GEM";"15088295";"Petersberg";"B";0;0;0;0;0;0;0;0;0;0;0;0;0;0;0;0;0;0;0;0;0;0;0;0;0;0;0;;;;;;;0;0;;;""
"L";;;13;0;"GEM";"15088295";"Petersberg";"";0;0;0;0;0;0;0;0;0;0;0;0;0;0;0;0;0;0;0;0;0;0;0;0;0;0;0;;;;;;;0;0;;;""
"L";;;13;0;"GEM";"15088305";"Querfurt, Stadt";"U";0;0;0;0;0;0;0;0;0;0;0;0;0;0;0;0;0;0;0;0;0;0;0;0;0;0;0;;;;;;;;0;;;""
"L";;;3;0;"GEM";"15088305";"Querfurt, Stadt";"B";0;0;0;0;0;0;0;0;0;0;0;0;0;0;0;0;0;0;0;0;0;0;0;0;0;0;0;;;;;;;;0;;;""
"L";;;16;0;"GEM";"15088305";"Querfurt, Stadt";"";0;0;0;0;0;0;0;0;0;0;0;0;0;0;0;0;0;0;0;0;0;0;0;0;0;0;0;;;;;;;;0;;;""
"L";;;9;0;"GEM";"15088319";"Salzatal";"U";0;0;0;0;0;0;0;0;0;0;0;0;0;0;0;0;0;0;0;0;0;0;0;0;0;0;0;;;;;;;;0;;;""
"L";;;2;0;"GEM";"15088319";"Salzatal";"B";0;0;0;0;0;0;0;0;0;0;0;0;0;0;0;0;0;0;0;0;0;0;0;0;0;0;0;;;;;;;;0;;;""
"L";;;11;0;"GEM";"15088319";"Salzatal";"";0;0;0;0;0;0;0;0;0;0;0;0;0;0;0;0;0;0;0;0;0;0;0;0;0;0;0;;;;;;;;0;;;""
"L";;;13;0;"GEM";"15088330";"Schkopau";"U";0;0;0;0;0;0;0;0;0;0;0;0;0;0;0;0;0;0;0;0;0;0;0;0;0;0;0;;;;;;;0;;;;""
"L";;;2;0;"GEM";"15088330";"Schkopau";"B";0;0;0;0;0;0;0;0;0;0;0;0;0;0;0;0;0;0;0;0;0;0;0;0;0;0;0;;;;;;;0;;;;""
"L";;;15;0;"GEM";"15088330";"Schkopau";"";0;0;0;0;0;0;0;0;0;0;0;0;0;0;0;0;0;0;0;0;0;0;0;0;0;0;0;;;;;;;0;;;;""
"L";;;1;0;"GEM";"15088340";"Schraplau, Stadt";"U";0;0;0;0;0;0;0;0;0;0;0;0;0;0;0;0;0;0;0;0;0;0;0;0;0;0;0;;;;;;;;0;;;""
"L";;;1;0;"GEM";"15088340";"Schraplau, Stadt";"B";0;0;0;0;0;0;0;0;0;0;0;0;0;0;0;0;0;0;0;0;0;0;0;0;0;0;0;;;;;;;;0;;;""
"L";;;2;0;"GEM";"15088340";"Schraplau, Stadt";"";0;0;0;0;0;0;0;0;0;0;0;0;0;0;0;0;0;0;0;0;0;0;0;0;0;0;0;;;;;;;;0;;;""
"L";;;2;0;"GEM";"15088355";"Steigra";"U";0;0;0;0;0;0;0;0;0;0;0;0;0;0;0;0;0;0;0;0;0;0;0;0;0;0;0;;;;;;;;0;;;""
"L";;;1;0;"GEM";"15088355";"Steigra";"B";0;0;0;0;0;0;0;0;0;0;0;0;0;0;0;0;0;0;0;0;0;0;0;0;0;0;0;;;;;;;;0;;;""
"L";;;3;0;"GEM";"15088355";"Steigra";"";0;0;0;0;0;0;0;0;0;0;0;0;0;0;0;0;0;0;0;0;0;0;0;0;0;0;0;;;;;;;;0;;;""
"L";;;13;0;"GEM";"15088365";"Teutschenthal";"U";0;0;0;0;0;0;0;0;0;0;0;0;0;0;0;0;0;0;0;0;0;0;0;0;0;0;0;;;;;;;;0;;;""
"L";;;2;0;"GEM";"15088365";"Teutschenthal";"B";0;0;0;0;0;0;0;0;0;0;0;0;0;0;0;0;0;0;0;0;0;0;0;0;0;0;0;;;;;;;;0;;;""
"L";;;15;0;"GEM";"15088365";"Teutschenthal";"";0;0;0;0;0;0;0;0;0;0;0;0;0;0;0;0;0;0;0;0;0;0;0;0;0;0;0;;;;;;;;0;;;""
"L";;;3;0;"GEM";"15089005";"Alsleben (Saale), Stadt";"U";0;0;0;0;0;0;0;0;0;0;0;0;0;0;0;0;0;0;0;0;0;0;0;0;0;0;0;;;;;;;;;;;""
"L";;;1;0;"GEM";"15089005";"Alsleben (Saale), Stadt";"B";0;0;0;0;0;0;0;0;0;0;0;0;0;0;0;0;0;0;0;0;0;0;0;0;0;0;0;;;;;;;;;;;""
"L";;;4;0;"GEM";"15089005";"Alsleben (Saale), Stadt";"";0;0;0;0;0;0;0;0;0;0;0;0;0;0;0;0;0;0;0;0;0;0;0;0;0;0;0;;;;;;;;;;;""
"L";;;23;0;"GEM";"15089015";"Aschersleben, Stadt";"U";0;0;0;0;0;0;0;0;0;0;0;0;0;0;0;0;0;0;0;0;0;0;0;0;0;0;0;;;;;;;0;0;;;""
"L";;;3;0;"GEM";"15089015";"Aschersleben, Stadt";"B";0;0;0;0;0;0;0;0;0;0;0;0;0;0;0;0;0;0;0;0;0;0;0;0;0;0;0;;;;;;;0;0;;;""
"L";;;26;0;"GEM";"15089015";"Aschersleben, Stadt";"";0;0;0;0;0;0;0;0;0;0;0;0;0;0;0;0;0;0;0;0;0;0;0;0;0;0;0;;;;;;;0;0;;;""
"L";;;13;0;"GEM";"15089026";"Barby, Stadt";"U";0;0;0;0;0;0;0;0;0;0;0;0;0;0;0;0;0;0;0;0;0;0;0;0;0;0;0;;;;;;;0;;;;""
"L";;;1;0;"GEM";"15089026";"Barby, Stadt";"B";0;0;0;0;0;0;0;0;0;0;0;0;0;0;0;0;0;0;0;0;0;0;0;0;0;0;0;;;;;;;0;;;;""
"L";;;14;0;"GEM";"15089026";"Barby, Stadt";"";0;0;0;0;0;0;0;0;0;0;0;0;0;0;0;0;0;0;0;0;0;0;0;0;0;0;0;;;;;;;0;;;;""
"L";;;23;0;"GEM";"15089030";"Bernburg (Saale), Stadt";"U";0;0;0;0;0;0;0;0;0;0;0;0;0;0;0;0;0;0;0;0;0;0;0;0;0;0;0;;;;;;;;;;;""
"L";;;4;0;"GEM";"15089030";"Bernburg (Saale), Stadt";"B";0;0;0;0;0;0;0;0;0;0;0;0;0;0;0;0;0;0;0;0;0;0;0;0;0;0;0;;;;;;;;;;;""
"L";;;27;0;"GEM";"15089030";"Bernburg (Saale), Stadt";"";0;0;0;0;0;0;0;0;0;0;0;0;0;0;0;0;0;0;0;0;0;0;0;0;0;0;0;;;;;;;;;;;""
"L";;;2;0;"GEM";"15089041";"Bördeaue";"U";0;0;0;0;0;0;0;0;0;0;0;0;0;0;0;0;0;0;0;0;0;0;0;0;0;0;0;;;;;;;0;;;;""
"L";;;1;0;"GEM";"15089041";"Bördeaue";"B";0;0;0;0;0;0;0;0;0;0;0;0;0;0;0;0;0;0;0;0;0;0;0;0;0;0;0;;;;;;;0;;;;""
"L";;;3;0;"GEM";"15089041";"Bördeaue";"";0;0;0;0;0;0;0;0;0;0;0;0;0;0;0;0;0;0;0;0;0;0;0;0;0;0;0;;;;;;;0;;;;""
"L";;;7;0;"GEM";"15089042";"Bördeland";"U";0;0;0;0;0;0;0;0;0;0;0;0;0;0;0;0;0;0;0;0;0;0;0;0;0;0;0;;;;;;;0;;;;""
"L";;;1;0;"GEM";"15089042";"Bördeland";"B";0;0;0;0;0;0;0;0;0;0;0;0;0;0;0;0;0;0;0;0;0;0;0;0;0;0;0;;;;;;;0;;;;""
"L";;;8;0;"GEM";"15089042";"Bördeland";"";0;0;0;0;0;0;0;0;0;0;0;0;0;0;0;0;0;0;0;0;0;0;0;0;0;0;0;;;;;;;0;;;;""
"L";;;3;0;"GEM";"15089043";"Börde-Hakel";"U";0;0;0;0;0;0;0;0;0;0;0;0;0;0;0;0;0;0;0;0;0;0;0;0;0;0;0;;;;;;;0;;;;""
"L";;;1;0;"GEM";"15089043";"Börde-Hakel";"B";0;0;0;0;0;0;0;0;0;0;0;0;0;0;0;0;0;0;0;0;0;0;0;0;0;0;0;;;;;;;0;;;;""
"L";;;4;0;"GEM";"15089043";"Börde-Hakel";"";0;0;0;0;0;0;0;0;0;0;0;0;0;0;0;0;0;0;0;0;0;0;0;0;0;0;0;;;;;;;0;;;;""
"L";;;1;0;"GEM";"15089045";"Borne";"U";0;0;0;0;0;0;0;0;0;0;0;0;0;0;0;0;0;0;0;0;0;0;0;0;0;0;0;;;;;;;0;;;;""
"L";;;1;0;"GEM";"15089045";"Borne";"B";0;0;0;0;0;0;0;0;0;0;0;0;0;0;0;0;0;0;0;0;0;0;0;0;0;0;0;;;;;;;0;;;;""
"L";;;2;0;"GEM";"15089045";"Borne";"";0;0;0;0;0;0;0;0;0;0;0;0;0;0;0;0;0;0;0;0;0;0;0;0;0;0;0;;;;;;;0;;;;""
"L";;;7;0;"GEM";"15089055";"Calbe (Saale), Stadt";"U";0;0;0;0;0;0;0;0;0;0;0;0;0;0;0;0;0;0;0;0;0;0;0;0;0;0;0;;;;;;;0;;;;""
"L";;;1;0;"GEM";"15089055";"Calbe (Saale), Stadt";"B";0;0;0;0;0;0;0;0;0;0;0;0;0;0;0;0;0;0;0;0;0;0;0;0;0;0;0;;;;;;;0;;;;""
"L";;;8;0;"GEM";"15089055";"Calbe (Saale), Stadt";"";0;0;0;0;0;0;0;0;0;0;0;0;0;0;0;0;0;0;0;0;0;0;0;0;0;0;0;;;;;;;0;;;;""
"L";;;3;0;"GEM";"15089075";"Egeln, Stadt";"U";0;0;0;0;0;0;0;0;0;0;0;0;0;0;0;0;0;0;0;0;0;0;0;0;0;0;0;;;;;;;0;;;;""
"L";;;1;0;"GEM";"15089075";"Egeln, Stadt";"B";0;0;0;0;0;0;0;0;0;0;0;0;0;0;0;0;0;0;0;0;0;0;0;0;0;0;0;;;;;;;0;;;;""
"L";;;4;0;"GEM";"15089075";"Egeln, Stadt";"";0;0;0;0;0;0;0;0;0;0;0;0;0;0;0;0;0;0;0;0;0;0;0;0;0;0;0;;;;;;;0;;;;""
"L";;;1;0;"GEM";"15089130";"Giersleben";"U";0;0;0;0;0;0;0;0;0;0;0;0;0;0;0;0;0;0;0;0;0;0;0;0;0;0;0;;;;;;;;;;;""
"L";;;1;0;"GEM";"15089130";"Giersleben";"B";0;0;0;0;0;0;0;0;0;0;0;0;0;0;0;0;0;0;0;0;0;0;0;0;0;0;0;;;;;;;;;;;""
"L";;;2;0;"GEM";"15089130";"Giersleben";"";0;0;0;0;0;0;0;0;0;0;0;0;0;0;0;0;0;0;0;0;0;0;0;0;0;0;0;;;;;;;;;;;""
"L";;;5;0;"GEM";"15089165";"Güsten, Stadt";"U";0;0;0;0;0;0;0;0;0;0;0;0;0;0;0;0;0;0;0;0;0;0;0;0;0;0;0;;;;;;;;;;;""
"L";;;1;0;"GEM";"15089165";"Güsten, Stadt";"B";0;0;0;0;0;0;0;0;0;0;0;0;0;0;0;0;0;0;0;0;0;0;0;0;0;0;0;;;;;;;;;;;""
"L";;;6;0;"GEM";"15089165";"Güsten, Stadt";"";0;0;0;0;0;0;0;0;0;0;0;0;0;0;0;0;0;0;0;0;0;0;0;0;0;0;0;;;;;;;;;;;""
"L";;;5;0;"GEM";"15089175";"Hecklingen, Stadt";"U";0;0;0;0;0;0;0;0;0;0;0;0;0;0;0;0;0;0;0;0;0;0;0;0;0;0;0;;;;;;;0;;;;""
"L";;;1;0;"GEM";"15089175";"Hecklingen, Stadt";"B";0;0;0;0;0;0;0;0;0;0;0;0;0;0;0;0;0;0;0;0;0;0;0;0;0;0;0;;;;;;;0;;;;""
"L";;;6;0;"GEM";"15089175";"Hecklingen, Stadt";"";0;0;0;0;0;0;0;0;0;0;0;0;0;0;0;0;0;0;0;0;0;0;0;0;0;0;0;;;;;;;0;;;;""
"L";;;1;0;"GEM";"15089185";"Ilberstedt";"U";0;0;0;0;0;0;0;0;0;0;0;0;0;0;0;0;0;0;0;0;0;0;0;0;0;0;0;;;;;;;;;;;""
"L";;;1;0;"GEM";"15089185";"Ilberstedt";"B";0;0;0;0;0;0;0;0;0;0;0;0;0;0;0;0;0;0;0;0;0;0;0;0;0;0;0;;;;;;;;;;;""
"L";;;2;0;"GEM";"15089185";"Ilberstedt";"";0;0;0;0;0;0;0;0;0;0;0;0;0;0;0;0;0;0;0;0;0;0;0;0;0;0;0;;;;;;;;;;;""
"L";;;10;0;"GEM";"15089195";"Könnern, Stadt";"U";0;0;0;0;0;0;0;0;0;0;0;0;0;0;0;0;0;0;0;0;0;0;0;0;0;0;0;;;;;;;;;;;""
"L";;;1;0;"GEM";"15089195";"Könnern, Stadt";"B";0;0;0;0;0;0;0;0;0;0;0;0;0;0;0;0;0;0;0;0;0;0;0;0;0;0;0;;;;;;;;;;;""
"L";;;11;0;"GEM";"15089195";"Könnern, Stadt";"";0;0;0;0;0;0;0;0;0;0;0;0;0;0;0;0;0;0;0;0;0;0;0;0;0;0;0;;;;;;;;;;;""
"L";;;8;0;"GEM";"15089235";"Nienburg (Saale), Stadt";"U";0;0;0;0;0;0;0;0;0;0;0;0;0;0;0;0;0;0;0;0;0;0;0;0;0;0;0;;;;;;;;;;;""
"L";;;1;0;"GEM";"15089235";"Nienburg (Saale), Stadt";"B";0;0;0;0;0;0;0;0;0;0;0;0;0;0;0;0;0;0;0;0;0;0;0;0;0;0;0;;;;;;;;;;;""
"L";;;9;0;"GEM";"15089235";"Nienburg (Saale), Stadt";"";0;0;0;0;0;0;0;0;0;0;0;0;0;0;0;0;0;0;0;0;0;0;0;0;0;0;0;;;;;;;;;;;""
"L";;;3;0;"GEM";"15089245";"Plötzkau";"U";0;0;0;0;0;0;0;0;0;0;0;0;0;0;0;0;0;0;0;0;0;0;0;0;0;0;0;;;;;;;;;;;""
"L";;;1;0;"GEM";"15089245";"Plötzkau";"B";0;0;0;0;0;0;0;0;0;0;0;0;0;0;0;0;0;0;0;0;0;0;0;0;0;0;0;;;;;;;;;;;""
"L";;;4;0;"GEM";"15089245";"Plötzkau";"";0;0;0;0;0;0;0;0;0;0;0;0;0;0;0;0;0;0;0;0;0;0;0;0;0;0;0;;;;;;;;;;;""
"L";;;23;0;"GEM";"15089305";"Schönebeck (Elbe), Stadt";"U";0;0;0;0;0;0;0;0;0;0;0;0;0;0;0;0;0;0;0;0;0;0;0;0;0;0;0;;;;;;;0;;;;""
"L";;;3;0;"GEM";"15089305";"Schönebeck (Elbe), Stadt";"B";0;0;0;0;0;0;0;0;0;0;0;0;0;0;0;0;0;0;0;0;0;0;0;0;0;0;0;;;;;;;0;;;;""
"L";;;26;0;"GEM";"15089305";"Schönebeck (Elbe), Stadt";"";0;0;0;0;0;0;0;0;0;0;0;0;0;0;0;0;0;0;0;0;0;0;0;0;0;0;0;;;;;;;0;;;;""
"L";;;6;0;"GEM";"15089307";"Seeland, Stadt";"U";0;0;0;0;0;0;0;0;0;0;0;0;0;0;0;0;0;0;0;0;0;0;0;0;0;0;0;;;;;;;0;0;;;""
"L";;;1;0;"GEM";"15089307";"Seeland, Stadt";"B";0;0;0;0;0;0;0;0;0;0;0;0;0;0;0;0;0;0;0;0;0;0;0;0;0;0;0;;;;;;;0;0;;;""
"L";;;7;0;"GEM";"15089307";"Seeland, Stadt";"";0;0;0;0;0;0;0;0;0;0;0;0;0;0;0;0;0;0;0;0;0;0;0;0;0;0;0;;;;;;;0;0;;;""
"L";;;16;0;"GEM";"15089310";"Staßfurt, Salzstadt";"U";0;0;0;0;0;0;0;0;0;0;0;0;0;0;0;0;0;0;0;0;0;0;0;0;0;0;0;;;;;;;0;;;;""
"L";;;3;0;"GEM";"15089310";"Staßfurt, Salzstadt";"B";0;0;0;0;0;0;0;0;0;0;0;0;0;0;0;0;0;0;0;0;0;0;0;0;0;0;0;;;;;;;0;;;;""
"L";;;19;0;"GEM";"15089310";"Staßfurt, Salzstadt";"";0;0;0;0;0;0;0;0;0;0;0;0;0;0;0;0;0;0;0;0;0;0;0;0;0;0;0;;;;;;;0;;;;""
"L";;;1;0;"GEM";"15089365";"Wolmirsleben";"U";0;0;0;0;0;0;0;0;0;0;0;0;0;0;0;0;0;0;0;0;0;0;0;0;0;0;0;;;;;;;0;;;;""
"L";;;1;0;"GEM";"15089365";"Wolmirsleben";"B";0;0;0;0;0;0;0;0;0;0;0;0;0;0;0;0;0;0;0;0;0;0;0;0;0;0;0;;;;;;;0;;;;""
"L";;;2;0;"GEM";"15089365";"Wolmirsleben";"";0;0;0;0;0;0;0;0;0;0;0;0;0;0;0;0;0;0;0;0;0;0;0;0;0;0;0;;;;;;;0;;;;""
"L";;;4;0;"GEM";"15090003";"Aland";"U";0;0;0;0;0;0;0;0;0;0;0;0;0;0;0;0;0;0;0;0;0;0;0;0;0;0;0;;;;;;;0;;;;""
"L";;;1;0;"GEM";"15090003";"Aland";"B";0;0;0;0;0;0;0;0;0;0;0;0;0;0;0;0;0;0;0;0;0;0;0;0;0;0;0;;;;;;;0;;;;""
"L";;;5;0;"GEM";"15090003";"Aland";"";0;0;0;0;0;0;0;0;0;0;0;0;0;0;0;0;0;0;0;0;0;0;0;0;0;0;0;;;;;;;0;;;;""
"L";;;5;0;"GEM";"15090007";"Altmärkische Höhe";"U";0;0;0;0;0;0;0;0;0;0;0;0;0;0;0;0;0;0;0;0;0;0;0;0;0;0;0;;;;;;;0;;;;""
"L";;;1;0;"GEM";"15090007";"Altmärkische Höhe";"B";0;0;0;0;0;0;0;0;0;0;0;0;0;0;0;0;0;0;0;0;0;0;0;0;0;0;0;;;;;;;0;;;;""
"L";;;6;0;"GEM";"15090007";"Altmärkische Höhe";"";0;0;0;0;0;0;0;0;0;0;0;0;0;0;0;0;0;0;0;0;0;0;0;0;0;0;0;;;;;;;0;;;;""
"Z";"06.09.2026";"18:27:58";4;2;"GEM";"15090008";"Altmärkische Wische";"U";344;215;3;212;34;117;22;13;5;7;1;0;2;1;0;1;9;0;0;3;212;40;117;24;11;6;8;;;;;;;6;;;;""
"L";;;1;0;"GEM";"15090008";"Altmärkische Wische";"B";0;0;0;0;0;0;0;0;0;0;0;0;0;0;0;0;0;0;0;0;0;0;0;0;0;0;0;;;;;;;0;;;;""
"Z";"06.09.2026";"18:27:58";5;2;"GEM";"15090008";"Altmärkische Wische";"";344;215;3;212;34;117;22;13;5;7;1;0;2;1;0;1;9;0;0;3;212;40;117;24;11;6;8;;;;;;;6;;;;""
"L";;;2;0;"GEM";"15090010";"Arneburg, Stadt";"U";0;0;0;0;0;0;0;0;0;0;0;0;0;0;0;0;0;0;0;0;0;0;0;0;0;0;0;;;;;;;0;;;;""
"L";;;1;0;"GEM";"15090010";"Arneburg, Stadt";"B";0;0;0;0;0;0;0;0;0;0;0;0;0;0;0;0;0;0;0;0;0;0;0;0;0;0;0;;;;;;;0;;;;""
"L";;;3;0;"GEM";"15090010";"Arneburg, Stadt";"";0;0;0;0;0;0;0;0;0;0;0;0;0;0;0;0;0;0;0;0;0;0;0;0;0;0;0;;;;;;;0;;;;""
"Z";"06.09.2026";"18:24:50";21;1;"GEM";"15090070";"Bismark (Altmark), Stadt";"U";96;74;2;72;11;35;6;4;3;9;0;0;0;0;0;0;2;0;2;0;74;16;35;8;8;6;1;;;;;;;0;;;;""
"L";;;2;0;"GEM";"15090070";"Bismark (Altmark), Stadt";"B";0;0;0;0;0;0;0;0;0;0;0;0;0;0;0;0;0;0;0;0;0;0;0;0;0;0;0;;;;;;;0;;;;""
"Z";"06.09.2026";"18:24:50";23;1;"GEM";"15090070";"Bismark (Altmark), Stadt";"";96;74;2;72;11;35;6;4;3;9;0;0;0;0;0;0;2;0;2;0;74;16;35;8;8;6;1;;;;;;;0;;;;""
"L";;;3;0;"GEM";"15090135";"Eichstedt (Altmark)";"U";0;0;0;0;0;0;0;0;0;0;0;0;0;0;0;0;0;0;0;0;0;0;0;0;0;0;0;;;;;;;0;;;;""
"L";;;1;0;"GEM";"15090135";"Eichstedt (Altmark)";"B";0;0;0;0;0;0;0;0;0;0;0;0;0;0;0;0;0;0;0;0;0;0;0;0;0;0;0;;;;;;;0;;;;""
"L";;;4;0;"GEM";"15090135";"Eichstedt (Altmark)";"";0;0;0;0;0;0;0;0;0;0;0;0;0;0;0;0;0;0;0;0;0;0;0;0;0;0;0;;;;;;;0;;;;""
"Z";"06.09.2026";"18:29:45";2;1;"GEM";"15090180";"Goldbeck";"U";212;119;0;119;19;55;11;5;6;10;4;0;0;0;1;1;6;0;1;1;118;19;54;22;7;9;4;;;;;;;3;;;;""
"L";;;1;0;"GEM";"15090180";"Goldbeck";"B";0;0;0;0;0;0;0;0;0;0;0;0;0;0;0;0;0;0;0;0;0;0;0;0;0;0;0;;;;;;;0;;;;""
"Z";"06.09.2026";"18:29:45";3;1;"GEM";"15090180";"Goldbeck";"";212;119;0;119;19;55;11;5;6;10;4;0;0;0;1;1;6;0;1;1;118;19;54;22;7;9;4;;;;;;;3;;;;""
"Z";"06.09.2026";"18:24:16";2;1;"GEM";"15090220";"Hassel";"U";112;76;0;76;8;44;5;6;1;2;2;0;1;0;0;0;7;0;0;0;76;9;42;8;5;2;3;;;;;;;7;;;;""
"L";;;1;0;"GEM";"15090220";"Hassel";"B";0;0;0;0;0;0;0;0;0;0;0;0;0;0;0;0;0;0;0;0;0;0;0;0;0;0;0;;;;;;;0;;;;""
"Z";"06.09.2026";"18:24:16";3;1;"GEM";"15090220";"Hassel";"";112;76;0;76;8;44;5;6;1;2;2;0;1;0;0;0;7;0;0;0;76;9;42;8;5;2;3;;;;;;;7;;;;""
"L";;;8;0;"GEM";"15090225";"Havelberg, Hansestadt";"U";0;0;0;0;0;0;0;0;0;0;0;0;0;0;0;0;0;0;0;0;0;0;0;0;0;0;0;;;;;;;0;;;;""
"L";;;2;0;"GEM";"15090225";"Havelberg, Hansestadt";"B";0;0;0;0;0;0;0;0;0;0;0;0;0;0;0;0;0;0;0;0;0;0;0;0;0;0;0;;;;;;;0;;;;""
"L";;;10;0;"GEM";"15090225";"Havelberg, Hansestadt";"";0;0;0;0;0;0;0;0;0;0;0;0;0;0;0;0;0;0;0;0;0;0;0;0;0;0;0;;;;;;;0;;;;""
"Z";"06.09.2026";"18:22:03";3;1;"GEM";"15090245";"Hohenberg-Krusemark";"U";226;144;0;144;16;89;11;11;0;7;1;1;0;0;1;0;7;0;0;0;144;18;88;19;9;0;5;;;;;;;5;;;;""
"L";;;1;0;"GEM";"15090245";"Hohenberg-Krusemark";"B";0;0;0;0;0;0;0;0;0;0;0;0;0;0;0;0;0;0;0;0;0;0;0;0;0;0;0;;;;;;;0;;;;""
"Z";"06.09.2026";"18:22:03";4;1;"GEM";"15090245";"Hohenberg-Krusemark";"";226;144;0;144;16;89;11;11;0;7;1;1;0;0;1;0;7;0;0;0;144;18;88;19;9;0;5;;;;;;;5;;;;""
"L";;;2;0;"GEM";"15090270";"Iden";"U";0;0;0;0;0;0;0;0;0;0;0;0;0;0;0;0;0;0;0;0;0;0;0;0;0;0;0;;;;;;;0;;;;""
"L";;;1;0;"GEM";"15090270";"Iden";"B";0;0;0;0;0;0;0;0;0;0;0;0;0;0;0;0;0;0;0;0;0;0;0;0;0;0;0;;;;;;;0;;;;""
"L";;;3;0;"GEM";"15090270";"Iden";"";0;0;0;0;0;0;0;0;0;0;0;0;0;0;0;0;0;0;0;0;0;0;0;0;0;0;0;;;;;;;0;;;;""
"L";;;3;0;"GEM";"15090285";"Kamern";"U";0;0;0;0;0;0;0;0;0;0;0;0;0;0;0;0;0;0;0;0;0;0;0;0;0;0;0;;;;;;;0;;;;""
"L";;;1;0;"GEM";"15090285";"Kamern";"B";0;0;0;0;0;0;0;0;0;0;0;0;0;0;0;0;0;0;0;0;0;0;0;0;0;0;0;;;;;;;0;;;;""
"L";;;4;0;"GEM";"15090285";"Kamern";"";0;0;0;0;0;0;0;0;0;0;0;0;0;0;0;0;0;0;0;0;0;0;0;0;0;0;0;;;;;;;0;;;;""
"L";;;3;0;"GEM";"15090310";"Klietz";"U";0;0;0;0;0;0;0;0;0;0;0;0;0;0;0;0;0;0;0;0;0;0;0;0;0;0;0;;;;;;;0;;;;""
"L";;;1;0;"GEM";"15090310";"Klietz";"B";0;0;0;0;0;0;0;0;0;0;0;0;0;0;0;0;0;0;0;0;0;0;0;0;0;0;0;;;;;;;0;;;;""
"L";;;4;0;"GEM";"15090310";"Klietz";"";0;0;0;0;0;0;0;0;0;0;0;0;0;0;0;0;0;0;0;0;0;0;0;0;0;0;0;;;;;;;0;;;;""
"L";;;13;0;"GEM";"15090415";"Osterburg (Altmark), Hansestadt";"U";0;0;0;0;0;0;0;0;0;0;0;0;0;0;0;0;0;0;0;0;0;0;0;0;0;0;0;;;;;;;0;;;;""
"L";;;2;0;"GEM";"15090415";"Osterburg (Altmark), Hansestadt";"B";0;0;0;0;0;0;0;0;0;0;0;0;0;0;0;0;0;0;0;0;0;0;0;0;0;0;0;;;;;;;0;;;;""
"L";;;15;0;"GEM";"15090415";"Osterburg (Altmark), Hansestadt";"";0;0;0;0;0;0;0;0;0;0;0;0;0;0;0;0;0;0;0;0;0;0;0;0;0;0;0;;;;;;;0;;;;""
"L";;;2;0;"GEM";"15090435";"Rochau";"U";0;0;0;0;0;0;0;0;0;0;0;0;0;0;0;0;0;0;0;0;0;0;0;0;0;0;0;;;;;;;0;;;;""
"L";;;1;0;"GEM";"15090435";"Rochau";"B";0;0;0;0;0;0;0;0;0;0;0;0;0;0;0;0;0;0;0;0;0;0;0;0;0;0;0;;;;;;;0;;;;""
"L";;;3;0;"GEM";"15090435";"Rochau";"";0;0;0;0;0;0;0;0;0;0;0;0;0;0;0;0;0;0;0;0;0;0;0;0;0;0;0;;;;;;;0;;;;""
"L";;;1;0;"GEM";"15090445";"Sandau (Elbe), Stadt";"U";0;0;0;0;0;0;0;0;0;0;0;0;0;0;0;0;0;0;0;0;0;0;0;0;0;0;0;;;;;;;0;;;;""
"L";;;1;0;"GEM";"15090445";"Sandau (Elbe), Stadt";"B";0;0;0;0;0;0;0;0;0;0;0;0;0;0;0;0;0;0;0;0;0;0;0;0;0;0;0;;;;;;;0;;;;""
"L";;;2;0;"GEM";"15090445";"Sandau (Elbe), Stadt";"";0;0;0;0;0;0;0;0;0;0;0;0;0;0;0;0;0;0;0;0;0;0;0;0;0;0;0;;;;;;;0;;;;""
"L";;;1;0;"GEM";"15090485";"Schollene";"U";0;0;0;0;0;0;0;0;0;0;0;0;0;0;0;0;0;0;0;0;0;0;0;0;0;0;0;;;;;;;0;;;;""
"L";;;1;0;"GEM";"15090485";"Schollene";"B";0;0;0;0;0;0;0;0;0;0;0;0;0;0;0;0;0;0;0;0;0;0;0;0;0;0;0;;;;;;;0;;;;""
"L";;;2;0;"GEM";"15090485";"Schollene";"";0;0;0;0;0;0;0;0;0;0;0;0;0;0;0;0;0;0;0;0;0;0;0;0;0;0;0;;;;;;;0;;;;""
"L";;;3;0;"GEM";"15090500";"Schönhausen (Elbe)";"U";0;0;0;0;0;0;0;0;0;0;0;0;0;0;0;0;0;0;0;0;0;0;0;0;0;0;0;;;;;;;0;;;;""
"L";;;1;0;"GEM";"15090500";"Schönhausen (Elbe)";"B";0;0;0;0;0;0;0;0;0;0;0;0;0;0;0;0;0;0;0;0;0;0;0;0;0;0;0;;;;;;;0;;;;""
"L";;;4;0;"GEM";"15090500";"Schönhausen (Elbe)";"";0;0;0;0;0;0;0;0;0;0;0;0;0;0;0;0;0;0;0;0;0;0;0;0;0;0;0;;;;;;;0;;;;""
"L";;;5;0;"GEM";"15090520";"Seehausen (Altmark), Hansestadt";"U";0;0;0;0;0;0;0;0;0;0;0;0;0;0;0;0;0;0;0;0;0;0;0;0;0;0;0;;;;;;;0;;;;""
"L";;;1;0;"GEM";"15090520";"Seehausen (Altmark), Hansestadt";"B";0;0;0;0;0;0;0;0;0;0;0;0;0;0;0;0;0;0;0;0;0;0;0;0;0;0;0;;;;;;;0;;;;""
"L";;;6;0;"GEM";"15090520";"Seehausen (Altmark), Hansestadt";"";0;0;0;0;0;0;0;0;0;0;0;0;0;0;0;0;0;0;0;0;0;0;0;0;0;0;0;;;;;;;0;;;;""
"L";;;36;0;"GEM";"15090535";"Stendal, Hansestadt";"U";0;0;0;0;0;0;0;0;0;0;0;0;0;0;0;0;0;0;0;0;0;0;0;0;0;0;0;;;;;;;0;;;;""
"L";;;6;0;"GEM";"15090535";"Stendal, Hansestadt";"B";0;0;0;0;0;0;0;0;0;0;0;0;0;0;0;0;0;0;0;0;0;0;0;0;0;0;0;;;;;;;0;;;;""
"L";;;42;0;"GEM";"15090535";"Stendal, Hansestadt";"";0;0;0;0;0;0;0;0;0;0;0;0;0;0;0;0;0;0;0;0;0;0;0;0;0;0;0;;;;;;;0;;;;""
"L";;;19;0;"GEM";"15090546";"Tangerhütte, Stadt";"U";0;0;0;0;0;0;0;0;0;0;0;0;0;0;0;0;0;0;0;0;0;0;0;0;0;0;0;;;;;;;0;;;0;""
"L";;;2;0;"GEM";"15090546";"Tangerhütte, Stadt";"B";0;0;0;0;0;0;0;0;0;0;0;0;0;0;0;0;0;0;0;0;0;0;0;0;0;0;0;;;;;;;0;;;0;""
"L";;;21;0;"GEM";"15090546";"Tangerhütte, Stadt";"";0;0;0;0;0;0;0;0;0;0;0;0;0;0;0;0;0;0;0;0;0;0;0;0;0;0;0;;;;;;;0;;;0;""
"L";;;12;0;"GEM";"15090550";"Tangermünde, Stadt";"U";0;0;0;0;0;0;0;0;0;0;0;0;0;0;0;0;0;0;0;0;0;0;0;0;0;0;0;;;;;;;0;;;0;""
"L";;;2;0;"GEM";"15090550";"Tangermünde, Stadt";"B";0;0;0;0;0;0;0;0;0;0;0;0;0;0;0;0;0;0;0;0;0;0;0;0;0;0;0;;;;;;;0;;;0;""
"L";;;14;0;"GEM";"15090550";"Tangermünde, Stadt";"";0;0;0;0;0;0;0;0;0;0;0;0;0;0;0;0;0;0;0;0;0;0;0;0;0;0;0;;;;;;;0;;;0;""
"L";;;2;0;"GEM";"15090610";"Werben (Elbe), Hansestadt";"U";0;0;0;0;0;0;0;0;0;0;0;0;0;0;0;0;0;0;0;0;0;0;0;0;0;0;0;;;;;;;0;;;;""
"L";;;1;0;"GEM";"15090610";"Werben (Elbe), Hansestadt";"B";0;0;0;0;0;0;0;0;0;0;0;0;0;0;0;0;0;0;0;0;0;0;0;0;0;0;0;;;;;;;0;;;;""
"L";;;3;0;"GEM";"15090610";"Werben (Elbe), Hansestadt";"";0;0;0;0;0;0;0;0;0;0;0;0;0;0;0;0;0;0;0;0;0;0;0;0;0;0;0;;;;;;;0;;;;""
"L";;;3;0;"GEM";"15090631";"Wust-Fischbeck";"U";0;0;0;0;0;0;0;0;0;0;0;0;0;0;0;0;0;0;0;0;0;0;0;0;0;0;0;;;;;;;0;;;;""
"L";;;1;0;"GEM";"15090631";"Wust-Fischbeck";"B";0;0;0;0;0;0;0;0;0;0;0;0;0;0;0;0;0;0;0;0;0;0;0;0;0;0;0;;;;;;;0;;;;""
"L";;;4;0;"GEM";"15090631";"Wust-Fischbeck";"";0;0;0;0;0;0;0;0;0;0;0;0;0;0;0;0;0;0;0;0;0;0;0;0;0;0;0;;;;;;;0;;;;""
"L";;;2;0;"GEM";"15090635";"Zehrental";"U";0;0;0;0;0;0;0;0;0;0;0;0;0;0;0;0;0;0;0;0;0;0;0;0;0;0;0;;;;;;;0;;;;""
"L";;;1;0;"GEM";"15090635";"Zehrental";"B";0;0;0;0;0;0;0;0;0;0;0;0;0;0;0;0;0;0;0;0;0;0;0;0;0;0;0;;;;;;;0;;;;""
"L";;;3;0;"GEM";"15090635";"Zehrental";"";0;0;0;0;0;0;0;0;0;0;0;0;0;0;0;0;0;0;0;0;0;0;0;0;0;0;0;;;;;;;0;;;;""
"L";;;12;0;"GEM";"15091010";"Annaburg, Stadt";"U";0;0;0;0;0;0;0;0;0;0;0;0;0;0;0;0;0;0;0;0;0;0;0;0;0;0;0;0;;;;;;;;;;""
"L";;;2;0;"GEM";"15091010";"Annaburg, Stadt";"B";0;0;0;0;0;0;0;0;0;0;0;0;0;0;0;0;0;0;0;0;0;0;0;0;0;0;0;0;;;;;;;;;;""
"L";;;14;0;"GEM";"15091010";"Annaburg, Stadt";"";0;0;0;0;0;0;0;0;0;0;0;0;0;0;0;0;0;0;0;0;0;0;0;0;0;0;0;0;;;;;;;;;;""
"L";;;12;0;"GEM";"15091020";"Bad Schmiedeberg, Stadt";"U";0;0;0;0;0;0;0;0;0;0;0;0;0;0;0;0;0;0;0;0;0;0;0;0;0;0;0;0;;;;;;;;;;""
"L";;;1;0;"GEM";"15091020";"Bad Schmiedeberg, Stadt";"B";0;0;0;0;0;0;0;0;0;0;0;0;0;0;0;0;0;0;0;0;0;0;0;0;0;0;0;0;;;;;;;;;;""
"L";;;13;0;"GEM";"15091020";"Bad Schmiedeberg, Stadt";"";0;0;0;0;0;0;0;0;0;0;0;0;0;0;0;0;0;0;0;0;0;0;0;0;0;0;0;0;;;;;;;;;;""
"L";;;23;0;"GEM";"15091060";"Coswig (Anhalt), Stadt";"U";0;0;0;0;0;0;0;0;0;0;0;0;0;0;0;0;0;0;0;0;0;0;0;0;0;0;0;0;;;;;0;;;;;""
"L";;;2;0;"GEM";"15091060";"Coswig (Anhalt), Stadt";"B";0;0;0;0;0;0;0;0;0;0;0;0;0;0;0;0;0;0;0;0;0;0;0;0;0;0;0;0;;;;;0;;;;;""
"L";;;25;0;"GEM";"15091060";"Coswig (Anhalt), Stadt";"";0;0;0;0;0;0;0;0;0;0;0;0;0;0;0;0;0;0;0;0;0;0;0;0;0;0;0;0;;;;;0;;;;;""
"L";;;12;0;"GEM";"15091110";"Gräfenhainichen, Stadt";"U";0;0;0;0;0;0;0;0;0;0;0;0;0;0;0;0;0;0;0;0;0;0;0;0;0;0;0;0;;;;;;;;;;""
"L";;;2;0;"GEM";"15091110";"Gräfenhainichen, Stadt";"B";0;0;0;0;0;0;0;0;0;0;0;0;0;0;0;0;0;0;0;0;0;0;0;0;0;0;0;0;;;;;;;;;;""
"L";;;14;0;"GEM";"15091110";"Gräfenhainichen, Stadt";"";0;0;0;0;0;0;0;0;0;0;0;0;0;0;0;0;0;0;0;0;0;0;0;0;0;0;0;0;;;;;;;;;;""
"L";;;21;0;"GEM";"15091145";"Jessen (Elster), Stadt";"U";0;0;0;0;0;0;0;0;0;0;0;0;0;0;0;0;0;0;0;0;0;0;0;0;0;0;0;0;;;;;;;;;;""
"L";;;2;0;"GEM";"15091145";"Jessen (Elster), Stadt";"B";0;0;0;0;0;0;0;0;0;0;0;0;0;0;0;0;0;0;0;0;0;0;0;0;0;0;0;0;;;;;;;;;;""
"L";;;23;0;"GEM";"15091145";"Jessen (Elster), Stadt";"";0;0;0;0;0;0;0;0;0;0;0;0;0;0;0;0;0;0;0;0;0;0;0;0;0;0;0;0;;;;;;;;;;""
"L";;;15;0;"GEM";"15091160";"Kemberg, Stadt";"U";0;0;0;0;0;0;0;0;0;0;0;0;0;0;0;0;0;0;0;0;0;0;0;0;0;0;0;0;;;;;;;;;;""
"L";;;2;0;"GEM";"15091160";"Kemberg, Stadt";"B";0;0;0;0;0;0;0;0;0;0;0;0;0;0;0;0;0;0;0;0;0;0;0;0;0;0;0;0;;;;;;;;;;""
"L";;;17;0;"GEM";"15091160";"Kemberg, Stadt";"";0;0;0;0;0;0;0;0;0;0;0;0;0;0;0;0;0;0;0;0;0;0;0;0;0;0;0;0;;;;;;;;;;""
"L";;;12;0;"GEM";"15091241";"Oranienbaum-Wörlitz, Stadt";"U";0;0;0;0;0;0;0;0;0;0;0;0;0;0;0;0;0;0;0;0;0;0;0;0;0;0;0;0;;;;;0;;;;;""
"L";;;2;0;"GEM";"15091241";"Oranienbaum-Wörlitz, Stadt";"B";0;0;0;0;0;0;0;0;0;0;0;0;0;0;0;0;0;0;0;0;0;0;0;0;0;0;0;0;;;;;0;;;;;""
"L";;;14;0;"GEM";"15091241";"Oranienbaum-Wörlitz, Stadt";"";0;0;0;0;0;0;0;0;0;0;0;0;0;0;0;0;0;0;0;0;0;0;0;0;0;0;0;0;;;;;0;;;;;""
"L";;;37;0;"GEM";"15091375";"Wittenberg, Lutherstadt";"U";0;0;0;0;0;0;0;0;0;0;0;0;0;0;0;0;0;0;0;0;0;0;0;0;0;0;0;0;;;;;;;;;;""
"L";;;12;0;"GEM";"15091375";"Wittenberg, Lutherstadt";"B";0;0;0;0;0;0;0;0;0;0;0;0;0;0;0;0;0;0;0;0;0;0;0;0;0;0;0;0;;;;;;;;;;""
"L";;;49;0;"GEM";"15091375";"Wittenberg, Lutherstadt";"";0;0;0;0;0;0;0;0;0;0;0;0;0;0;0;0;0;0;0;0;0;0;0;0;0;0;0;0;;;;;;;;;;""
"L";;;12;0;"GEM";"15091391";"Zahna-Elster, Stadt";"U";0;0;0;0;0;0;0;0;0;0;0;0;0;0;0;0;0;0;0;0;0;0;0;0;0;0;0;0;;;;;;;;;;""
"L";;;2;0;"GEM";"15091391";"Zahna-Elster, Stadt";"B";0;0;0;0;0;0;0;0;0;0;0;0;0;0;0;0;0;0;0;0;0;0;0;0;0;0;0;0;;;;;;;;;;""
"L";;;14;0;"GEM";"15091391";"Zahna-Elster, Stadt";"";0;0;0;0;0;0;0;0;0;0;0;0;0;0;0;0;0;0;0;0;0;0;0;0;0;0;0;0;;;;;;;;;;""
