Adresse;StimmArt;Gebietsart;Gebietsname;Nummer;OstWest;Datum;Zeit;AnzWbez;AusWbez;AusWbezp;WberIns;WberA1;WberA1p;WberA2;WberA2p;WberA3;WberA3p;Waehler;Waehlerp;WahlBr;WahlBrp;Wahlsch;Wahlschp;Gueltig;Gueltigp;Unguelt;Ungueltp;P01;P01p;P02;P02p;P03;P03p;P04;P04p;P05;P05p;P06;P06p;P07;P07p;P08;P08p;P09;P09p;P10;P10p;P11;P11p;P12;P12p;P13;P13p;P14;P14p;P15;P15p;P16;P16p;P17;P17p;P18;P18p;P19;P19p;P20;P20p;P21;P21p;P22;P22p;P23;P23p;P24;P24p;P25;P25p;P26;P26p;P27;P27p;P28;P28p;P29;P29p;P30;P30p;P31;P31p;P32;P32p;P33;P33p;P34;P34p;P35;P35p;P36;P36p;P37;P37p;P38;P38p;P39;P39p;P40;P40p;P41;P41p;P42;P42p;P43;P43p;P44;P44p;P45;P45p;P46;P46p;P47;P47p;P48;P48p;P49;P49p;P50;P50p;P51;P51p;P52;P52p;P53;P53p;P54;P54p;P55;P55p;P56;P56p;P57;P57p;P58;P58p;P59;P59p;P60;P60p;P61;P61p;P62;P62p;P63;P63p;P64;P64p;P65;P65p;P66;P66p;P67;P67p;P68;P68p;P69;P69p;P70;P70p;P71;P71p;P72;P72p;P73;P73p;P74;P74p;P75;P75p;P76;P76p;P77;P77p;P78;P78p;P79;P79p;P80;P80p;P81;P81p;P82;P82p;P83;P83p;P84;P84p;P85;P85p;P86;P86p;P87;P87p;P88;P88p;P89;P89p;P90;P90p;P91;P91p;P92;P92p;P93;P93p;P94;P94p;P95;P95p;P96;P96p;P97;P97p;P98;P98p;P99;P99p;P100;P100p;P101;P101p;P102;P102p;P103;P103p;P104;P104p;P105;P105p;P106;P106p;P107;P107p;P108;P108p;P109;P109p;P110;P110p;P111;P111p;P112;P112p;P113;P113p;P114;P114p;P115;P115p;P116;P116p;P117;P117p;P118;P118p;P119;P119p;P120;P120p
AI0101;1;Abgeordnetenhauswahlkreis;Mitte 1;0101;X;26.09.20;20:14:01;51;24;47,1;32501;20070;61,8;12431;38,2;0;0,0;10319;48,2;814;7,9;814;7,9;10182;98,7;137;1,3;1533;15,1;1155;11,3;2806;27,6;2675;26,3;783;7,7;371;3,6;0;0,0;0;0,0;485;4,8;0;0,0;0;0,0;0;0,0;0;0,0;0;0,0;0;0,0;0;0,0;0;0,0;0;0,0;0;0,0;0;0,0;0;0,0;0;0,0;0;0,0;322;3,2;0;0,0;0;0,0;0;0,0;0;0,0;0;0,0;0;0,0;0;0,0;0;0,0;52;0,5;0;0,0;0;0,0;0;0,0;0;0,0;0;0,0;0;0,0;0;0,0;0;0,0;0;0,0;0;0,0;0;0,0;0;0,0;0;0,0;0;0,0;0;0,0;0;0,0;0;0,0;0;0,0;0;0,0;0;0,0;0;0,0;0;0,0;0;0,0;0;0,0;0;0,0;0;0,0;0;0,0;0;0,0;0;0,0;0;0,0;0;0,0;0;0,0;0;0,0;0;0,0;0;0,0;0;0,0;0;0,0;0;0,0;0;0,0;0;0,0;0;0,0;0;0,0;0;0,0;0;0,0;0;0,0;0;0,0;0;0,0;0;0,0;0;0,0;0;0,0;0;0,0;0;0,0;0;0,0;0;0,0;0;0,0;0;0,0;0;0,0;0;0,0;0;0,0;0;0,0;0;0,0;0;0,0;0;0,0;0;0,0;0;0,0;0;0,0;0;0,0;0;0,0;0;0,0;0;0,0;0;0,0;0;0,0;0;0,0;0;0,0;0;0,0;0;0,0;0;0,0;0;0,0;0;0,0;0;0,0;0;0,0;0;0,0;0;0,0;0;0,0;0;0,0;0;0,0;0;0,0
AI0102;1;Abgeordnetenhauswahlkreis;Mitte 2;0102;O;26.09.20;20:14:01;51;26;51,0;33885;21829;64,4;12056;35,6;0;0,0;11186;47,4;1281;11,5;1281;11,5;10952;97,9;234;2,1;2019;18,4;1256;11,5;1892;17,3;3266;29,8;1396;12,7;254;2,3;0;0,0;0;0,0;284;2,6;0;0,0;0;0,0;0;0,0;0;0,0;0;0,0;0;0,0;0;0,0;0;0,0;0;0,0;0;0,0;0;0,0;0;0,0;0;0,0;0;0,0;585;5,3;0;0,0;0;0,0;0;0,0;0;0,0;0;0,0;0;0,0;0;0,0;0;0,0;0;0,0;0;0,0;0;0,0;0;0,0;0;0,0;0;0,0;0;0,0;0;0,0;0;0,0;0;0,0;0;0,0;0;0,0;0;0,0;0;0,0;0;0,0;0;0,0;0;0,0;0;0,0;0;0,0;0;0,0;0;0,0;0;0,0;0;0,0;0;0,0;0;0,0;0;0,0;0;0,0;0;0,0;0;0,0;0;0,0;0;0,0;0;0,0;0;0,0;0;0,0;0;0,0;0;0,0;0;0,0;0;0,0;0;0,0;0;0,0;0;0,0;0;0,0;0;0,0;0;0,0;0;0,0;0;0,0;0;0,0;0;0,0;0;0,0;0;0,0;0;0,0;0;0,0;0;0,0;0;0,0;0;0,0;0;0,0;0;0,0;0;0,0;0;0,0;0;0,0;0;0,0;0;0,0;0;0,0;0;0,0;0;0,0;0;0,0;0;0,0;0;0,0;0;0,0;0;0,0;0;0,0;0;0,0;0;0,0;0;0,0;0;0,0;0;0,0;0;0,0;0;0,0;0;0,0;0;0,0;0;0,0;0;0,0;0;0,0;0;0,0;0;0,0;0;0,0;0;0,0;0;0,0
AI0103;1;Abgeordnetenhauswahlkreis;Mitte 3;0103;W;26.09.20;20:14:01;48;23;47,9;30837;20393;66,1;10444;33,9;0;0,0;9741;52,4;1509;15,5;1509;15,5;9586;98,4;155;1,6;1558;16,3;1203;12,5;2621;27,3;2561;26,7;807;8,4;233;2,4;0;0,0;0;0,0;208;2,2;0;0,0;0;0,0;0;0,0;0;0,0;0;0,0;0;0,0;0;0,0;0;0,0;0;0,0;0;0,0;0;0,0;0;0,0;0;0,0;0;0,0;361;3,8;0;0,0;34;0,4;0;0,0;0;0,0;0;0,0;0;0,0;0;0,0;0;0,0;0;0,0;0;0,0;0;0,0;0;0,0;0;0,0;0;0,0;0;0,0;0;0,0;0;0,0;0;0,0;0;0,0;0;0,0;0;0,0;0;0,0;0;0,0;0;0,0;0;0,0;0;0,0;0;0,0;0;0,0;0;0,0;0;0,0;0;0,0;0;0,0;0;0,0;0;0,0;0;0,0;0;0,0;0;0,0;0;0,0;0;0,0;0;0,0;0;0,0;0;0,0;0;0,0;0;0,0;0;0,0;0;0,0;0;0,0;0;0,0;0;0,0;0;0,0;0;0,0;0;0,0;0;0,0;0;0,0;0;0,0;0;0,0;0;0,0;0;0,0;0;0,0;0;0,0;0;0,0;0;0,0;0;0,0;0;0,0;0;0,0;0;0,0;0;0,0;0;0,0;0;0,0;0;0,0;0;0,0;0;0,0;0;0,0;0;0,0;0;0,0;0;0,0;0;0,0;0;0,0;0;0,0;0;0,0;0;0,0;0;0,0;0;0,0;0;0,0;0;0,0;0;0,0;0;0,0;0;0,0;0;0,0;0;0,0;0;0,0;0;0,0;0;0,0;0;0,0;0;0,0;0;0,0
AI0104;1;Abgeordnetenhauswahlkreis;Mitte 4;0104;W;26.09.20;20:14:01;45;17;37,8;29424;20461;69,5;8963;30,5;0;0,0;7222;52,4;1035;14,3;1035;14,3;7116;98,5;106;1,5;685;9,6;623;8,8;2414;33,9;2256;31,7;583;8,2;106;1,5;0;0,0;76;1,1;122;1,7;0;0,0;0;0,0;0;0,0;0;0,0;0;0,0;0;0,0;0;0,0;0;0,0;0;0,0;0;0,0;0;0,0;0;0,0;0;0,0;0;0,0;251;3,5;0;0,0;0;0,0;0;0,0;0;0,0;0;0,0;0;0,0;0;0,0;0;0,0;0;0,0;0;0,0;0;0,0;0;0,0;0;0,0;0;0,0;0;0,0;0;0,0;0;0,0;0;0,0;0;0,0;0;0,0;0;0,0;0;0,0;0;0,0;0;0,0;0;0,0;0;0,0;0;0,0;0;0,0;0;0,0;0;0,0;0;0,0;0;0,0;0;0,0;0;0,0;0;0,0;0;0,0;0;0,0;0;0,0;0;0,0;0;0,0;0;0,0;0;0,0;0;0,0;0;0,0;0;0,0;0;0,0;0;0,0;0;0,0;0;0,0;0;0,0;0;0,0;0;0,0;0;0,0;0;0,0;0;0,0;0;0,0;0;0,0;0;0,0;0;0,0;0;0,0;0;0,0;0;0,0;0;0,0;0;0,0;0;0,0;0;0,0;0;0,0;0;0,0;0;0,0;0;0,0;0;0,0;0;0,0;0;0,0;0;0,0;0;0,0;0;0,0;0;0,0;0;0,0;0;0,0;0;0,0;0;0,0;0;0,0;0;0,0;0;0,0;0;0,0;0;0,0;0;0,0;0;0,0;0;0,0;0;0,0;0;0,0;0;0,0;0;0,0;0;0,0;0;0,0;0;0,0
AI0105;1;Abgeordnetenhauswahlkreis;Mitte 5;0105;W;26.09.20;20:14:01;44;20;45,5;27912;19572;70,1;8340;29,9;0;0,0;7353;44,6;918;12,5;918;12,5;7151;97,3;202;2,7;900;12,6;909;12,7;1015;14,2;2731;38,2;1033;14,4;118;1,7;0;0,0;0;0,0;96;1,3;0;0,0;0;0,0;0;0,0;0;0,0;0;0,0;0;0,0;0;0,0;0;0,0;0;0,0;0;0,0;0;0,0;0;0,0;0;0,0;0;0,0;349;4,9;0;0,0;0;0,0;0;0,0;0;0,0;0;0,0;0;0,0;0;0,0;0;0,0;0;0,0;0;0,0;0;0,0;0;0,0;0;0,0;0;0,0;0;0,0;0;0,0;0;0,0;0;0,0;0;0,0;0;0,0;0;0,0;0;0,0;0;0,0;0;0,0;0;0,0;0;0,0;0;0,0;0;0,0;0;0,0;0;0,0;0;0,0;0;0,0;0;0,0;0;0,0;0;0,0;0;0,0;0;0,0;0;0,0;0;0,0;0;0,0;0;0,0;0;0,0;0;0,0;0;0,0;0;0,0;0;0,0;0;0,0;0;0,0;0;0,0;0;0,0;0;0,0;0;0,0;0;0,0;0;0,0;0;0,0;0;0,0;0;0,0;0;0,0;0;0,0;0;0,0;0;0,0;0;0,0;0;0,0;0;0,0;0;0,0;0;0,0;0;0,0;0;0,0;0;0,0;0;0,0;0;0,0;0;0,0;0;0,0;0;0,0;0;0,0;0;0,0;0;0,0;0;0,0;0;0,0;0;0,0;0;0,0;0;0,0;0;0,0;0;0,0;0;0,0;0;0,0;0;0,0;0;0,0;0;0,0;0;0,0;0;0,0;0;0,0;0;0,0;0;0,0;0;0,0;0;0,0
AI0106;1;Abgeordnetenhauswahlkreis;Mitte 6;0106;W;26.09.20;20:14:01;44;23;52,3;28050;20730;73,9;7320;26,1;0;0,0;8810;43,1;466;5,3;466;5,3;8595;97,6;215;2,4;558;6,5;783;9,1;1677;19,5;4081;47,5;814;9,5;113;1,3;0;0,0;0;0,0;98;1,1;0;0,0;0;0,0;0;0,0;0;0,0;0;0,0;0;0,0;0;0,0;0;0,0;0;0,0;0;0,0;0;0,0;0;0,0;0;0,0;0;0,0;435;5,1;0;0,0;36;0,4;0;0,0;0;0,0;0;0,0;0;0,0;0;0,0;0;0,0;0;0,0;0;0,0;0;0,0;0;0,0;0;0,0;0;0,0;0;0,0;0;0,0;0;0,0;0;0,0;0;0,0;0;0,0;0;0,0;0;0,0;0;0,0;0;0,0;0;0,0;0;0,0;0;0,0;0;0,0;0;0,0;0;0,0;0;0,0;0;0,0;0;0,0;0;0,0;0;0,0;0;0,0;0;0,0;0;0,0;0;0,0;0;0,0;0;0,0;0;0,0;0;0,0;0;0,0;0;0,0;0;0,0;0;0,0;0;0,0;0;0,0;0;0,0;0;0,0;0;0,0;0;0,0;0;0,0;0;0,0;0;0,0;0;0,0;0;0,0;0;0,0;0;0,0;0;0,0;0;0,0;0;0,0;0;0,0;0;0,0;0;0,0;0;0,0;0;0,0;0;0,0;0;0,0;0;0,0;0;0,0;0;0,0;0;0,0;0;0,0;0;0,0;0;0,0;0;0,0;0;0,0;0;0,0;0;0,0;0;0,0;0;0,0;0;0,0;0;0,0;0;0,0;0;0,0;0;0,0;0;0,0;0;0,0;0;0,0;0;0,0;0;0,0;0;0,0;0;0,0;0;0,0
AI0107;1;Abgeordnetenhauswahlkreis;Mitte 7;0107;W;26.09.20;20:14:01;45;21;46,7;29285;21489;73,4;7796;26,6;0;0,0;7905;47,5;1098;13,9;1098;13,9;7753;98,1;152;1,9;627;8,1;893;11,5;1278;16,5;3602;46,5;685;8,8;113;1,5;0;0,0;0;0,0;176;2,3;0;0,0;0;0,0;0;0,0;0;0,0;0;0,0;0;0,0;0;0,0;0;0,0;0;0,0;0;0,0;0;0,0;0;0,0;0;0,0;0;0,0;379;4,9;0;0,0;0;0,0;0;0,0;0;0,0;0;0,0;0;0,0;0;0,0;0;0,0;0;0,0;0;0,0;0;0,0;0;0,0;0;0,0;0;0,0;0;0,0;0;0,0;0;0,0;0;0,0;0;0,0;0;0,0;0;0,0;0;0,0;0;0,0;0;0,0;0;0,0;0;0,0;0;0,0;0;0,0;0;0,0;0;0,0;0;0,0;0;0,0;0;0,0;0;0,0;0;0,0;0;0,0;0;0,0;0;0,0;0;0,0;0;0,0;0;0,0;0;0,0;0;0,0;0;0,0;0;0,0;0;0,0;0;0,0;0;0,0;0;0,0;0;0,0;0;0,0;0;0,0;0;0,0;0;0,0;0;0,0;0;0,0;0;0,0;0;0,0;0;0,0;0;0,0;0;0,0;0;0,0;0;0,0;0;0,0;0;0,0;0;0,0;0;0,0;0;0,0;0;0,0;0;0,0;0;0,0;0;0,0;0;0,0;0;0,0;0;0,0;0;0,0;0;0,0;0;0,0;0;0,0;0;0,0;0;0,0;0;0,0;0;0,0;0;0,0;0;0,0;0;0,0;0;0,0;0;0,0;0;0,0;0;0,0;0;0,0;0;0,0;0;0,0;0;0,0;0;0,0;0;0,0
AI0201;1;Abgeordnetenhauswahlkreis;Friedrichshain-Kreuzberg 1;0201;W;26.09.20;20:14:01;53;18;34,0;32832;24034;73,2;8798;26,8;0;0,0;8055;47,1;396;4,9;396;4,9;7902;98,1;153;1,9;629;8,0;837;10,6;1146;14,5;3947;49,9;569;7,2;127;1,6;0;0,0;69;0,9;115;1,5;0;0,0;0;0,0;0;0,0;0;0,0;0;0,0;0;0,0;0;0,0;0;0,0;0;0,0;0;0,0;0;0,0;0;0,0;0;0,0;0;0,0;426;5,4;0;0,0;19;0,2;0;0,0;0;0,0;0;0,0;18;0,2;0;0,0;0;0,0;0;0,0;0;0,0;0;0,0;0;0,0;0;0,0;0;0,0;0;0,0;0;0,0;0;0,0;0;0,0;0;0,0;0;0,0;0;0,0;0;0,0;0;0,0;0;0,0;0;0,0;0;0,0;0;0,0;0;0,0;0;0,0;0;0,0;0;0,0;0;0,0;0;0,0;0;0,0;0;0,0;0;0,0;0;0,0;0;0,0;0;0,0;0;0,0;0;0,0;0;0,0;0;0,0;0;0,0;0;0,0;0;0,0;0;0,0;0;0,0;0;0,0;0;0,0;0;0,0;0;0,0;0;0,0;0;0,0;0;0,0;0;0,0;0;0,0;0;0,0;0;0,0;0;0,0;0;0,0;0;0,0;0;0,0;0;0,0;0;0,0;0;0,0;0;0,0;0;0,0;0;0,0;0;0,0;0;0,0;0;0,0;0;0,0;0;0,0;0;0,0;0;0,0;0;0,0;0;0,0;0;0,0;0;0,0;0;0,0;0;0,0;0;0,0;0;0,0;0;0,0;0;0,0;0;0,0;0;0,0;0;0,0;0;0,0;0;0,0;0;0,0;0;0,0;0;0,0;0;0,0;0;0,0
AI0202;1;Abgeordnetenhauswahlkreis;Friedrichshain-Kreuzberg 2;0202;W;26.09.20;20:14:01;68;15;22,1;33942;21947;64,7;11995;35,3;0;0,0;7011;47,7;0;0,0;0;0,0;6921;98,7;90;1,3;476;6,9;659;9,5;2264;32,7;2616;37,8;301;4,3;80;1,2;73;1,1;86;1,2;153;2,2;0;0,0;0;0,0;0;0,0;0;0,0;0;0,0;0;0,0;0;0,0;0;0,0;0;0,0;0;0,0;0;0,0;0;0,0;0;0,0;0;0,0;192;2,8;0;0,0;21;0,3;0;0,0;0;0,0;0;0,0;0;0,0;0;0,0;0;0,0;0;0,0;0;0,0;0;0,0;0;0,0;0;0,0;0;0,0;0;0,0;0;0,0;0;0,0;0;0,0;0;0,0;0;0,0;0;0,0;0;0,0;0;0,0;0;0,0;0;0,0;0;0,0;0;0,0;0;0,0;0;0,0;0;0,0;0;0,0;0;0,0;0;0,0;0;0,0;0;0,0;0;0,0;0;0,0;0;0,0;0;0,0;0;0,0;0;0,0;0;0,0;0;0,0;0;0,0;0;0,0;0;0,0;0;0,0;0;0,0;0;0,0;0;0,0;0;0,0;0;0,0;0;0,0;0;0,0;0;0,0;0;0,0;0;0,0;0;0,0;0;0,0;0;0,0;0;0,0;0;0,0;0;0,0;0;0,0;0;0,0;0;0,0;0;0,0;0;0,0;0;0,0;0;0,0;0;0,0;0;0,0;0;0,0;0;0,0;0;0,0;0;0,0;0;0,0;0;0,0;0;0,0;0;0,0;0;0,0;0;0,0;0;0,0;0;0,0;0;0,0;0;0,0;0;0,0;0;0,0;0;0,0;0;0,0;0;0,0;0;0,0;0;0,0;0;0,0;0;0,0;0;0,0
AI0203;1;Abgeordnetenhauswahlkreis;Friedrichshain-Kreuzberg 3;0203;X;26.09.20;20:14:01;71;23;32,4;34765;22523;64,8;12242;35,2;0;0,0;9189;69,0;2853;31,0;2853;31,0;9085;98,9;104;1,1;887;9,8;778;8,6;2443;26,9;3568;39,3;564;6,2;144;1,6;0;0,0;125;1,4;258;2,8;0;0,0;0;0,0;0;0,0;0;0,0;0;0,0;0;0,0;0;0,0;0;0,0;0;0,0;0;0,0;0;0,0;0;0,0;0;0,0;0;0,0;247;2,7;0;0,0;21;0,2;0;0,0;0;0,0;0;0,0;0;0,0;30;0,3;0;0,0;0;0,0;0;0,0;20;0,2;0;0,0;0;0,0;0;0,0;0;0,0;0;0,0;0;0,0;0;0,0;0;0,0;0;0,0;0;0,0;0;0,0;0;0,0;0;0,0;0;0,0;0;0,0;0;0,0;0;0,0;0;0,0;0;0,0;0;0,0;0;0,0;0;0,0;0;0,0;0;0,0;0;0,0;0;0,0;0;0,0;0;0,0;0;0,0;0;0,0;0;0,0;0;0,0;0;0,0;0;0,0;0;0,0;0;0,0;0;0,0;0;0,0;0;0,0;0;0,0;0;0,0;0;0,0;0;0,0;0;0,0;0;0,0;0;0,0;0;0,0;0;0,0;0;0,0;0;0,0;0;0,0;0;0,0;0;0,0;0;0,0;0;0,0;0;0,0;0;0,0;0;0,0;0;0,0;0;0,0;0;0,0;0;0,0;0;0,0;0;0,0;0;0,0;0;0,0;0;0,0;0;0,0;0;0,0;0;0,0;0;0,0;0;0,0;0;0,0;0;0,0;0;0,0;0;0,0;0;0,0;0;0,0;0;0,0;0;0,0;0;0,0;0;0,0;0;0,0;0;0,0;0;0,0
AI0204;1;Abgeordnetenhauswahlkreis;Friedrichshain-Kreuzberg 4;0204;O;26.09.20;20:14:01;68;29;42,6;35793;23040;64,4;12753;35,6;0;0,0;11884;51,0;1760;14,8;1760;14,8;11645;98,0;239;2,0;1210;10,4;1030;8,8;2237;19,2;4553;39,1;1352;11,6;255;2,2;0;0,0;158;1,4;304;2,6;0;0,0;0;0,0;0;0,0;0;0,0;0;0,0;0;0,0;0;0,0;0;0,0;0;0,0;0;0,0;0;0,0;0;0,0;0;0,0;0;0,0;453;3,9;0;0,0;0;0,0;0;0,0;0;0,0;0;0,0;0;0,0;0;0,0;0;0,0;0;0,0;0;0,0;0;0,0;93;0,8;0;0,0;0;0,0;0;0,0;0;0,0;0;0,0;0;0,0;0;0,0;0;0,0;0;0,0;0;0,0;0;0,0;0;0,0;0;0,0;0;0,0;0;0,0;0;0,0;0;0,0;0;0,0;0;0,0;0;0,0;0;0,0;0;0,0;0;0,0;0;0,0;0;0,0;0;0,0;0;0,0;0;0,0;0;0,0;0;0,0;0;0,0;0;0,0;0;0,0;0;0,0;0;0,0;0;0,0;0;0,0;0;0,0;0;0,0;0;0,0;0;0,0;0;0,0;0;0,0;0;0,0;0;0,0;0;0,0;0;0,0;0;0,0;0;0,0;0;0,0;0;0,0;0;0,0;0;0,0;0;0,0;0;0,0;0;0,0;0;0,0;0;0,0;0;0,0;0;0,0;0;0,0;0;0,0;0;0,0;0;0,0;0;0,0;0;0,0;0;0,0;0;0,0;0;0,0;0;0,0;0;0,0;0;0,0;0;0,0;0;0,0;0;0,0;0;0,0;0;0,0;0;0,0;0;0,0;0;0,0;0;0,0;0;0,0;0;0,0;0;0,0
AI0205;1;Abgeordnetenhauswahlkreis;Friedrichshain-Kreuzberg 5;0205;O;26.09.20;20:14:01;68;27;39,7;34106;20331;59,6;13775;40,4;0;0,0;11325;52,2;1763;15,6;1763;15,6;11207;99,0;118;1,0;828;7,4;943;8,4;2904;25,9;4638;41,4;735;6,6;143;1,3;175;1,6;189;1,7;324;2,9;0;0,0;0;0,0;0;0,0;0;0,0;0;0,0;0;0,0;18;0,2;0;0,0;0;0,0;0;0,0;0;0,0;0;0,0;0;0,0;0;0,0;310;2,8;0;0,0;0;0,0;0;0,0;0;0,0;0;0,0;0;0,0;0;0,0;0;0,0;0;0,0;0;0,0;0;0,0;0;0,0;0;0,0;0;0,0;0;0,0;0;0,0;0;0,0;0;0,0;0;0,0;0;0,0;0;0,0;0;0,0;0;0,0;0;0,0;0;0,0;0;0,0;0;0,0;0;0,0;0;0,0;0;0,0;0;0,0;0;0,0;0;0,0;0;0,0;0;0,0;0;0,0;0;0,0;0;0,0;0;0,0;0;0,0;0;0,0;0;0,0;0;0,0;0;0,0;0;0,0;0;0,0;0;0,0;0;0,0;0;0,0;0;0,0;0;0,0;0;0,0;0;0,0;0;0,0;0;0,0;0;0,0;0;0,0;0;0,0;0;0,0;0;0,0;0;0,0;0;0,0;0;0,0;0;0,0;0;0,0;0;0,0;0;0,0;0;0,0;0;0,0;0;0,0;0;0,0;0;0,0;0;0,0;0;0,0;0;0,0;0;0,0;0;0,0;0;0,0;0;0,0;0;0,0;0;0,0;0;0,0;0;0,0;0;0,0;0;0,0;0;0,0;0;0,0;0;0,0;0;0,0;0;0,0;0;0,0;0;0,0;0;0,0;0;0,0;0;0,0;0;0,0
AI0301;1;Abgeordnetenhauswahlkreis;Pankow 1;0301;O;26.09.20;20:14:01;59;33;55,9;34980;23642;67,6;11338;32,4;0;0,0;13012;46,7;277;2,1;277;2,1;12721;97,8;291;2,2;3107;24,4;1039;8,2;1094;8,6;2112;16,6;4228;33,2;235;1,8;0;0,0;0;0,0;244;1,9;0;0,0;0;0,0;0;0,0;0;0,0;0;0,0;0;0,0;0;0,0;0;0,0;0;0,0;0;0,0;0;0,0;0;0,0;0;0,0;0;0,0;662;5,2;0;0,0;0;0,0;0;0,0;0;0,0;0;0,0;0;0,0;0;0,0;0;0,0;0;0,0;0;0,0;0;0,0;0;0,0;0;0,0;0;0,0;0;0,0;0;0,0;0;0,0;0;0,0;0;0,0;0;0,0;0;0,0;0;0,0;0;0,0;0;0,0;0;0,0;0;0,0;0;0,0;0;0,0;0;0,0;0;0,0;0;0,0;0;0,0;0;0,0;0;0,0;0;0,0;0;0,0;0;0,0;0;0,0;0;0,0;0;0,0;0;0,0;0;0,0;0;0,0;0;0,0;0;0,0;0;0,0;0;0,0;0;0,0;0;0,0;0;0,0;0;0,0;0;0,0;0;0,0;0;0,0;0;0,0;0;0,0;0;0,0;0;0,0;0;0,0;0;0,0;0;0,0;0;0,0;0;0,0;0;0,0;0;0,0;0;0,0;0;0,0;0;0,0;0;0,0;0;0,0;0;0,0;0;0,0;0;0,0;0;0,0;0;0,0;0;0,0;0;0,0;0;0,0;0;0,0;0;0,0;0;0,0;0;0,0;0;0,0;0;0,0;0;0,0;0;0,0;0;0,0;0;0,0;0;0,0;0;0,0;0;0,0;0;0,0;0;0,0;0;0,0;0;0,0;0;0,0
AI0302;1;Abgeordnetenhauswahlkreis;Pankow 2;0302;O;26.09.20;20:14:01;57;32;56,1;33681;21251;63,1;12430;36,9;0;0,0;12811;44,6;0;0,0;0;0,0;12536;97,9;275;2,1;2751;21,9;1210;9,7;1780;14,2;2403;19,2;3230;25,8;270;2,2;0;0,0;0;0,0;240;1,9;0;0,0;0;0,0;0;0,0;0;0,0;0;0,0;0;0,0;0;0,0;0;0,0;0;0,0;0;0,0;0;0,0;0;0,0;0;0,0;0;0,0;652;5,2;0;0,0;0;0,0;0;0,0;0;0,0;0;0,0;0;0,0;0;0,0;0;0,0;0;0,0;0;0,0;0;0,0;0;0,0;0;0,0;0;0,0;0;0,0;0;0,0;0;0,0;0;0,0;0;0,0;0;0,0;0;0,0;0;0,0;0;0,0;0;0,0;0;0,0;0;0,0;0;0,0;0;0,0;0;0,0;0;0,0;0;0,0;0;0,0;0;0,0;0;0,0;0;0,0;0;0,0;0;0,0;0;0,0;0;0,0;0;0,0;0;0,0;0;0,0;0;0,0;0;0,0;0;0,0;0;0,0;0;0,0;0;0,0;0;0,0;0;0,0;0;0,0;0;0,0;0;0,0;0;0,0;0;0,0;0;0,0;0;0,0;0;0,0;0;0,0;0;0,0;0;0,0;0;0,0;0;0,0;0;0,0;0;0,0;0;0,0;0;0,0;0;0,0;0;0,0;0;0,0;0;0,0;0;0,0;0;0,0;0;0,0;0;0,0;0;0,0;0;0,0;0;0,0;0;0,0;0;0,0;0;0,0;0;0,0;0;0,0;0;0,0;0;0,0;0;0,0;0;0,0;0;0,0;0;0,0;0;0,0;0;0,0;0;0,0;0;0,0;0;0,0;0;0,0;0;0,0
AI0303;1;Abgeordnetenhauswahlkreis;Pankow 3;0303;O;26.09.20;20:14:01;60;31;51,7;35116;21580;61,5;13536;38,5;0;0,0;11937;43,9;0;0,0;0;0,0;11755;98,5;182;1,5;1433;12,2;1185;10,1;2869;24,4;3066;26,1;2095;17,8;194;1,7;0;0,0;0;0,0;268;2,3;0;0,0;0;0,0;0;0,0;0;0,0;0;0,0;0;0,0;0;0,0;0;0,0;0;0,0;0;0,0;0;0,0;0;0,0;0;0,0;0;0,0;559;4,8;0;0,0;0;0,0;0;0,0;0;0,0;0;0,0;0;0,0;0;0,0;0;0,0;0;0,0;0;0,0;0;0,0;0;0,0;0;0,0;0;0,0;86;0,7;0;0,0;0;0,0;0;0,0;0;0,0;0;0,0;0;0,0;0;0,0;0;0,0;0;0,0;0;0,0;0;0,0;0;0,0;0;0,0;0;0,0;0;0,0;0;0,0;0;0,0;0;0,0;0;0,0;0;0,0;0;0,0;0;0,0;0;0,0;0;0,0;0;0,0;0;0,0;0;0,0;0;0,0;0;0,0;0;0,0;0;0,0;0;0,0;0;0,0;0;0,0;0;0,0;0;0,0;0;0,0;0;0,0;0;0,0;0;0,0;0;0,0;0;0,0;0;0,0;0;0,0;0;0,0;0;0,0;0;0,0;0;0,0;0;0,0;0;0,0;0;0,0;0;0,0;0;0,0;0;0,0;0;0,0;0;0,0;0;0,0;0;0,0;0;0,0;0;0,0;0;0,0;0;0,0;0;0,0;0;0,0;0;0,0;0;0,0;0;0,0;0;0,0;0;0,0;0;0,0;0;0,0;0;0,0;0;0,0;0;0,0;0;0,0;0;0,0;0;0,0;0;0,0;0;0,0;0;0,0;0;0,0
AI0304;1;Abgeordnetenhauswahlkreis;Pankow 4;0304;O;26.09.20;20:14:01;50;26;52,0;29178;19220;65,9;9958;34,1;0;0,0;10224;48,4;767;7,5;767;7,5;10004;97,8;220;2,2;1588;15,9;1176;11,8;1112;11,1;2109;21,1;2772;27,7;178;1,8;317;3,2;0;0,0;188;1,9;0;0,0;0;0,0;0;0,0;0;0,0;0;0,0;0;0,0;0;0,0;0;0,0;0;0,0;0;0,0;0;0,0;0;0,0;0;0,0;0;0,0;564;5,6;0;0,0;0;0,0;0;0,0;0;0,0;0;0,0;0;0,0;0;0,0;0;0,0;0;0,0;0;0,0;0;0,0;0;0,0;0;0,0;0;0,0;0;0,0;0;0,0;0;0,0;0;0,0;0;0,0;0;0,0;0;0,0;0;0,0;0;0,0;0;0,0;0;0,0;0;0,0;0;0,0;0;0,0;0;0,0;0;0,0;0;0,0;0;0,0;0;0,0;0;0,0;0;0,0;0;0,0;0;0,0;0;0,0;0;0,0;0;0,0;0;0,0;0;0,0;0;0,0;0;0,0;0;0,0;0;0,0;0;0,0;0;0,0;0;0,0;0;0,0;0;0,0;0;0,0;0;0,0;0;0,0;0;0,0;0;0,0;0;0,0;0;0,0;0;0,0;0;0,0;0;0,0;0;0,0;0;0,0;0;0,0;0;0,0;0;0,0;0;0,0;0;0,0;0;0,0;0;0,0;0;0,0;0;0,0;0;0,0;0;0,0;0;0,0;0;0,0;0;0,0;0;0,0;0;0,0;0;0,0;0;0,0;0;0,0;0;0,0;0;0,0;0;0,0;0;0,0;0;0,0;0;0,0;0;0,0;0;0,0;0;0,0;0;0,0;0;0,0;0;0,0;0;0,0;0;0,0
AI0305;1;Abgeordnetenhauswahlkreis;Pankow 5;0305;O;26.09.20;20:14:01;51;26;51,0;31445;19496;62,0;11949;38,0;0;0,0;10162;43,5;0;0,0;0;0,0;9952;97,9;210;2,1;1095;11,0;986;9,9;1926;19,4;2764;27,8;2198;22,1;188;1,9;0;0,0;0;0,0;237;2,4;0;0,0;0;0,0;0;0,0;0;0,0;0;0,0;0;0,0;0;0,0;0;0,0;0;0,0;0;0,0;0;0,0;0;0,0;0;0,0;0;0,0;558;5,6;0;0,0;0;0,0;0;0,0;0;0,0;0;0,0;0;0,0;0;0,0;0;0,0;0;0,0;0;0,0;0;0,0;0;0,0;0;0,0;0;0,0;0;0,0;0;0,0;0;0,0;0;0,0;0;0,0;0;0,0;0;0,0;0;0,0;0;0,0;0;0,0;0;0,0;0;0,0;0;0,0;0;0,0;0;0,0;0;0,0;0;0,0;0;0,0;0;0,0;0;0,0;0;0,0;0;0,0;0;0,0;0;0,0;0;0,0;0;0,0;0;0,0;0;0,0;0;0,0;0;0,0;0;0,0;0;0,0;0;0,0;0;0,0;0;0,0;0;0,0;0;0,0;0;0,0;0;0,0;0;0,0;0;0,0;0;0,0;0;0,0;0;0,0;0;0,0;0;0,0;0;0,0;0;0,0;0;0,0;0;0,0;0;0,0;0;0,0;0;0,0;0;0,0;0;0,0;0;0,0;0;0,0;0;0,0;0;0,0;0;0,0;0;0,0;0;0,0;0;0,0;0;0,0;0;0,0;0;0,0;0;0,0;0;0,0;0;0,0;0;0,0;0;0,0;0;0,0;0;0,0;0;0,0;0;0,0;0;0,0;0;0,0;0;0,0;0;0,0;0;0,0;0;0,0;0;0,0
AI0306;1;Abgeordnetenhauswahlkreis;Pankow 6;0306;O;26.09.20;20:14:01;56;26;46,4;32268;19003;58,9;13265;41,1;0;0,0;10768;47,1;384;3,6;384;3,6;10665;99,0;103;1,0;1001;9,4;1534;14,4;3088;29,0;3558;33,4;681;6,4;167;1,6;0;0,0;0;0,0;317;3,0;0;0,0;0;0,0;0;0,0;0;0,0;0;0,0;0;0,0;0;0,0;0;0,0;0;0,0;0;0,0;0;0,0;0;0,0;0;0,0;0;0,0;319;3,0;0;0,0;0;0,0;0;0,0;0;0,0;0;0,0;0;0,0;0;0,0;0;0,0;0;0,0;0;0,0;0;0,0;0;0,0;0;0,0;0;0,0;0;0,0;0;0,0;0;0,0;0;0,0;0;0,0;0;0,0;0;0,0;0;0,0;0;0,0;0;0,0;0;0,0;0;0,0;0;0,0;0;0,0;0;0,0;0;0,0;0;0,0;0;0,0;0;0,0;0;0,0;0;0,0;0;0,0;0;0,0;0;0,0;0;0,0;0;0,0;0;0,0;0;0,0;0;0,0;0;0,0;0;0,0;0;0,0;0;0,0;0;0,0;0;0,0;0;0,0;0;0,0;0;0,0;0;0,0;0;0,0;0;0,0;0;0,0;0;0,0;0;0,0;0;0,0;0;0,0;0;0,0;0;0,0;0;0,0;0;0,0;0;0,0;0;0,0;0;0,0;0;0,0;0;0,0;0;0,0;0;0,0;0;0,0;0;0,0;0;0,0;0;0,0;0;0,0;0;0,0;0;0,0;0;0,0;0;0,0;0;0,0;0;0,0;0;0,0;0;0,0;0;0,0;0;0,0;0;0,0;0;0,0;0;0,0;0;0,0;0;0,0;0;0,0;0;0,0;0;0,0;0;0,0;0;0,0
AI0307;1;Abgeordnetenhauswahlkreis;Pankow 7;0307;O;26.09.20;20:14:01;52;26;50,0;30377;19066;62,8;11311;37,2;0;0,0;10554;47,3;513;4,9;513;4,9;10417;98,7;137;1,3;1030;9,9;927;8,9;2468;23,7;3311;31,8;1581;15,2;176;1,7;224;2,2;0;0,0;237;2,3;0;0,0;0;0,0;0;0,0;0;0,0;0;0,0;0;0,0;0;0,0;0;0,0;0;0,0;0;0,0;0;0,0;0;0,0;0;0,0;0;0,0;463;4,4;0;0,0;0;0,0;0;0,0;0;0,0;0;0,0;0;0,0;0;0,0;0;0,0;0;0,0;0;0,0;0;0,0;0;0,0;0;0,0;0;0,0;0;0,0;0;0,0;0;0,0;0;0,0;0;0,0;0;0,0;0;0,0;0;0,0;0;0,0;0;0,0;0;0,0;0;0,0;0;0,0;0;0,0;0;0,0;0;0,0;0;0,0;0;0,0;0;0,0;0;0,0;0;0,0;0;0,0;0;0,0;0;0,0;0;0,0;0;0,0;0;0,0;0;0,0;0;0,0;0;0,0;0;0,0;0;0,0;0;0,0;0;0,0;0;0,0;0;0,0;0;0,0;0;0,0;0;0,0;0;0,0;0;0,0;0;0,0;0;0,0;0;0,0;0;0,0;0;0,0;0;0,0;0;0,0;0;0,0;0;0,0;0;0,0;0;0,0;0;0,0;0;0,0;0;0,0;0;0,0;0;0,0;0;0,0;0;0,0;0;0,0;0;0,0;0;0,0;0;0,0;0;0,0;0;0,0;0;0,0;0;0,0;0;0,0;0;0,0;0;0,0;0;0,0;0;0,0;0;0,0;0;0,0;0;0,0;0;0,0;0;0,0;0;0,0;0;0,0;0;0,0;0;0,0;0;0,0
AI0308;1;Abgeordnetenhauswahlkreis;Pankow 8;0308;O;26.09.20;20:14:01;50;19;38,0;30301;17841;58,9;12460;41,1;0;0,0;7922;45,2;0;0,0;0;0,0;7843;99,0;79;1,0;839;10,7;750;9,6;2626;33,5;2206;28,1;569;7,3;171;2,2;0;0,0;0;0,0;371;4,7;0;0,0;0;0,0;0;0,0;0;0,0;0;0,0;0;0,0;0;0,0;0;0,0;0;0,0;0;0,0;0;0,0;0;0,0;0;0,0;0;0,0;296;3,8;0;0,0;0;0,0;0;0,0;0;0,0;15;0,2;0;0,0;0;0,0;0;0,0;0;0,0;0;0,0;0;0,0;0;0,0;0;0,0;0;0,0;0;0,0;0;0,0;0;0,0;0;0,0;0;0,0;0;0,0;0;0,0;0;0,0;0;0,0;0;0,0;0;0,0;0;0,0;0;0,0;0;0,0;0;0,0;0;0,0;0;0,0;0;0,0;0;0,0;0;0,0;0;0,0;0;0,0;0;0,0;0;0,0;0;0,0;0;0,0;0;0,0;0;0,0;0;0,0;0;0,0;0;0,0;0;0,0;0;0,0;0;0,0;0;0,0;0;0,0;0;0,0;0;0,0;0;0,0;0;0,0;0;0,0;0;0,0;0;0,0;0;0,0;0;0,0;0;0,0;0;0,0;0;0,0;0;0,0;0;0,0;0;0,0;0;0,0;0;0,0;0;0,0;0;0,0;0;0,0;0;0,0;0;0,0;0;0,0;0;0,0;0;0,0;0;0,0;0;0,0;0;0,0;0;0,0;0;0,0;0;0,0;0;0,0;0;0,0;0;0,0;0;0,0;0;0,0;0;0,0;0;0,0;0;0,0;0;0,0;0;0,0;0;0,0;0;0,0;0;0,0;0;0,0;0;0,0
AI0309;1;Abgeordnetenhauswahlkreis;Pankow 9;0309;O;26.09.20;20:14:01;58;28;48,3;34144;21516;63,0;12628;37,0;0;0,0;10712;44,3;0;0,0;0;0,0;10527;98,3;185;1,7;931;8,8;2435;23,1;1628;15,5;3076;29,2;1545;14,7;167;1,6;0;0,0;0;0,0;275;2,6;0;0,0;0;0,0;0;0,0;0;0,0;0;0,0;0;0,0;0;0,0;0;0,0;0;0,0;0;0,0;0;0,0;0;0,0;0;0,0;0;0,0;470;4,5;0;0,0;0;0,0;0;0,0;0;0,0;0;0,0;0;0,0;0;0,0;0;0,0;0;0,0;0;0,0;0;0,0;0;0,0;0;0,0;0;0,0;0;0,0;0;0,0;0;0,0;0;0,0;0;0,0;0;0,0;0;0,0;0;0,0;0;0,0;0;0,0;0;0,0;0;0,0;0;0,0;0;0,0;0;0,0;0;0,0;0;0,0;0;0,0;0;0,0;0;0,0;0;0,0;0;0,0;0;0,0;0;0,0;0;0,0;0;0,0;0;0,0;0;0,0;0;0,0;0;0,0;0;0,0;0;0,0;0;0,0;0;0,0;0;0,0;0;0,0;0;0,0;0;0,0;0;0,0;0;0,0;0;0,0;0;0,0;0;0,0;0;0,0;0;0,0;0;0,0;0;0,0;0;0,0;0;0,0;0;0,0;0;0,0;0;0,0;0;0,0;0;0,0;0;0,0;0;0,0;0;0,0;0;0,0;0;0,0;0;0,0;0;0,0;0;0,0;0;0,0;0;0,0;0;0,0;0;0,0;0;0,0;0;0,0;0;0,0;0;0,0;0;0,0;0;0,0;0;0,0;0;0,0;0;0,0;0;0,0;0;0,0;0;0,0;0;0,0;0;0,0;0;0,0;0;0,0
AI0401;1;Abgeordnetenhauswahlkreis;Charlottenburg-Wilmersdorf 1;0401;W;26.09.20;20:14:01;43;26;60,5;28767;19861;69,0;8906;31,0;0;0,0;11264;54,5;2646;23,5;2646;23,5;11050;98,1;214;1,9;1739;15,7;2283;20,7;1368;12,4;2924;26,5;1579;14,3;278;2,5;233;2,1;0;0,0;192;1,7;0;0,0;0;0,0;0;0,0;0;0,0;0;0,0;0;0,0;0;0,0;0;0,0;0;0,0;0;0,0;0;0,0;0;0,0;0;0,0;0;0,0;454;4,1;0;0,0;0;0,0;0;0,0;0;0,0;0;0,0;0;0,0;0;0,0;0;0,0;0;0,0;0;0,0;0;0,0;0;0,0;0;0,0;0;0,0;0;0,0;0;0,0;0;0,0;0;0,0;0;0,0;0;0,0;0;0,0;0;0,0;0;0,0;0;0,0;0;0,0;0;0,0;0;0,0;0;0,0;0;0,0;0;0,0;0;0,0;0;0,0;0;0,0;0;0,0;0;0,0;0;0,0;0;0,0;0;0,0;0;0,0;0;0,0;0;0,0;0;0,0;0;0,0;0;0,0;0;0,0;0;0,0;0;0,0;0;0,0;0;0,0;0;0,0;0;0,0;0;0,0;0;0,0;0;0,0;0;0,0;0;0,0;0;0,0;0;0,0;0;0,0;0;0,0;0;0,0;0;0,0;0;0,0;0;0,0;0;0,0;0;0,0;0;0,0;0;0,0;0;0,0;0;0,0;0;0,0;0;0,0;0;0,0;0;0,0;0;0,0;0;0,0;0;0,0;0;0,0;0;0,0;0;0,0;0;0,0;0;0,0;0;0,0;0;0,0;0;0,0;0;0,0;0;0,0;0;0,0;0;0,0;0;0,0;0;0,0;0;0,0;0;0,0;0;0,0;0;0,0;0;0,0
AI0402;1;Abgeordnetenhauswahlkreis;Charlottenburg-Wilmersdorf 2;0402;W;26.09.20;20:14:01;50;24;48,0;31122;19036;61,2;12086;38,8;0;0,0;11527;58,3;3242;28,1;3242;28,1;11319;98,2;208;1,8;3794;33,5;1605;14,2;2081;18,4;1606;14,2;1167;10,3;435;3,8;0;0,0;0;0,0;260;2,3;0;0,0;0;0,0;0;0,0;0;0,0;0;0,0;0;0,0;0;0,0;0;0,0;0;0,0;0;0,0;0;0,0;0;0,0;0;0,0;0;0,0;371;3,3;0;0,0;0;0,0;0;0,0;0;0,0;0;0,0;0;0,0;0;0,0;0;0,0;0;0,0;0;0,0;0;0,0;0;0,0;0;0,0;0;0,0;0;0,0;0;0,0;0;0,0;0;0,0;0;0,0;0;0,0;0;0,0;0;0,0;0;0,0;0;0,0;0;0,0;0;0,0;0;0,0;0;0,0;0;0,0;0;0,0;0;0,0;0;0,0;0;0,0;0;0,0;0;0,0;0;0,0;0;0,0;0;0,0;0;0,0;0;0,0;0;0,0;0;0,0;0;0,0;0;0,0;0;0,0;0;0,0;0;0,0;0;0,0;0;0,0;0;0,0;0;0,0;0;0,0;0;0,0;0;0,0;0;0,0;0;0,0;0;0,0;0;0,0;0;0,0;0;0,0;0;0,0;0;0,0;0;0,0;0;0,0;0;0,0;0;0,0;0;0,0;0;0,0;0;0,0;0;0,0;0;0,0;0;0,0;0;0,0;0;0,0;0;0,0;0;0,0;0;0,0;0;0,0;0;0,0;0;0,0;0;0,0;0;0,0;0;0,0;0;0,0;0;0,0;0;0,0;0;0,0;0;0,0;0;0,0;0;0,0;0;0,0;0;0,0;0;0,0;0;0,0;0;0,0;0;0,0
AI0403;1;Abgeordnetenhauswahlkreis;Charlottenburg-Wilmersdorf 3;0403;W;26.09.20;20:14:01;47;18;38,3;31153;19557;62,8;11596;37,2;0;0,0;8140;49,2;758;9,3;758;9,3;8028;98,6;112;1,4;1501;18,7;1607;20,0;1992;24,8;1573;19,6;645;8,0;184;2,3;99;1,2;0;0,0;159;2,0;0;0,0;0;0,0;0;0,0;0;0,0;0;0,0;0;0,0;0;0,0;0;0,0;0;0,0;0;0,0;0;0,0;0;0,0;0;0,0;0;0,0;254;3,2;0;0,0;0;0,0;0;0,0;0;0,0;0;0,0;0;0,0;0;0,0;0;0,0;0;0,0;0;0,0;0;0,0;0;0,0;0;0,0;14;0,2;0;0,0;0;0,0;0;0,0;0;0,0;0;0,0;0;0,0;0;0,0;0;0,0;0;0,0;0;0,0;0;0,0;0;0,0;0;0,0;0;0,0;0;0,0;0;0,0;0;0,0;0;0,0;0;0,0;0;0,0;0;0,0;0;0,0;0;0,0;0;0,0;0;0,0;0;0,0;0;0,0;0;0,0;0;0,0;0;0,0;0;0,0;0;0,0;0;0,0;0;0,0;0;0,0;0;0,0;0;0,0;0;0,0;0;0,0;0;0,0;0;0,0;0;0,0;0;0,0;0;0,0;0;0,0;0;0,0;0;0,0;0;0,0;0;0,0;0;0,0;0;0,0;0;0,0;0;0,0;0;0,0;0;0,0;0;0,0;0;0,0;0;0,0;0;0,0;0;0,0;0;0,0;0;0,0;0;0,0;0;0,0;0;0,0;0;0,0;0;0,0;0;0,0;0;0,0;0;0,0;0;0,0;0;0,0;0;0,0;0;0,0;0;0,0;0;0,0;0;0,0;0;0,0;0;0,0;0;0,0;0;0,0;0;0,0
AI0404;1;Abgeordnetenhauswahlkreis;Charlottenburg-Wilmersdorf 4;0404;W;26.09.20;20:14:01;51;21;41,2;32381;20644;63,8;11737;36,2;0;0,0;9263;49,7;1536;16,6;1536;16,6;9113;98,4;150;1,6;2105;23,1;1315;14,4;2092;23,0;1782;19,6;851;9,3;365;4,0;127;1,4;0;0,0;206;2,3;0;0,0;0;0,0;0;0,0;0;0,0;0;0,0;0;0,0;0;0,0;0;0,0;0;0,0;0;0,0;0;0,0;0;0,0;0;0,0;0;0,0;270;3,0;0;0,0;0;0,0;0;0,0;0;0,0;0;0,0;0;0,0;0;0,0;0;0,0;0;0,0;0;0,0;0;0,0;0;0,0;0;0,0;0;0,0;0;0,0;0;0,0;0;0,0;0;0,0;0;0,0;0;0,0;0;0,0;0;0,0;0;0,0;0;0,0;0;0,0;0;0,0;0;0,0;0;0,0;0;0,0;0;0,0;0;0,0;0;0,0;0;0,0;0;0,0;0;0,0;0;0,0;0;0,0;0;0,0;0;0,0;0;0,0;0;0,0;0;0,0;0;0,0;0;0,0;0;0,0;0;0,0;0;0,0;0;0,0;0;0,0;0;0,0;0;0,0;0;0,0;0;0,0;0;0,0;0;0,0;0;0,0;0;0,0;0;0,0;0;0,0;0;0,0;0;0,0;0;0,0;0;0,0;0;0,0;0;0,0;0;0,0;0;0,0;0;0,0;0;0,0;0;0,0;0;0,0;0;0,0;0;0,0;0;0,0;0;0,0;0;0,0;0;0,0;0;0,0;0;0,0;0;0,0;0;0,0;0;0,0;0;0,0;0;0,0;0;0,0;0;0,0;0;0,0;0;0,0;0;0,0;0;0,0;0;0,0;0;0,0;0;0,0;0;0,0;0;0,0;0;0,0
AI0405;1;Abgeordnetenhauswahlkreis;Charlottenburg-Wilmersdorf 5;0405;W;26.09.20;20:14:01;47;21;44,7;30755;19267;62,6;11488;37,4;0;0,0;9017;47,1;1166;12,9;1166;12,9;8853;98,2;164;1,8;3014;34,0;1238;14,0;1392;15,7;1203;13,6;1057;11,9;524;5,9;0;0,0;0;0,0;177;2,0;0;0,0;0;0,0;0;0,0;0;0,0;0;0,0;0;0,0;0;0,0;0;0,0;0;0,0;0;0,0;0;0,0;0;0,0;0;0,0;0;0,0;248;2,8;0;0,0;0;0,0;0;0,0;0;0,0;0;0,0;0;0,0;0;0,0;0;0,0;0;0,0;0;0,0;0;0,0;0;0,0;0;0,0;0;0,0;0;0,0;0;0,0;0;0,0;0;0,0;0;0,0;0;0,0;0;0,0;0;0,0;0;0,0;0;0,0;0;0,0;0;0,0;0;0,0;0;0,0;0;0,0;0;0,0;0;0,0;0;0,0;0;0,0;0;0,0;0;0,0;0;0,0;0;0,0;0;0,0;0;0,0;0;0,0;0;0,0;0;0,0;0;0,0;0;0,0;0;0,0;0;0,0;0;0,0;0;0,0;0;0,0;0;0,0;0;0,0;0;0,0;0;0,0;0;0,0;0;0,0;0;0,0;0;0,0;0;0,0;0;0,0;0;0,0;0;0,0;0;0,0;0;0,0;0;0,0;0;0,0;0;0,0;0;0,0;0;0,0;0;0,0;0;0,0;0;0,0;0;0,0;0;0,0;0;0,0;0;0,0;0;0,0;0;0,0;0;0,0;0;0,0;0;0,0;0;0,0;0;0,0;0;0,0;0;0,0;0;0,0;0;0,0;0;0,0;0;0,0;0;0,0;0;0,0;0;0,0;0;0,0;0;0,0;0;0,0;0;0,0;0;0,0
AI0406;1;Abgeordnetenhauswahlkreis;Charlottenburg-Wilmersdorf 6;0406;W;26.09.20;20:14:01;49;23;46,9;31667;19730;62,3;11937;37,7;0;0,0;11357;70,7;4296;37,8;4296;37,8;11211;98,7;146;1,3;2605;23,2;1691;15,1;3376;30,1;1870;16,7;867;7,7;279;2,5;0;0,0;0;0,0;232;2,1;0;0,0;0;0,0;0;0,0;0;0,0;0;0,0;0;0,0;0;0,0;0;0,0;0;0,0;0;0,0;0;0,0;0;0,0;0;0,0;0;0,0;291;2,6;0;0,0;0;0,0;0;0,0;0;0,0;0;0,0;0;0,0;0;0,0;0;0,0;0;0,0;0;0,0;0;0,0;0;0,0;0;0,0;0;0,0;0;0,0;0;0,0;0;0,0;0;0,0;0;0,0;0;0,0;0;0,0;0;0,0;0;0,0;0;0,0;0;0,0;0;0,0;0;0,0;0;0,0;0;0,0;0;0,0;0;0,0;0;0,0;0;0,0;0;0,0;0;0,0;0;0,0;0;0,0;0;0,0;0;0,0;0;0,0;0;0,0;0;0,0;0;0,0;0;0,0;0;0,0;0;0,0;0;0,0;0;0,0;0;0,0;0;0,0;0;0,0;0;0,0;0;0,0;0;0,0;0;0,0;0;0,0;0;0,0;0;0,0;0;0,0;0;0,0;0;0,0;0;0,0;0;0,0;0;0,0;0;0,0;0;0,0;0;0,0;0;0,0;0;0,0;0;0,0;0;0,0;0;0,0;0;0,0;0;0,0;0;0,0;0;0,0;0;0,0;0;0,0;0;0,0;0;0,0;0;0,0;0;0,0;0;0,0;0;0,0;0;0,0;0;0,0;0;0,0;0;0,0;0;0,0;0;0,0;0;0,0;0;0,0;0;0,0;0;0,0;0;0,0;0;0,0
AI0407;1;Abgeordnetenhauswahlkreis;Charlottenburg-Wilmersdorf 7;0407;W;26.09.20;20:14:01;50;13;26,0;32533;20623;63,4;11910;36,6;0;0,0;6947;57,6;1659;23,9;1659;23,9;6817;98,1;130;1,9;1769;25,9;1193;17,5;1403;20,6;1070;15,7;782;11,5;253;3,7;0;0,0;0;0,0;151;2,2;0;0,0;0;0,0;0;0,0;0;0,0;0;0,0;0;0,0;0;0,0;0;0,0;0;0,0;0;0,0;0;0,0;0;0,0;0;0,0;0;0,0;196;2,9;0;0,0;0;0,0;0;0,0;0;0,0;0;0,0;0;0,0;0;0,0;0;0,0;0;0,0;0;0,0;0;0,0;0;0,0;0;0,0;0;0,0;0;0,0;0;0,0;0;0,0;0;0,0;0;0,0;0;0,0;0;0,0;0;0,0;0;0,0;0;0,0;0;0,0;0;0,0;0;0,0;0;0,0;0;0,0;0;0,0;0;0,0;0;0,0;0;0,0;0;0,0;0;0,0;0;0,0;0;0,0;0;0,0;0;0,0;0;0,0;0;0,0;0;0,0;0;0,0;0;0,0;0;0,0;0;0,0;0;0,0;0;0,0;0;0,0;0;0,0;0;0,0;0;0,0;0;0,0;0;0,0;0;0,0;0;0,0;0;0,0;0;0,0;0;0,0;0;0,0;0;0,0;0;0,0;0;0,0;0;0,0;0;0,0;0;0,0;0;0,0;0;0,0;0;0,0;0;0,0;0;0,0;0;0,0;0;0,0;0;0,0;0;0,0;0;0,0;0;0,0;0;0,0;0;0,0;0;0,0;0;0,0;0;0,0;0;0,0;0;0,0;0;0,0;0;0,0;0;0,0;0;0,0;0;0,0;0;0,0;0;0,0;0;0,0;0;0,0;0;0,0;0;0,0;0;0,0
AI0501;1;Abgeordnetenhauswahlkreis;Spandau 1;0501;W;26.09.20;20:14:01;56;19;33,9;34898;26004;74,5;8894;25,5;0;0,0;6474;64,6;2257;34,9;2257;34,9;6326;97,7;148;2,3;1381;21,8;1150;18,2;447;7,1;1159;18,3;1454;23,0;205;3,2;0;0,0;127;2,0;107;1,7;0;0,0;0;0,0;0;0,0;0;0,0;0;0,0;0;0,0;0;0,0;0;0,0;0;0,0;0;0,0;0;0,0;0;0,0;0;0,0;0;0,0;296;4,7;0;0,0;0;0,0;0;0,0;0;0,0;0;0,0;0;0,0;0;0,0;0;0,0;0;0,0;0;0,0;0;0,0;0;0,0;0;0,0;0;0,0;0;0,0;0;0,0;0;0,0;0;0,0;0;0,0;0;0,0;0;0,0;0;0,0;0;0,0;0;0,0;0;0,0;0;0,0;0;0,0;0;0,0;0;0,0;0;0,0;0;0,0;0;0,0;0;0,0;0;0,0;0;0,0;0;0,0;0;0,0;0;0,0;0;0,0;0;0,0;0;0,0;0;0,0;0;0,0;0;0,0;0;0,0;0;0,0;0;0,0;0;0,0;0;0,0;0;0,0;0;0,0;0;0,0;0;0,0;0;0,0;0;0,0;0;0,0;0;0,0;0;0,0;0;0,0;0;0,0;0;0,0;0;0,0;0;0,0;0;0,0;0;0,0;0;0,0;0;0,0;0;0,0;0;0,0;0;0,0;0;0,0;0;0,0;0;0,0;0;0,0;0;0,0;0;0,0;0;0,0;0;0,0;0;0,0;0;0,0;0;0,0;0;0,0;0;0,0;0;0,0;0;0,0;0;0,0;0;0,0;0;0,0;0;0,0;0;0,0;0;0,0;0;0,0;0;0,0;0;0,0;0;0,0;0;0,0
AI0502;1;Abgeordnetenhauswahlkreis;Spandau 2;0502;W;26.09.20;20:14:01;44;17;38,6;28442;21512;75,6;6930;24,4;0;0,0;6128;52,3;1312;21,4;1312;21,4;5962;97,3;166;2,7;1319;22,1;1198;20,1;444;7,4;984;16,5;1492;25,0;0;0,0;0;0,0;140;2,3;107;1,8;0;0,0;0;0,0;0;0,0;0;0,0;0;0,0;0;0,0;0;0,0;0;0,0;0;0,0;0;0,0;0;0,0;0;0,0;0;0,0;0;0,0;278;4,7;0;0,0;0;0,0;0;0,0;0;0,0;0;0,0;0;0,0;0;0,0;0;0,0;0;0,0;0;0,0;0;0,0;0;0,0;0;0,0;0;0,0;0;0,0;0;0,0;0;0,0;0;0,0;0;0,0;0;0,0;0;0,0;0;0,0;0;0,0;0;0,0;0;0,0;0;0,0;0;0,0;0;0,0;0;0,0;0;0,0;0;0,0;0;0,0;0;0,0;0;0,0;0;0,0;0;0,0;0;0,0;0;0,0;0;0,0;0;0,0;0;0,0;0;0,0;0;0,0;0;0,0;0;0,0;0;0,0;0;0,0;0;0,0;0;0,0;0;0,0;0;0,0;0;0,0;0;0,0;0;0,0;0;0,0;0;0,0;0;0,0;0;0,0;0;0,0;0;0,0;0;0,0;0;0,0;0;0,0;0;0,0;0;0,0;0;0,0;0;0,0;0;0,0;0;0,0;0;0,0;0;0,0;0;0,0;0;0,0;0;0,0;0;0,0;0;0,0;0;0,0;0;0,0;0;0,0;0;0,0;0;0,0;0;0,0;0;0,0;0;0,0;0;0,0;0;0,0;0;0,0;0;0,0;0;0,0;0;0,0;0;0,0;0;0,0;0;0,0;0;0,0;0;0,0;0;0,0
AI0503;1;Abgeordnetenhauswahlkreis;Spandau 3;0503;W;26.09.20;20:14:01;53;18;34,0;33630;24841;73,9;8789;26,1;0;0,0;5957;68,3;2431;40,8;2431;40,8;5807;97,5;150;2,5;1229;21,2;1033;17,8;562;9,7;1194;20,6;1126;19,4;156;2,7;0;0,0;122;2,1;111;1,9;0;0,0;0;0,0;0;0,0;0;0,0;0;0,0;0;0,0;0;0,0;0;0,0;0;0,0;0;0,0;0;0,0;0;0,0;0;0,0;0;0,0;274;4,7;0;0,0;0;0,0;0;0,0;0;0,0;0;0,0;0;0,0;0;0,0;0;0,0;0;0,0;0;0,0;0;0,0;0;0,0;0;0,0;0;0,0;0;0,0;0;0,0;0;0,0;0;0,0;0;0,0;0;0,0;0;0,0;0;0,0;0;0,0;0;0,0;0;0,0;0;0,0;0;0,0;0;0,0;0;0,0;0;0,0;0;0,0;0;0,0;0;0,0;0;0,0;0;0,0;0;0,0;0;0,0;0;0,0;0;0,0;0;0,0;0;0,0;0;0,0;0;0,0;0;0,0;0;0,0;0;0,0;0;0,0;0;0,0;0;0,0;0;0,0;0;0,0;0;0,0;0;0,0;0;0,0;0;0,0;0;0,0;0;0,0;0;0,0;0;0,0;0;0,0;0;0,0;0;0,0;0;0,0;0;0,0;0;0,0;0;0,0;0;0,0;0;0,0;0;0,0;0;0,0;0;0,0;0;0,0;0;0,0;0;0,0;0;0,0;0;0,0;0;0,0;0;0,0;0;0,0;0;0,0;0;0,0;0;0,0;0;0,0;0;0,0;0;0,0;0;0,0;0;0,0;0;0,0;0;0,0;0;0,0;0;0,0;0;0,0;0;0,0;0;0,0;0;0,0;0;0,0
AI0504;1;Abgeordnetenhauswahlkreis;Spandau 4;0504;W;26.09.20;20:14:01;48;14;29,2;31088;22094;71,1;8994;28,9;0;0,0;6191;75,6;2617;42,3;2617;42,3;6054;97,8;137;2,2;1853;30,6;1012;16,7;358;5,9;731;12,1;1420;23,5;165;2,7;212;3,5;0;0,0;75;1,2;0;0,0;0;0,0;0;0,0;0;0,0;0;0,0;0;0,0;0;0,0;0;0,0;0;0,0;0;0,0;0;0,0;0;0,0;0;0,0;0;0,0;228;3,8;0;0,0;0;0,0;0;0,0;0;0,0;0;0,0;0;0,0;0;0,0;0;0,0;0;0,0;0;0,0;0;0,0;0;0,0;0;0,0;0;0,0;0;0,0;0;0,0;0;0,0;0;0,0;0;0,0;0;0,0;0;0,0;0;0,0;0;0,0;0;0,0;0;0,0;0;0,0;0;0,0;0;0,0;0;0,0;0;0,0;0;0,0;0;0,0;0;0,0;0;0,0;0;0,0;0;0,0;0;0,0;0;0,0;0;0,0;0;0,0;0;0,0;0;0,0;0;0,0;0;0,0;0;0,0;0;0,0;0;0,0;0;0,0;0;0,0;0;0,0;0;0,0;0;0,0;0;0,0;0;0,0;0;0,0;0;0,0;0;0,0;0;0,0;0;0,0;0;0,0;0;0,0;0;0,0;0;0,0;0;0,0;0;0,0;0;0,0;0;0,0;0;0,0;0;0,0;0;0,0;0;0,0;0;0,0;0;0,0;0;0,0;0;0,0;0;0,0;0;0,0;0;0,0;0;0,0;0;0,0;0;0,0;0;0,0;0;0,0;0;0,0;0;0,0;0;0,0;0;0,0;0;0,0;0;0,0;0;0,0;0;0,0;0;0,0;0;0,0;0;0,0;0;0,0;0;0,0
AI0505;1;Abgeordnetenhauswahlkreis;Spandau 5;0505;W;26.09.20;20:14:01;50;23;46,0;31802;21654;68,1;10148;31,9;0;0,0;10786;88,3;5099;47,3;5099;47,3;10603;98,3;183;1,7;3532;33,3;2170;20,5;1135;10,7;890;8,4;1679;15,8;476;4,5;249;2,3;74;0,7;156;1,5;0;0,0;0;0,0;0;0,0;0;0,0;0;0,0;0;0,0;0;0,0;0;0,0;0;0,0;0;0,0;0;0,0;0;0,0;0;0,0;0;0,0;242;2,3;0;0,0;0;0,0;0;0,0;0;0,0;0;0,0;0;0,0;0;0,0;0;0,0;0;0,0;0;0,0;0;0,0;0;0,0;0;0,0;0;0,0;0;0,0;0;0,0;0;0,0;0;0,0;0;0,0;0;0,0;0;0,0;0;0,0;0;0,0;0;0,0;0;0,0;0;0,0;0;0,0;0;0,0;0;0,0;0;0,0;0;0,0;0;0,0;0;0,0;0;0,0;0;0,0;0;0,0;0;0,0;0;0,0;0;0,0;0;0,0;0;0,0;0;0,0;0;0,0;0;0,0;0;0,0;0;0,0;0;0,0;0;0,0;0;0,0;0;0,0;0;0,0;0;0,0;0;0,0;0;0,0;0;0,0;0;0,0;0;0,0;0;0,0;0;0,0;0;0,0;0;0,0;0;0,0;0;0,0;0;0,0;0;0,0;0;0,0;0;0,0;0;0,0;0;0,0;0;0,0;0;0,0;0;0,0;0;0,0;0;0,0;0;0,0;0;0,0;0;0,0;0;0,0;0;0,0;0;0,0;0;0,0;0;0,0;0;0,0;0;0,0;0;0,0;0;0,0;0;0,0;0;0,0;0;0,0;0;0,0;0;0,0;0;0,0;0;0,0;0;0,0;0;0,0;0;0,0
AI0601;1;Abgeordnetenhauswahlkreis;Steglitz-Zehlendorf 1;0601;W;26.09.20;20:14:01;60;35;58,3;32046;19238;60,0;12808;40,0;0;0,0;14592;81,1;6864;47,0;6864;47,0;14398;98,7;194;1,3;3510;24,4;2355;16,4;3520;24,4;2392;16,6;1382;9,6;393;2,7;0;0,0;0;0,0;411;2,9;0;0,0;0;0,0;0;0,0;0;0,0;0;0,0;0;0,0;0;0,0;0;0,0;0;0,0;0;0,0;0;0,0;0;0,0;0;0,0;0;0,0;435;3,0;0;0,0;0;0,0;0;0,0;0;0,0;0;0,0;0;0,0;0;0,0;0;0,0;0;0,0;0;0,0;0;0,0;0;0,0;0;0,0;0;0,0;0;0,0;0;0,0;0;0,0;0;0,0;0;0,0;0;0,0;0;0,0;0;0,0;0;0,0;0;0,0;0;0,0;0;0,0;0;0,0;0;0,0;0;0,0;0;0,0;0;0,0;0;0,0;0;0,0;0;0,0;0;0,0;0;0,0;0;0,0;0;0,0;0;0,0;0;0,0;0;0,0;0;0,0;0;0,0;0;0,0;0;0,0;0;0,0;0;0,0;0;0,0;0;0,0;0;0,0;0;0,0;0;0,0;0;0,0;0;0,0;0;0,0;0;0,0;0;0,0;0;0,0;0;0,0;0;0,0;0;0,0;0;0,0;0;0,0;0;0,0;0;0,0;0;0,0;0;0,0;0;0,0;0;0,0;0;0,0;0;0,0;0;0,0;0;0,0;0;0,0;0;0,0;0;0,0;0;0,0;0;0,0;0;0,0;0;0,0;0;0,0;0;0,0;0;0,0;0;0,0;0;0,0;0;0,0;0;0,0;0;0,0;0;0,0;0;0,0;0;0,0;0;0,0;0;0,0;0;0,0;0;0,0;0;0,0
AI0602;1;Abgeordnetenhauswahlkreis;Steglitz-Zehlendorf 2;0602;W;26.09.20;20:14:01;60;34;56,7;30957;19599;63,3;11358;36,7;0;0,0;13694;63,2;4415;32,2;4415;32,2;13471;98,4;223;1,6;3038;22,6;2599;19,3;2711;20,1;2401;17,8;1583;11,8;367;2,7;0;0,0;0;0,0;300;2,2;0;0,0;0;0,0;0;0,0;0;0,0;0;0,0;0;0,0;0;0,0;0;0,0;0;0,0;0;0,0;0;0,0;0;0,0;0;0,0;0;0,0;472;3,5;0;0,0;0;0,0;0;0,0;0;0,0;0;0,0;0;0,0;0;0,0;0;0,0;0;0,0;0;0,0;0;0,0;0;0,0;0;0,0;0;0,0;0;0,0;0;0,0;0;0,0;0;0,0;0;0,0;0;0,0;0;0,0;0;0,0;0;0,0;0;0,0;0;0,0;0;0,0;0;0,0;0;0,0;0;0,0;0;0,0;0;0,0;0;0,0;0;0,0;0;0,0;0;0,0;0;0,0;0;0,0;0;0,0;0;0,0;0;0,0;0;0,0;0;0,0;0;0,0;0;0,0;0;0,0;0;0,0;0;0,0;0;0,0;0;0,0;0;0,0;0;0,0;0;0,0;0;0,0;0;0,0;0;0,0;0;0,0;0;0,0;0;0,0;0;0,0;0;0,0;0;0,0;0;0,0;0;0,0;0;0,0;0;0,0;0;0,0;0;0,0;0;0,0;0;0,0;0;0,0;0;0,0;0;0,0;0;0,0;0;0,0;0;0,0;0;0,0;0;0,0;0;0,0;0;0,0;0;0,0;0;0,0;0;0,0;0;0,0;0;0,0;0;0,0;0;0,0;0;0,0;0;0,0;0;0,0;0;0,0;0;0,0;0;0,0;0;0,0;0;0,0;0;0,0;0;0,0
AI0603;1;Abgeordnetenhauswahlkreis;Steglitz-Zehlendorf 3;0603;W;26.09.20;20:14:01;58;26;44,8;31328;18246;58,2;13082;41,8;0;0,0;11659;56,7;2917;25,0;2917;25,0;11473;98,4;186;1,6;3787;33,0;1899;16,6;2477;21,6;1226;10,7;1101;9,6;394;3,4;0;0,0;0;0,0;320;2,8;0;0,0;0;0,0;0;0,0;0;0,0;0;0,0;0;0,0;0;0,0;0;0,0;0;0,0;0;0,0;0;0,0;0;0,0;0;0,0;0;0,0;269;2,3;0;0,0;0;0,0;0;0,0;0;0,0;0;0,0;0;0,0;0;0,0;0;0,0;0;0,0;0;0,0;0;0,0;0;0,0;0;0,0;0;0,0;0;0,0;0;0,0;0;0,0;0;0,0;0;0,0;0;0,0;0;0,0;0;0,0;0;0,0;0;0,0;0;0,0;0;0,0;0;0,0;0;0,0;0;0,0;0;0,0;0;0,0;0;0,0;0;0,0;0;0,0;0;0,0;0;0,0;0;0,0;0;0,0;0;0,0;0;0,0;0;0,0;0;0,0;0;0,0;0;0,0;0;0,0;0;0,0;0;0,0;0;0,0;0;0,0;0;0,0;0;0,0;0;0,0;0;0,0;0;0,0;0;0,0;0;0,0;0;0,0;0;0,0;0;0,0;0;0,0;0;0,0;0;0,0;0;0,0;0;0,0;0;0,0;0;0,0;0;0,0;0;0,0;0;0,0;0;0,0;0;0,0;0;0,0;0;0,0;0;0,0;0;0,0;0;0,0;0;0,0;0;0,0;0;0,0;0;0,0;0;0,0;0;0,0;0;0,0;0;0,0;0;0,0;0;0,0;0;0,0;0;0,0;0;0,0;0;0,0;0;0,0;0;0,0;0;0,0;0;0,0;0;0,0;0;0,0
AI0604;1;Abgeordnetenhauswahlkreis;Steglitz-Zehlendorf 4;0604;W;26.09.20;20:14:01;60;31;51,7;31317;19410;62,0;11907;38,0;0;0,0;12448;57,6;3297;26,5;3297;26,5;12216;98,1;232;1,9;3866;31,6;1990;16,3;2125;17,4;1490;12,2;1618;13,2;405;3,3;0;0,0;0;0,0;297;2,4;0;0,0;0;0,0;0;0,0;0;0,0;0;0,0;0;0,0;0;0,0;0;0,0;0;0,0;0;0,0;0;0,0;0;0,0;0;0,0;0;0,0;425;3,5;0;0,0;0;0,0;0;0,0;0;0,0;0;0,0;0;0,0;0;0,0;0;0,0;0;0,0;0;0,0;0;0,0;0;0,0;0;0,0;0;0,0;0;0,0;0;0,0;0;0,0;0;0,0;0;0,0;0;0,0;0;0,0;0;0,0;0;0,0;0;0,0;0;0,0;0;0,0;0;0,0;0;0,0;0;0,0;0;0,0;0;0,0;0;0,0;0;0,0;0;0,0;0;0,0;0;0,0;0;0,0;0;0,0;0;0,0;0;0,0;0;0,0;0;0,0;0;0,0;0;0,0;0;0,0;0;0,0;0;0,0;0;0,0;0;0,0;0;0,0;0;0,0;0;0,0;0;0,0;0;0,0;0;0,0;0;0,0;0;0,0;0;0,0;0;0,0;0;0,0;0;0,0;0;0,0;0;0,0;0;0,0;0;0,0;0;0,0;0;0,0;0;0,0;0;0,0;0;0,0;0;0,0;0;0,0;0;0,0;0;0,0;0;0,0;0;0,0;0;0,0;0;0,0;0;0,0;0;0,0;0;0,0;0;0,0;0;0,0;0;0,0;0;0,0;0;0,0;0;0,0;0;0,0;0;0,0;0;0,0;0;0,0;0;0,0;0;0,0;0;0,0;0;0,0;0;0,0
AI0605;1;Abgeordnetenhauswahlkreis;Steglitz-Zehlendorf 5;0605;W;26.09.20;20:14:01;58;24;41,4;30171;19849;65,8;10322;34,2;0;0,0;9403;60,7;2776;29,5;2776;29,5;9211;98,0;192;2,0;2581;28,0;1510;16,4;1365;14,8;1315;14,3;1564;17,0;359;3,9;0;0,0;0;0,0;190;2,1;0;0,0;0;0,0;0;0,0;0;0,0;0;0,0;0;0,0;0;0,0;0;0,0;0;0,0;0;0,0;0;0,0;0;0,0;0;0,0;0;0,0;327;3,6;0;0,0;0;0,0;0;0,0;0;0,0;0;0,0;0;0,0;0;0,0;0;0,0;0;0,0;0;0,0;0;0,0;0;0,0;0;0,0;0;0,0;0;0,0;0;0,0;0;0,0;0;0,0;0;0,0;0;0,0;0;0,0;0;0,0;0;0,0;0;0,0;0;0,0;0;0,0;0;0,0;0;0,0;0;0,0;0;0,0;0;0,0;0;0,0;0;0,0;0;0,0;0;0,0;0;0,0;0;0,0;0;0,0;0;0,0;0;0,0;0;0,0;0;0,0;0;0,0;0;0,0;0;0,0;0;0,0;0;0,0;0;0,0;0;0,0;0;0,0;0;0,0;0;0,0;0;0,0;0;0,0;0;0,0;0;0,0;0;0,0;0;0,0;0;0,0;0;0,0;0;0,0;0;0,0;0;0,0;0;0,0;0;0,0;0;0,0;0;0,0;0;0,0;0;0,0;0;0,0;0;0,0;0;0,0;0;0,0;0;0,0;0;0,0;0;0,0;0;0,0;0;0,0;0;0,0;0;0,0;0;0,0;0;0,0;0;0,0;0;0,0;0;0,0;0;0,0;0;0,0;0;0,0;0;0,0;0;0,0;0;0,0;0;0,0;0;0,0;0;0,0;0;0,0;0;0,0
AI0606;1;Abgeordnetenhauswahlkreis;Steglitz-Zehlendorf 6;0606;W;26.09.20;20:14:01;60;23;38,3;32091;19032;59,3;13059;40,7;0;0,0;10978;46,9;365;3,3;365;3,3;10792;98,3;186;1,7;3487;32,3;1524;14,1;2314;21,4;1262;11,7;1157;10,7;421;3,9;0;0,0;0;0,0;307;2,8;0;0,0;0;0,0;0;0,0;0;0,0;0;0,0;0;0,0;0;0,0;0;0,0;0;0,0;0;0,0;0;0,0;0;0,0;0;0,0;0;0,0;320;3,0;0;0,0;0;0,0;0;0,0;0;0,0;0;0,0;0;0,0;0;0,0;0;0,0;0;0,0;0;0,0;0;0,0;0;0,0;0;0,0;0;0,0;0;0,0;0;0,0;0;0,0;0;0,0;0;0,0;0;0,0;0;0,0;0;0,0;0;0,0;0;0,0;0;0,0;0;0,0;0;0,0;0;0,0;0;0,0;0;0,0;0;0,0;0;0,0;0;0,0;0;0,0;0;0,0;0;0,0;0;0,0;0;0,0;0;0,0;0;0,0;0;0,0;0;0,0;0;0,0;0;0,0;0;0,0;0;0,0;0;0,0;0;0,0;0;0,0;0;0,0;0;0,0;0;0,0;0;0,0;0;0,0;0;0,0;0;0,0;0;0,0;0;0,0;0;0,0;0;0,0;0;0,0;0;0,0;0;0,0;0;0,0;0;0,0;0;0,0;0;0,0;0;0,0;0;0,0;0;0,0;0;0,0;0;0,0;0;0,0;0;0,0;0;0,0;0;0,0;0;0,0;0;0,0;0;0,0;0;0,0;0;0,0;0;0,0;0;0,0;0;0,0;0;0,0;0;0,0;0;0,0;0;0,0;0;0,0;0;0,0;0;0,0;0;0,0;0;0,0;0;0,0;0;0,0;0;0,0
AI0607;1;Abgeordnetenhauswahlkreis;Steglitz-Zehlendorf 7;0607;W;26.09.20;20:14:01;56;16;28,6;29929;17556;58,7;12373;41,3;0;0,0;7728;45,6;0;0,0;0;0,0;7614;98,5;114;1,5;2679;35,2;983;12,9;1669;21,9;709;9,3;831;10,9;398;5,2;0;0,0;0;0,0;185;2,4;0;0,0;0;0,0;0;0,0;0;0,0;0;0,0;0;0,0;0;0,0;0;0,0;0;0,0;0;0,0;0;0,0;0;0,0;0;0,0;0;0,0;160;2,1;0;0,0;0;0,0;0;0,0;0;0,0;0;0,0;0;0,0;0;0,0;0;0,0;0;0,0;0;0,0;0;0,0;0;0,0;0;0,0;0;0,0;0;0,0;0;0,0;0;0,0;0;0,0;0;0,0;0;0,0;0;0,0;0;0,0;0;0,0;0;0,0;0;0,0;0;0,0;0;0,0;0;0,0;0;0,0;0;0,0;0;0,0;0;0,0;0;0,0;0;0,0;0;0,0;0;0,0;0;0,0;0;0,0;0;0,0;0;0,0;0;0,0;0;0,0;0;0,0;0;0,0;0;0,0;0;0,0;0;0,0;0;0,0;0;0,0;0;0,0;0;0,0;0;0,0;0;0,0;0;0,0;0;0,0;0;0,0;0;0,0;0;0,0;0;0,0;0;0,0;0;0,0;0;0,0;0;0,0;0;0,0;0;0,0;0;0,0;0;0,0;0;0,0;0;0,0;0;0,0;0;0,0;0;0,0;0;0,0;0;0,0;0;0,0;0;0,0;0;0,0;0;0,0;0;0,0;0;0,0;0;0,0;0;0,0;0;0,0;0;0,0;0;0,0;0;0,0;0;0,0;0;0,0;0;0,0;0;0,0;0;0,0;0;0,0;0;0,0;0;0,0;0;0,0;0;0,0
AI0701;1;Abgeordnetenhauswahlkreis;Tempelhof-Schöneberg 1;0701;W;26.09.20;20:14:01;53;20;37,7;35034;22342;63,8;12692;36,2;0;0,0;8388;45,7;622;7,4;622;7,4;8244;98,3;144;1,7;1331;16,1;1062;12,9;2030;24,6;2301;27,9;708;8,6;178;2,2;129;1,6;0;0,0;162;2,0;0;0,0;0;0,0;0;0,0;0;0,0;0;0,0;0;0,0;0;0,0;0;0,0;0;0,0;0;0,0;0;0,0;0;0,0;0;0,0;0;0,0;343;4,2;0;0,0;0;0,0;0;0,0;0;0,0;0;0,0;0;0,0;0;0,0;0;0,0;0;0,0;0;0,0;0;0,0;0;0,0;0;0,0;0;0,0;0;0,0;0;0,0;0;0,0;0;0,0;0;0,0;0;0,0;0;0,0;0;0,0;0;0,0;0;0,0;0;0,0;0;0,0;0;0,0;0;0,0;0;0,0;0;0,0;0;0,0;0;0,0;0;0,0;0;0,0;0;0,0;0;0,0;0;0,0;0;0,0;0;0,0;0;0,0;0;0,0;0;0,0;0;0,0;0;0,0;0;0,0;0;0,0;0;0,0;0;0,0;0;0,0;0;0,0;0;0,0;0;0,0;0;0,0;0;0,0;0;0,0;0;0,0;0;0,0;0;0,0;0;0,0;0;0,0;0;0,0;0;0,0;0;0,0;0;0,0;0;0,0;0;0,0;0;0,0;0;0,0;0;0,0;0;0,0;0;0,0;0;0,0;0;0,0;0;0,0;0;0,0;0;0,0;0;0,0;0;0,0;0;0,0;0;0,0;0;0,0;0;0,0;0;0,0;0;0,0;0;0,0;0;0,0;0;0,0;0;0,0;0;0,0;0;0,0;0;0,0;0;0,0;0;0,0;0;0,0;0;0,0;0;0,0
AI0702;1;Abgeordnetenhauswahlkreis;Tempelhof-Schöneberg 2;0702;W;26.09.20;20:14:01;54;26;48,1;33576;20797;61,9;12779;38,1;0;0,0;10995;44,3;370;3,4;370;3,4;10818;98,4;177;1,6;1218;11,3;1705;15,8;3056;28,2;3160;29,2;804;7,4;165;1,5;170;1,6;0;0,0;153;1,4;0;0,0;0;0,0;0;0,0;0;0,0;0;0,0;0;0,0;0;0,0;0;0,0;0;0,0;0;0,0;0;0,0;0;0,0;0;0,0;0;0,0;360;3,3;0;0,0;0;0,0;0;0,0;0;0,0;0;0,0;0;0,0;0;0,0;0;0,0;0;0,0;0;0,0;0;0,0;0;0,0;0;0,0;0;0,0;0;0,0;27;0,2;0;0,0;0;0,0;0;0,0;0;0,0;0;0,0;0;0,0;0;0,0;0;0,0;0;0,0;0;0,0;0;0,0;0;0,0;0;0,0;0;0,0;0;0,0;0;0,0;0;0,0;0;0,0;0;0,0;0;0,0;0;0,0;0;0,0;0;0,0;0;0,0;0;0,0;0;0,0;0;0,0;0;0,0;0;0,0;0;0,0;0;0,0;0;0,0;0;0,0;0;0,0;0;0,0;0;0,0;0;0,0;0;0,0;0;0,0;0;0,0;0;0,0;0;0,0;0;0,0;0;0,0;0;0,0;0;0,0;0;0,0;0;0,0;0;0,0;0;0,0;0;0,0;0;0,0;0;0,0;0;0,0;0;0,0;0;0,0;0;0,0;0;0,0;0;0,0;0;0,0;0;0,0;0;0,0;0;0,0;0;0,0;0;0,0;0;0,0;0;0,0;0;0,0;0;0,0;0;0,0;0;0,0;0;0,0;0;0,0;0;0,0;0;0,0;0;0,0;0;0,0;0;0,0;0;0,0;0;0,0
AI0703;1;Abgeordnetenhauswahlkreis;Tempelhof-Schöneberg 3;0703;W;26.09.20;20:14:01;54;24;44,4;34950;21198;60,7;13752;39,3;0;0,0;10984;45,2;0;0,0;0;0,0;10849;98,8;135;1,2;1689;15,6;2896;26,7;3101;28,6;1626;15,0;783;7,2;190;1,8;136;1,3;0;0,0;141;1,3;0;0,0;0;0,0;0;0,0;0;0,0;0;0,0;0;0,0;0;0,0;0;0,0;0;0,0;0;0,0;0;0,0;0;0,0;0;0,0;0;0,0;287;2,6;0;0,0;0;0,0;0;0,0;0;0,0;0;0,0;0;0,0;0;0,0;0;0,0;0;0,0;0;0,0;0;0,0;0;0,0;0;0,0;0;0,0;0;0,0;0;0,0;0;0,0;0;0,0;0;0,0;0;0,0;0;0,0;0;0,0;0;0,0;0;0,0;0;0,0;0;0,0;0;0,0;0;0,0;0;0,0;0;0,0;0;0,0;0;0,0;0;0,0;0;0,0;0;0,0;0;0,0;0;0,0;0;0,0;0;0,0;0;0,0;0;0,0;0;0,0;0;0,0;0;0,0;0;0,0;0;0,0;0;0,0;0;0,0;0;0,0;0;0,0;0;0,0;0;0,0;0;0,0;0;0,0;0;0,0;0;0,0;0;0,0;0;0,0;0;0,0;0;0,0;0;0,0;0;0,0;0;0,0;0;0,0;0;0,0;0;0,0;0;0,0;0;0,0;0;0,0;0;0,0;0;0,0;0;0,0;0;0,0;0;0,0;0;0,0;0;0,0;0;0,0;0;0,0;0;0,0;0;0,0;0;0,0;0;0,0;0;0,0;0;0,0;0;0,0;0;0,0;0;0,0;0;0,0;0;0,0;0;0,0;0;0,0;0;0,0;0;0,0;0;0,0;0;0,0;0;0,0
AI0704;1;Abgeordnetenhauswahlkreis;Tempelhof-Schöneberg 4;0704;W;26.09.20;20:14:01;51;21;41,2;32710;20733;63,4;11977;36,6;0;0,0;8764;43,1;333;3,8;333;3,8;8553;97,6;211;2,4;1255;14,7;1139;13,3;1887;22,1;2379;27,8;1121;13,1;172;2,0;0;0,0;0;0,0;185;2,2;0;0,0;0;0,0;0;0,0;0;0,0;0;0,0;0;0,0;0;0,0;0;0,0;0;0,0;0;0,0;0;0,0;0;0,0;0;0,0;0;0,0;415;4,9;0;0,0;0;0,0;0;0,0;0;0,0;0;0,0;0;0,0;0;0,0;0;0,0;0;0,0;0;0,0;0;0,0;0;0,0;0;0,0;0;0,0;0;0,0;0;0,0;0;0,0;0;0,0;0;0,0;0;0,0;0;0,0;0;0,0;0;0,0;0;0,0;0;0,0;0;0,0;0;0,0;0;0,0;0;0,0;0;0,0;0;0,0;0;0,0;0;0,0;0;0,0;0;0,0;0;0,0;0;0,0;0;0,0;0;0,0;0;0,0;0;0,0;0;0,0;0;0,0;0;0,0;0;0,0;0;0,0;0;0,0;0;0,0;0;0,0;0;0,0;0;0,0;0;0,0;0;0,0;0;0,0;0;0,0;0;0,0;0;0,0;0;0,0;0;0,0;0;0,0;0;0,0;0;0,0;0;0,0;0;0,0;0;0,0;0;0,0;0;0,0;0;0,0;0;0,0;0;0,0;0;0,0;0;0,0;0;0,0;0;0,0;0;0,0;0;0,0;0;0,0;0;0,0;0;0,0;0;0,0;0;0,0;0;0,0;0;0,0;0;0,0;0;0,0;0;0,0;0;0,0;0;0,0;0;0,0;0;0,0;0;0,0;0;0,0;0;0,0;0;0,0;0;0,0;0;0,0
AI0705;1;Abgeordnetenhauswahlkreis;Tempelhof-Schöneberg 5;0705;W;26.09.20;20:14:01;53;28;52,8;33239;22746;68,4;10493;31,6;0;0,0;10914;43,6;624;5,7;624;5,7;10592;97,0;322;3,0;2509;23,7;1740;16,4;1133;10,7;2122;20,0;2075;19,6;240;2,3;0;0,0;0;0,0;204;1,9;0;0,0;0;0,0;0;0,0;0;0,0;0;0,0;0;0,0;0;0,0;0;0,0;0;0,0;0;0,0;0;0,0;0;0,0;0;0,0;0;0,0;569;5,4;0;0,0;0;0,0;0;0,0;0;0,0;0;0,0;0;0,0;0;0,0;0;0,0;0;0,0;0;0,0;0;0,0;0;0,0;0;0,0;0;0,0;0;0,0;0;0,0;0;0,0;0;0,0;0;0,0;0;0,0;0;0,0;0;0,0;0;0,0;0;0,0;0;0,0;0;0,0;0;0,0;0;0,0;0;0,0;0;0,0;0;0,0;0;0,0;0;0,0;0;0,0;0;0,0;0;0,0;0;0,0;0;0,0;0;0,0;0;0,0;0;0,0;0;0,0;0;0,0;0;0,0;0;0,0;0;0,0;0;0,0;0;0,0;0;0,0;0;0,0;0;0,0;0;0,0;0;0,0;0;0,0;0;0,0;0;0,0;0;0,0;0;0,0;0;0,0;0;0,0;0;0,0;0;0,0;0;0,0;0;0,0;0;0,0;0;0,0;0;0,0;0;0,0;0;0,0;0;0,0;0;0,0;0;0,0;0;0,0;0;0,0;0;0,0;0;0,0;0;0,0;0;0,0;0;0,0;0;0,0;0;0,0;0;0,0;0;0,0;0;0,0;0;0,0;0;0,0;0;0,0;0;0,0;0;0,0;0;0,0;0;0,0;0;0,0;0;0,0;0;0,0;0;0,0;0;0,0
AI0706;1;Abgeordnetenhauswahlkreis;Tempelhof-Schöneberg 6;0706;W;26.09.20;20:14:01;50;29;58,0;31256;21059;67,4;10197;32,6;0;0,0;11831;49,2;1453;12,3;1453;12,3;11524;97,4;307;2,6;3463;30,1;1744;15,1;1063;9,2;1443;12,5;2527;21,9;283;2,5;289;2,5;0;0,0;156;1,4;0;0,0;0;0,0;0;0,0;0;0,0;0;0,0;0;0,0;0;0,0;0;0,0;0;0,0;0;0,0;0;0,0;0;0,0;0;0,0;0;0,0;556;4,8;0;0,0;0;0,0;0;0,0;0;0,0;0;0,0;0;0,0;0;0,0;0;0,0;0;0,0;0;0,0;0;0,0;0;0,0;0;0,0;0;0,0;0;0,0;0;0,0;0;0,0;0;0,0;0;0,0;0;0,0;0;0,0;0;0,0;0;0,0;0;0,0;0;0,0;0;0,0;0;0,0;0;0,0;0;0,0;0;0,0;0;0,0;0;0,0;0;0,0;0;0,0;0;0,0;0;0,0;0;0,0;0;0,0;0;0,0;0;0,0;0;0,0;0;0,0;0;0,0;0;0,0;0;0,0;0;0,0;0;0,0;0;0,0;0;0,0;0;0,0;0;0,0;0;0,0;0;0,0;0;0,0;0;0,0;0;0,0;0;0,0;0;0,0;0;0,0;0;0,0;0;0,0;0;0,0;0;0,0;0;0,0;0;0,0;0;0,0;0;0,0;0;0,0;0;0,0;0;0,0;0;0,0;0;0,0;0;0,0;0;0,0;0;0,0;0;0,0;0;0,0;0;0,0;0;0,0;0;0,0;0;0,0;0;0,0;0;0,0;0;0,0;0;0,0;0;0,0;0;0,0;0;0,0;0;0,0;0;0,0;0;0,0;0;0,0;0;0,0;0;0,0;0;0,0;0;0,0
AI0707;1;Abgeordnetenhauswahlkreis;Tempelhof-Schöneberg 7;0707;W;26.09.20;20:14:01;51;28;54,9;32586;21507;66,0;11079;34,0;0;0,0;11847;43,4;0;0,0;0;0,0;11509;97,1;338;2,9;3525;30,6;1427;12,4;1205;10,5;1583;13,8;2757;24,0;344;3,0;0;0,0;0;0,0;186;1,6;0;0,0;0;0,0;0;0,0;0;0,0;0;0,0;0;0,0;0;0,0;0;0,0;0;0,0;0;0,0;0;0,0;0;0,0;0;0,0;0;0,0;482;4,2;0;0,0;0;0,0;0;0,0;0;0,0;0;0,0;0;0,0;0;0,0;0;0,0;0;0,0;0;0,0;0;0,0;0;0,0;0;0,0;0;0,0;0;0,0;0;0,0;0;0,0;0;0,0;0;0,0;0;0,0;0;0,0;0;0,0;0;0,0;0;0,0;0;0,0;0;0,0;0;0,0;0;0,0;0;0,0;0;0,0;0;0,0;0;0,0;0;0,0;0;0,0;0;0,0;0;0,0;0;0,0;0;0,0;0;0,0;0;0,0;0;0,0;0;0,0;0;0,0;0;0,0;0;0,0;0;0,0;0;0,0;0;0,0;0;0,0;0;0,0;0;0,0;0;0,0;0;0,0;0;0,0;0;0,0;0;0,0;0;0,0;0;0,0;0;0,0;0;0,0;0;0,0;0;0,0;0;0,0;0;0,0;0;0,0;0;0,0;0;0,0;0;0,0;0;0,0;0;0,0;0;0,0;0;0,0;0;0,0;0;0,0;0;0,0;0;0,0;0;0,0;0;0,0;0;0,0;0;0,0;0;0,0;0;0,0;0;0,0;0;0,0;0;0,0;0;0,0;0;0,0;0;0,0;0;0,0;0;0,0;0;0,0;0;0,0;0;0,0;0;0,0;0;0,0;0;0,0
AI0801;1;Abgeordnetenhauswahlkreis;Neukölln 1;0801;W;26.09.20;20:14:01;51;25;49,0;31892;20221;63,4;11671;36,6;0;0,0;10491;48,7;1797;17,1;1797;17,1;10324;98,4;167;1,6;569;5,5;904;8,8;2519;24,4;4823;46,7;722;7,0;0;0,0;0;0,0;176;1,7;129;1,2;0;0,0;0;0,0;0;0,0;0;0,0;0;0,0;0;0,0;0;0,0;0;0,0;0;0,0;0;0,0;0;0,0;0;0,0;0;0,0;0;0,0;378;3,7;0;0,0;0;0,0;0;0,0;0;0,0;0;0,0;0;0,0;0;0,0;0;0,0;0;0,0;0;0,0;0;0,0;0;0,0;104;1,0;0;0,0;0;0,0;0;0,0;0;0,0;0;0,0;0;0,0;0;0,0;0;0,0;0;0,0;0;0,0;0;0,0;0;0,0;0;0,0;0;0,0;0;0,0;0;0,0;0;0,0;0;0,0;0;0,0;0;0,0;0;0,0;0;0,0;0;0,0;0;0,0;0;0,0;0;0,0;0;0,0;0;0,0;0;0,0;0;0,0;0;0,0;0;0,0;0;0,0;0;0,0;0;0,0;0;0,0;0;0,0;0;0,0;0;0,0;0;0,0;0;0,0;0;0,0;0;0,0;0;0,0;0;0,0;0;0,0;0;0,0;0;0,0;0;0,0;0;0,0;0;0,0;0;0,0;0;0,0;0;0,0;0;0,0;0;0,0;0;0,0;0;0,0;0;0,0;0;0,0;0;0,0;0;0,0;0;0,0;0;0,0;0;0,0;0;0,0;0;0,0;0;0,0;0;0,0;0;0,0;0;0,0;0;0,0;0;0,0;0;0,0;0;0,0;0;0,0;0;0,0;0;0,0;0;0,0;0;0,0;0;0,0;0;0,0;0;0,0
AI0802;1;Abgeordnetenhauswahlkreis;Neukölln 2;0802;W;26.09.20;20:14:01;50;26;52,0;32127;21307;66,3;10820;33,7;0;0,0;11087;51,2;2315;20,9;2315;20,9;10900;98,3;187;1,7;566;5,2;917;8,4;2430;22,3;5496;50,4;705;6,5;0;0,0;0;0,0;137;1,3;171;1,6;0;0,0;0;0,0;0;0,0;0;0,0;0;0,0;0;0,0;0;0,0;0;0,0;0;0,0;0;0,0;0;0,0;0;0,0;0;0,0;0;0,0;422;3,9;0;0,0;0;0,0;0;0,0;0;0,0;0;0,0;0;0,0;0;0,0;0;0,0;0;0,0;56;0,5;0;0,0;0;0,0;0;0,0;0;0,0;0;0,0;0;0,0;0;0,0;0;0,0;0;0,0;0;0,0;0;0,0;0;0,0;0;0,0;0;0,0;0;0,0;0;0,0;0;0,0;0;0,0;0;0,0;0;0,0;0;0,0;0;0,0;0;0,0;0;0,0;0;0,0;0;0,0;0;0,0;0;0,0;0;0,0;0;0,0;0;0,0;0;0,0;0;0,0;0;0,0;0;0,0;0;0,0;0;0,0;0;0,0;0;0,0;0;0,0;0;0,0;0;0,0;0;0,0;0;0,0;0;0,0;0;0,0;0;0,0;0;0,0;0;0,0;0;0,0;0;0,0;0;0,0;0;0,0;0;0,0;0;0,0;0;0,0;0;0,0;0;0,0;0;0,0;0;0,0;0;0,0;0;0,0;0;0,0;0;0,0;0;0,0;0;0,0;0;0,0;0;0,0;0;0,0;0;0,0;0;0,0;0;0,0;0;0,0;0;0,0;0;0,0;0;0,0;0;0,0;0;0,0;0;0,0;0;0,0;0;0,0;0;0,0;0;0,0;0;0,0;0;0,0;0;0,0
AI0803;1;Abgeordnetenhauswahlkreis;Neukölln 3;0803;W;26.09.20;20:14:01;47;16;34,0;33854;24497;72,4;9357;27,6;0;0,0;7099;47,0;998;14,1;998;14,1;6928;97,6;171;2,4;577;8,3;905;13,1;1017;14,7;3025;43,7;817;11,8;0;0,0;0;0,0;110;1,6;120;1,7;0;0,0;0;0,0;0;0,0;0;0,0;0;0,0;0;0,0;0;0,0;0;0,0;0;0,0;0;0,0;0;0,0;0;0,0;0;0,0;0;0,0;357;5,2;0;0,0;0;0,0;0;0,0;0;0,0;0;0,0;0;0,0;0;0,0;0;0,0;0;0,0;0;0,0;0;0,0;0;0,0;0;0,0;0;0,0;0;0,0;0;0,0;0;0,0;0;0,0;0;0,0;0;0,0;0;0,0;0;0,0;0;0,0;0;0,0;0;0,0;0;0,0;0;0,0;0;0,0;0;0,0;0;0,0;0;0,0;0;0,0;0;0,0;0;0,0;0;0,0;0;0,0;0;0,0;0;0,0;0;0,0;0;0,0;0;0,0;0;0,0;0;0,0;0;0,0;0;0,0;0;0,0;0;0,0;0;0,0;0;0,0;0;0,0;0;0,0;0;0,0;0;0,0;0;0,0;0;0,0;0;0,0;0;0,0;0;0,0;0;0,0;0;0,0;0;0,0;0;0,0;0;0,0;0;0,0;0;0,0;0;0,0;0;0,0;0;0,0;0;0,0;0;0,0;0;0,0;0;0,0;0;0,0;0;0,0;0;0,0;0;0,0;0;0,0;0;0,0;0;0,0;0;0,0;0;0,0;0;0,0;0;0,0;0;0,0;0;0,0;0;0,0;0;0,0;0;0,0;0;0,0;0;0,0;0;0,0;0;0,0;0;0,0;0;0,0;0;0,0;0;0,0
AI0804;1;Abgeordnetenhauswahlkreis;Neukölln 4;0804;W;26.09.20;20:14:01;46;19;41,3;32430;23153;71,4;9277;28,6;0;0,0;7433;43,1;628;8,4;628;8,4;7193;96,8;240;3,2;1785;24,8;1602;22,3;315;4,4;1359;18,9;1642;22,8;0;0,0;0;0,0;0;0,0;114;1,6;0;0,0;0;0,0;0;0,0;0;0,0;0;0,0;0;0,0;0;0,0;0;0,0;0;0,0;0;0,0;0;0,0;0;0,0;0;0,0;0;0,0;376;5,2;0;0,0;0;0,0;0;0,0;0;0,0;0;0,0;0;0,0;0;0,0;0;0,0;0;0,0;0;0,0;0;0,0;0;0,0;0;0,0;0;0,0;0;0,0;0;0,0;0;0,0;0;0,0;0;0,0;0;0,0;0;0,0;0;0,0;0;0,0;0;0,0;0;0,0;0;0,0;0;0,0;0;0,0;0;0,0;0;0,0;0;0,0;0;0,0;0;0,0;0;0,0;0;0,0;0;0,0;0;0,0;0;0,0;0;0,0;0;0,0;0;0,0;0;0,0;0;0,0;0;0,0;0;0,0;0;0,0;0;0,0;0;0,0;0;0,0;0;0,0;0;0,0;0;0,0;0;0,0;0;0,0;0;0,0;0;0,0;0;0,0;0;0,0;0;0,0;0;0,0;0;0,0;0;0,0;0;0,0;0;0,0;0;0,0;0;0,0;0;0,0;0;0,0;0;0,0;0;0,0;0;0,0;0;0,0;0;0,0;0;0,0;0;0,0;0;0,0;0;0,0;0;0,0;0;0,0;0;0,0;0;0,0;0;0,0;0;0,0;0;0,0;0;0,0;0;0,0;0;0,0;0;0,0;0;0,0;0;0,0;0;0,0;0;0,0;0;0,0;0;0,0;0;0,0;0;0,0
AI0805;1;Abgeordnetenhauswahlkreis;Neukölln 5;0805;W;26.09.20;20:14:01;53;22;41,5;33372;22649;67,9;10723;32,1;0;0,0;9112;54,2;1893;20,8;1893;20,8;8816;96,8;296;3,2;2343;26,6;1550;17,6;893;10,1;1815;20,6;1755;19,9;0;0,0;275;3,1;0;0,0;156;1,8;0;0,0;0;0,0;0;0,0;0;0,0;0;0,0;0;0,0;0;0,0;0;0,0;0;0,0;0;0,0;0;0,0;0;0,0;0;0,0;0;0,0;0;0,0;0;0,0;0;0,0;0;0,0;0;0,0;0;0,0;0;0,0;0;0,0;0;0,0;0;0,0;0;0,0;0;0,0;0;0,0;0;0,0;0;0,0;0;0,0;0;0,0;29;0,3;0;0,0;0;0,0;0;0,0;0;0,0;0;0,0;0;0,0;0;0,0;0;0,0;0;0,0;0;0,0;0;0,0;0;0,0;0;0,0;0;0,0;0;0,0;0;0,0;0;0,0;0;0,0;0;0,0;0;0,0;0;0,0;0;0,0;0;0,0;0;0,0;0;0,0;0;0,0;0;0,0;0;0,0;0;0,0;0;0,0;0;0,0;0;0,0;0;0,0;0;0,0;0;0,0;0;0,0;0;0,0;0;0,0;0;0,0;0;0,0;0;0,0;0;0,0;0;0,0;0;0,0;0;0,0;0;0,0;0;0,0;0;0,0;0;0,0;0;0,0;0;0,0;0;0,0;0;0,0;0;0,0;0;0,0;0;0,0;0;0,0;0;0,0;0;0,0;0;0,0;0;0,0;0;0,0;0;0,0;0;0,0;0;0,0;0;0,0;0;0,0;0;0,0;0;0,0;0;0,0;0;0,0;0;0,0;0;0,0;0;0,0;0;0,0;0;0,0;0;0,0;0;0,0;0;0,0
AI0806;1;Abgeordnetenhauswahlkreis;Neukölln 6;0806;W;26.09.20;20:14:01;52;25;48,1;32621;22253;68,2;10368;31,8;0;0,0;10176;49,9;1198;11,8;1198;11,8;9945;97,7;231;2,3;2503;25,2;2489;25,0;393;4,0;1459;14,7;2373;23,9;0;0,0;215;2,2;0;0,0;107;1,1;0;0,0;0;0,0;0;0,0;0;0,0;0;0,0;0;0,0;0;0,0;0;0,0;0;0,0;0;0,0;0;0,0;0;0,0;0;0,0;0;0,0;406;4,1;0;0,0;0;0,0;0;0,0;0;0,0;0;0,0;0;0,0;0;0,0;0;0,0;0;0,0;0;0,0;0;0,0;0;0,0;0;0,0;0;0,0;0;0,0;0;0,0;0;0,0;0;0,0;0;0,0;0;0,0;0;0,0;0;0,0;0;0,0;0;0,0;0;0,0;0;0,0;0;0,0;0;0,0;0;0,0;0;0,0;0;0,0;0;0,0;0;0,0;0;0,0;0;0,0;0;0,0;0;0,0;0;0,0;0;0,0;0;0,0;0;0,0;0;0,0;0;0,0;0;0,0;0;0,0;0;0,0;0;0,0;0;0,0;0;0,0;0;0,0;0;0,0;0;0,0;0;0,0;0;0,0;0;0,0;0;0,0;0;0,0;0;0,0;0;0,0;0;0,0;0;0,0;0;0,0;0;0,0;0;0,0;0;0,0;0;0,0;0;0,0;0;0,0;0;0,0;0;0,0;0;0,0;0;0,0;0;0,0;0;0,0;0;0,0;0;0,0;0;0,0;0;0,0;0;0,0;0;0,0;0;0,0;0;0,0;0;0,0;0;0,0;0;0,0;0;0,0;0;0,0;0;0,0;0;0,0;0;0,0;0;0,0;0;0,0;0;0,0;0;0,0;0;0,0;0;0,0
AI0901;1;Abgeordnetenhauswahlkreis;Treptow-Köpenick 1;0901;O;26.09.20;20:14:01;46;31;67,4;28840;19263;66,8;9577;33,2;0;0,0;14167;64,3;4103;29,0;4103;29,0;13878;98,0;289;2,0;1345;9,7;1507;10,9;2079;15,0;5646;40,7;2062;14,9;0;0,0;340;2,4;0;0,0;297;2,1;0;0,0;0;0,0;0;0,0;0;0,0;0;0,0;0;0,0;0;0,0;0;0,0;0;0,0;0;0,0;0;0,0;0;0,0;0;0,0;0;0,0;602;4,3;0;0,0;0;0,0;0;0,0;0;0,0;0;0,0;0;0,0;0;0,0;0;0,0;0;0,0;0;0,0;0;0,0;0;0,0;0;0,0;0;0,0;0;0,0;0;0,0;0;0,0;0;0,0;0;0,0;0;0,0;0;0,0;0;0,0;0;0,0;0;0,0;0;0,0;0;0,0;0;0,0;0;0,0;0;0,0;0;0,0;0;0,0;0;0,0;0;0,0;0;0,0;0;0,0;0;0,0;0;0,0;0;0,0;0;0,0;0;0,0;0;0,0;0;0,0;0;0,0;0;0,0;0;0,0;0;0,0;0;0,0;0;0,0;0;0,0;0;0,0;0;0,0;0;0,0;0;0,0;0;0,0;0;0,0;0;0,0;0;0,0;0;0,0;0;0,0;0;0,0;0;0,0;0;0,0;0;0,0;0;0,0;0;0,0;0;0,0;0;0,0;0;0,0;0;0,0;0;0,0;0;0,0;0;0,0;0;0,0;0;0,0;0;0,0;0;0,0;0;0,0;0;0,0;0;0,0;0;0,0;0;0,0;0;0,0;0;0,0;0;0,0;0;0,0;0;0,0;0;0,0;0;0,0;0;0,0;0;0,0;0;0,0;0;0,0;0;0,0;0;0,0;0;0,0;0;0,0
AI0902;1;Abgeordnetenhauswahlkreis;Treptow-Köpenick 2;0902;O;26.09.20;20:14:01;45;30;66,7;27757;19544;70,4;8213;29,6;0;0,0;13677;69,7;4308;31,5;4308;31,5;13409;98,0;268;2,0;1572;11,7;1680;12,5;1218;9,1;4736;35,3;2843;21,2;245;1,8;0;0,0;0;0,0;377;2,8;0;0,0;0;0,0;0;0,0;0;0,0;0;0,0;0;0,0;0;0,0;0;0,0;0;0,0;0;0,0;0;0,0;0;0,0;0;0,0;0;0,0;738;5,5;0;0,0;0;0,0;0;0,0;0;0,0;0;0,0;0;0,0;0;0,0;0;0,0;0;0,0;0;0,0;0;0,0;0;0,0;0;0,0;0;0,0;0;0,0;0;0,0;0;0,0;0;0,0;0;0,0;0;0,0;0;0,0;0;0,0;0;0,0;0;0,0;0;0,0;0;0,0;0;0,0;0;0,0;0;0,0;0;0,0;0;0,0;0;0,0;0;0,0;0;0,0;0;0,0;0;0,0;0;0,0;0;0,0;0;0,0;0;0,0;0;0,0;0;0,0;0;0,0;0;0,0;0;0,0;0;0,0;0;0,0;0;0,0;0;0,0;0;0,0;0;0,0;0;0,0;0;0,0;0;0,0;0;0,0;0;0,0;0;0,0;0;0,0;0;0,0;0;0,0;0;0,0;0;0,0;0;0,0;0;0,0;0;0,0;0;0,0;0;0,0;0;0,0;0;0,0;0;0,0;0;0,0;0;0,0;0;0,0;0;0,0;0;0,0;0;0,0;0;0,0;0;0,0;0;0,0;0;0,0;0;0,0;0;0,0;0;0,0;0;0,0;0;0,0;0;0,0;0;0,0;0;0,0;0;0,0;0;0,0;0;0,0;0;0,0;0;0,0;0;0,0;0;0,0;0;0,0
AI0903;1;Abgeordnetenhauswahlkreis;Treptow-Köpenick 3;0903;O;26.09.20;20:14:01;46;31;67,4;29817;20502;68,8;9315;31,2;0;0,0;14632;61,7;3339;22,8;3339;22,8;14362;98,2;270;1,8;1447;10,1;3620;25,2;929;6,5;3667;25,5;3361;23,4;258;1,8;0;0,0;0;0,0;267;1,9;0;0,0;0;0,0;0;0,0;43;0,3;0;0,0;0;0,0;0;0,0;0;0,0;0;0,0;0;0,0;0;0,0;0;0,0;0;0,0;0;0,0;770;5,4;0;0,0;0;0,0;0;0,0;0;0,0;0;0,0;0;0,0;0;0,0;0;0,0;0;0,0;0;0,0;0;0,0;0;0,0;0;0,0;0;0,0;0;0,0;0;0,0;0;0,0;0;0,0;0;0,0;0;0,0;0;0,0;0;0,0;0;0,0;0;0,0;0;0,0;0;0,0;0;0,0;0;0,0;0;0,0;0;0,0;0;0,0;0;0,0;0;0,0;0;0,0;0;0,0;0;0,0;0;0,0;0;0,0;0;0,0;0;0,0;0;0,0;0;0,0;0;0,0;0;0,0;0;0,0;0;0,0;0;0,0;0;0,0;0;0,0;0;0,0;0;0,0;0;0,0;0;0,0;0;0,0;0;0,0;0;0,0;0;0,0;0;0,0;0;0,0;0;0,0;0;0,0;0;0,0;0;0,0;0;0,0;0;0,0;0;0,0;0;0,0;0;0,0;0;0,0;0;0,0;0;0,0;0;0,0;0;0,0;0;0,0;0;0,0;0;0,0;0;0,0;0;0,0;0;0,0;0;0,0;0;0,0;0;0,0;0;0,0;0;0,0;0;0,0;0;0,0;0;0,0;0;0,0;0;0,0;0;0,0;0;0,0;0;0,0;0;0,0;0;0,0;0;0,0;0;0,0
AI0904;1;Abgeordnetenhauswahlkreis;Treptow-Köpenick 4;0904;O;26.09.20;20:14:01;50;30;60,0;32726;22940;70,1;9786;29,9;0;0,0;14354;72,7;5047;35,2;5047;35,2;14071;98,0;283;2,0;3560;25,3;1234;8,8;722;5,1;2686;19,1;4444;31,6;309;2,2;0;0,0;0;0,0;220;1,6;0;0,0;0;0,0;0;0,0;45;0,3;0;0,0;0;0,0;0;0,0;0;0,0;0;0,0;0;0,0;0;0,0;0;0,0;0;0,0;0;0,0;851;6,0;0;0,0;0;0,0;0;0,0;0;0,0;0;0,0;0;0,0;0;0,0;0;0,0;0;0,0;0;0,0;0;0,0;0;0,0;0;0,0;0;0,0;0;0,0;0;0,0;0;0,0;0;0,0;0;0,0;0;0,0;0;0,0;0;0,0;0;0,0;0;0,0;0;0,0;0;0,0;0;0,0;0;0,0;0;0,0;0;0,0;0;0,0;0;0,0;0;0,0;0;0,0;0;0,0;0;0,0;0;0,0;0;0,0;0;0,0;0;0,0;0;0,0;0;0,0;0;0,0;0;0,0;0;0,0;0;0,0;0;0,0;0;0,0;0;0,0;0;0,0;0;0,0;0;0,0;0;0,0;0;0,0;0;0,0;0;0,0;0;0,0;0;0,0;0;0,0;0;0,0;0;0,0;0;0,0;0;0,0;0;0,0;0;0,0;0;0,0;0;0,0;0;0,0;0;0,0;0;0,0;0;0,0;0;0,0;0;0,0;0;0,0;0;0,0;0;0,0;0;0,0;0;0,0;0;0,0;0;0,0;0;0,0;0;0,0;0;0,0;0;0,0;0;0,0;0;0,0;0;0,0;0;0,0;0;0,0;0;0,0;0;0,0;0;0,0;0;0,0;0;0,0;0;0,0;0;0,0
AI0905;1;Abgeordnetenhauswahlkreis;Treptow-Köpenick 5;0905;O;26.09.20;20:14:01;48;32;66,7;31010;21629;69,7;9381;30,3;0;0,0;15141;63,3;3743;24,7;3743;24,7;14784;97,6;357;2,4;2531;17,1;1872;12,7;1251;8,5;3550;24,0;4014;27,2;336;2,3;0;0,0;0;0,0;369;2,5;0;0,0;0;0,0;0;0,0;0;0,0;0;0,0;0;0,0;0;0,0;0;0,0;0;0,0;0;0,0;0;0,0;0;0,0;0;0,0;0;0,0;861;5,8;0;0,0;0;0,0;0;0,0;0;0,0;0;0,0;0;0,0;0;0,0;0;0,0;0;0,0;0;0,0;0;0,0;0;0,0;0;0,0;0;0,0;0;0,0;0;0,0;0;0,0;0;0,0;0;0,0;0;0,0;0;0,0;0;0,0;0;0,0;0;0,0;0;0,0;0;0,0;0;0,0;0;0,0;0;0,0;0;0,0;0;0,0;0;0,0;0;0,0;0;0,0;0;0,0;0;0,0;0;0,0;0;0,0;0;0,0;0;0,0;0;0,0;0;0,0;0;0,0;0;0,0;0;0,0;0;0,0;0;0,0;0;0,0;0;0,0;0;0,0;0;0,0;0;0,0;0;0,0;0;0,0;0;0,0;0;0,0;0;0,0;0;0,0;0;0,0;0;0,0;0;0,0;0;0,0;0;0,0;0;0,0;0;0,0;0;0,0;0;0,0;0;0,0;0;0,0;0;0,0;0;0,0;0;0,0;0;0,0;0;0,0;0;0,0;0;0,0;0;0,0;0;0,0;0;0,0;0;0,0;0;0,0;0;0,0;0;0,0;0;0,0;0;0,0;0;0,0;0;0,0;0;0,0;0;0,0;0;0,0;0;0,0;0;0,0;0;0,0;0;0,0;0;0,0;0;0,0
AI0906;1;Abgeordnetenhauswahlkreis;Treptow-Köpenick 6;0906;O;26.09.20;20:14:01;45;26;57,8;29701;20981;70,6;8720;29,4;0;0,0;12681;58,5;2007;15,8;2007;15,8;12328;97,2;353;2,8;2038;16,5;1085;8,8;639;5,2;2842;23,1;4148;33,6;275;2,2;0;0,0;263;2,1;161;1,3;0;0,0;0;0,0;0;0,0;0;0,0;0;0,0;0;0,0;0;0,0;0;0,0;0;0,0;0;0,0;0;0,0;0;0,0;0;0,0;0;0,0;877;7,1;0;0,0;0;0,0;0;0,0;0;0,0;0;0,0;0;0,0;0;0,0;0;0,0;0;0,0;0;0,0;0;0,0;0;0,0;0;0,0;0;0,0;0;0,0;0;0,0;0;0,0;0;0,0;0;0,0;0;0,0;0;0,0;0;0,0;0;0,0;0;0,0;0;0,0;0;0,0;0;0,0;0;0,0;0;0,0;0;0,0;0;0,0;0;0,0;0;0,0;0;0,0;0;0,0;0;0,0;0;0,0;0;0,0;0;0,0;0;0,0;0;0,0;0;0,0;0;0,0;0;0,0;0;0,0;0;0,0;0;0,0;0;0,0;0;0,0;0;0,0;0;0,0;0;0,0;0;0,0;0;0,0;0;0,0;0;0,0;0;0,0;0;0,0;0;0,0;0;0,0;0;0,0;0;0,0;0;0,0;0;0,0;0;0,0;0;0,0;0;0,0;0;0,0;0;0,0;0;0,0;0;0,0;0;0,0;0;0,0;0;0,0;0;0,0;0;0,0;0;0,0;0;0,0;0;0,0;0;0,0;0;0,0;0;0,0;0;0,0;0;0,0;0;0,0;0;0,0;0;0,0;0;0,0;0;0,0;0;0,0;0;0,0;0;0,0;0;0,0;0;0,0;0;0,0;0;0,0
AI0907;1;Abgeordnetenhauswahlkreis;Treptow-Köpenick 7;0907;O;26.09.20;20:14:01;49;29;59,2;32176;21615;67,2;10561;32,8;0;0,0;15551;70,6;4402;28,3;4402;28,3;15170;97,5;381;2,5;3633;23,9;1692;11,2;1210;8,0;3959;26,1;3356;22,1;0;0,0;0;0,0;0;0,0;283;1,9;0;0,0;0;0,0;0;0,0;59;0,4;0;0,0;0;0,0;0;0,0;0;0,0;0;0,0;0;0,0;0;0,0;0;0,0;0;0,0;0;0,0;978;6,4;0;0,0;0;0,0;0;0,0;0;0,0;0;0,0;0;0,0;0;0,0;0;0,0;0;0,0;0;0,0;0;0,0;0;0,0;0;0,0;0;0,0;0;0,0;0;0,0;0;0,0;0;0,0;0;0,0;0;0,0;0;0,0;0;0,0;0;0,0;0;0,0;0;0,0;0;0,0;0;0,0;0;0,0;0;0,0;0;0,0;0;0,0;0;0,0;0;0,0;0;0,0;0;0,0;0;0,0;0;0,0;0;0,0;0;0,0;0;0,0;0;0,0;0;0,0;0;0,0;0;0,0;0;0,0;0;0,0;0;0,0;0;0,0;0;0,0;0;0,0;0;0,0;0;0,0;0;0,0;0;0,0;0;0,0;0;0,0;0;0,0;0;0,0;0;0,0;0;0,0;0;0,0;0;0,0;0;0,0;0;0,0;0;0,0;0;0,0;0;0,0;0;0,0;0;0,0;0;0,0;0;0,0;0;0,0;0;0,0;0;0,0;0;0,0;0;0,0;0;0,0;0;0,0;0;0,0;0;0,0;0;0,0;0;0,0;0;0,0;0;0,0;0;0,0;0;0,0;0;0,0;0;0,0;0;0,0;0;0,0;0;0,0;0;0,0;0;0,0;0;0,0;0;0,0;0;0,0
AI1001;1;Abgeordnetenhauswahlkreis;Marzahn-Hellersdorf 1;1001;O;26.09.20;20:14:01;45;12;26,7;31803;25526;80,3;6277;19,7;0;0,0;4981;180,7;3765;75,6;3765;75,6;4862;97,6;119;2,4;556;11,4;541;11,1;207;4,3;1295;26,6;1671;34,4;96;2,0;0;0,0;0;0,0;118;2,4;0;0,0;0;0,0;0;0,0;0;0,0;0;0,0;0;0,0;0;0,0;0;0,0;0;0,0;0;0,0;0;0,0;0;0,0;0;0,0;0;0,0;378;7,8;0;0,0;0;0,0;0;0,0;0;0,0;0;0,0;0;0,0;0;0,0;0;0,0;0;0,0;0;0,0;0;0,0;0;0,0;0;0,0;0;0,0;0;0,0;0;0,0;0;0,0;0;0,0;0;0,0;0;0,0;0;0,0;0;0,0;0;0,0;0;0,0;0;0,0;0;0,0;0;0,0;0;0,0;0;0,0;0;0,0;0;0,0;0;0,0;0;0,0;0;0,0;0;0,0;0;0,0;0;0,0;0;0,0;0;0,0;0;0,0;0;0,0;0;0,0;0;0,0;0;0,0;0;0,0;0;0,0;0;0,0;0;0,0;0;0,0;0;0,0;0;0,0;0;0,0;0;0,0;0;0,0;0;0,0;0;0,0;0;0,0;0;0,0;0;0,0;0;0,0;0;0,0;0;0,0;0;0,0;0;0,0;0;0,0;0;0,0;0;0,0;0;0,0;0;0,0;0;0,0;0;0,0;0;0,0;0;0,0;0;0,0;0;0,0;0;0,0;0;0,0;0;0,0;0;0,0;0;0,0;0;0,0;0;0,0;0;0,0;0;0,0;0;0,0;0;0,0;0;0,0;0;0,0;0;0,0;0;0,0;0;0,0;0;0,0;0;0,0;0;0,0;0;0,0;0;0,0
AI1002;1;Abgeordnetenhauswahlkreis;Marzahn-Hellersdorf 2;1002;O;26.09.20;20:14:01;51;24;47,1;33391;25009;74,9;8382;25,1;0;0,0;10336;84,9;5167;50,0;5167;50,0;10073;97,5;263;2,5;2002;19,9;957;9,5;367;3,6;2421;24,0;3124;31,0;191;1,9;0;0,0;0;0,0;229;2,3;0;0,0;0;0,0;0;0,0;0;0,0;0;0,0;0;0,0;0;0,0;0;0,0;0;0,0;0;0,0;0;0,0;0;0,0;0;0,0;0;0,0;782;7,8;0;0,0;0;0,0;0;0,0;0;0,0;0;0,0;0;0,0;0;0,0;0;0,0;0;0,0;0;0,0;0;0,0;0;0,0;0;0,0;0;0,0;0;0,0;0;0,0;0;0,0;0;0,0;0;0,0;0;0,0;0;0,0;0;0,0;0;0,0;0;0,0;0;0,0;0;0,0;0;0,0;0;0,0;0;0,0;0;0,0;0;0,0;0;0,0;0;0,0;0;0,0;0;0,0;0;0,0;0;0,0;0;0,0;0;0,0;0;0,0;0;0,0;0;0,0;0;0,0;0;0,0;0;0,0;0;0,0;0;0,0;0;0,0;0;0,0;0;0,0;0;0,0;0;0,0;0;0,0;0;0,0;0;0,0;0;0,0;0;0,0;0;0,0;0;0,0;0;0,0;0;0,0;0;0,0;0;0,0;0;0,0;0;0,0;0;0,0;0;0,0;0;0,0;0;0,0;0;0,0;0;0,0;0;0,0;0;0,0;0;0,0;0;0,0;0;0,0;0;0,0;0;0,0;0;0,0;0;0,0;0;0,0;0;0,0;0;0,0;0;0,0;0;0,0;0;0,0;0;0,0;0;0,0;0;0,0;0;0,0;0;0,0;0;0,0;0;0,0;0;0,0;0;0,0;0;0,0
AI1003;1;Abgeordnetenhauswahlkreis;Marzahn-Hellersdorf 3;1003;O;26.09.20;20:14:01;52;13;25,0;34408;27253;79,2;7155;20,8;0;0,0;5035;46,4;377;7,5;377;7,5;4883;97,0;152;3,0;579;11,9;303;6,2;130;2,7;1007;20,6;2330;47,7;79;1,6;0;0,0;0;0,0;119;2,4;0;0,0;0;0,0;0;0,0;0;0,0;0;0,0;0;0,0;0;0,0;0;0,0;0;0,0;0;0,0;0;0,0;0;0,0;0;0,0;0;0,0;336;6,9;0;0,0;0;0,0;0;0,0;0;0,0;0;0,0;0;0,0;0;0,0;0;0,0;0;0,0;0;0,0;0;0,0;0;0,0;0;0,0;0;0,0;0;0,0;0;0,0;0;0,0;0;0,0;0;0,0;0;0,0;0;0,0;0;0,0;0;0,0;0;0,0;0;0,0;0;0,0;0;0,0;0;0,0;0;0,0;0;0,0;0;0,0;0;0,0;0;0,0;0;0,0;0;0,0;0;0,0;0;0,0;0;0,0;0;0,0;0;0,0;0;0,0;0;0,0;0;0,0;0;0,0;0;0,0;0;0,0;0;0,0;0;0,0;0;0,0;0;0,0;0;0,0;0;0,0;0;0,0;0;0,0;0;0,0;0;0,0;0;0,0;0;0,0;0;0,0;0;0,0;0;0,0;0;0,0;0;0,0;0;0,0;0;0,0;0;0,0;0;0,0;0;0,0;0;0,0;0;0,0;0;0,0;0;0,0;0;0,0;0;0,0;0;0,0;0;0,0;0;0,0;0;0,0;0;0,0;0;0,0;0;0,0;0;0,0;0;0,0;0;0,0;0;0,0;0;0,0;0;0,0;0;0,0;0;0,0;0;0,0;0;0,0;0;0,0;0;0,0;0;0,0;0;0,0;0;0,0
AI1004;1;Abgeordnetenhauswahlkreis;Marzahn-Hellersdorf 4;1004;O;26.09.20;20:14:01;58;27;46,6;34922;23782;68,1;11140;31,9;0;0,0;11571;74,6;4623;40,0;4623;40,0;11337;98,0;234;2,0;2674;23,6;831;7,3;1390;12,3;2221;19,6;2960;26,1;244;2,2;0;0,0;0;0,0;203;1,8;0;0,0;0;0,0;0;0,0;0;0,0;0;0,0;0;0,0;0;0,0;0;0,0;0;0,0;0;0,0;0;0,0;0;0,0;0;0,0;0;0,0;814;7,2;0;0,0;0;0,0;0;0,0;0;0,0;0;0,0;0;0,0;0;0,0;0;0,0;0;0,0;0;0,0;0;0,0;0;0,0;0;0,0;0;0,0;0;0,0;0;0,0;0;0,0;0;0,0;0;0,0;0;0,0;0;0,0;0;0,0;0;0,0;0;0,0;0;0,0;0;0,0;0;0,0;0;0,0;0;0,0;0;0,0;0;0,0;0;0,0;0;0,0;0;0,0;0;0,0;0;0,0;0;0,0;0;0,0;0;0,0;0;0,0;0;0,0;0;0,0;0;0,0;0;0,0;0;0,0;0;0,0;0;0,0;0;0,0;0;0,0;0;0,0;0;0,0;0;0,0;0;0,0;0;0,0;0;0,0;0;0,0;0;0,0;0;0,0;0;0,0;0;0,0;0;0,0;0;0,0;0;0,0;0;0,0;0;0,0;0;0,0;0;0,0;0;0,0;0;0,0;0;0,0;0;0,0;0;0,0;0;0,0;0;0,0;0;0,0;0;0,0;0;0,0;0;0,0;0;0,0;0;0,0;0;0,0;0;0,0;0;0,0;0;0,0;0;0,0;0;0,0;0;0,0;0;0,0;0;0,0;0;0,0;0;0,0;0;0,0;0;0,0;0;0,0;0;0,0;0;0,0
AI1005;1;Abgeordnetenhauswahlkreis;Marzahn-Hellersdorf 5;1005;O;26.09.20;20:14:01;66;28;42,4;34280;20820;60,7;13460;39,3;0;0,0;10983;81,5;4852;44,2;4852;44,2;10788;98,2;195;1,8;3306;30,6;1049;9,7;722;6,7;1797;16,7;2727;25,3;288;2,7;0;0,0;0;0,0;207;1,9;0;0,0;0;0,0;0;0,0;0;0,0;0;0,0;0;0,0;0;0,0;0;0,0;0;0,0;0;0,0;0;0,0;0;0,0;0;0,0;0;0,0;692;6,4;0;0,0;0;0,0;0;0,0;0;0,0;0;0,0;0;0,0;0;0,0;0;0,0;0;0,0;0;0,0;0;0,0;0;0,0;0;0,0;0;0,0;0;0,0;0;0,0;0;0,0;0;0,0;0;0,0;0;0,0;0;0,0;0;0,0;0;0,0;0;0,0;0;0,0;0;0,0;0;0,0;0;0,0;0;0,0;0;0,0;0;0,0;0;0,0;0;0,0;0;0,0;0;0,0;0;0,0;0;0,0;0;0,0;0;0,0;0;0,0;0;0,0;0;0,0;0;0,0;0;0,0;0;0,0;0;0,0;0;0,0;0;0,0;0;0,0;0;0,0;0;0,0;0;0,0;0;0,0;0;0,0;0;0,0;0;0,0;0;0,0;0;0,0;0;0,0;0;0,0;0;0,0;0;0,0;0;0,0;0;0,0;0;0,0;0;0,0;0;0,0;0;0,0;0;0,0;0;0,0;0;0,0;0;0,0;0;0,0;0;0,0;0;0,0;0;0,0;0;0,0;0;0,0;0;0,0;0;0,0;0;0,0;0;0,0;0;0,0;0;0,0;0;0,0;0;0,0;0;0,0;0;0,0;0;0,0;0;0,0;0;0,0;0;0,0;0;0,0;0;0,0;0;0,0;0;0,0
AI1006;1;Abgeordnetenhauswahlkreis;Marzahn-Hellersdorf 6;1006;O;26.09.20;20:14:01;50;19;38,0;30966;23007;74,3;7959;25,7;0;0,0;7773;66,4;2546;32,8;2546;32,8;7598;97,7;175;2,3;2173;28,6;504;6,6;237;3,1;1350;17,8;2660;35,0;99;1,3;0;0,0;0;0,0;113;1,5;0;0,0;0;0,0;0;0,0;0;0,0;0;0,0;0;0,0;0;0,0;0;0,0;0;0,0;0;0,0;0;0,0;0;0,0;0;0,0;0;0,0;462;6,1;0;0,0;0;0,0;0;0,0;0;0,0;0;0,0;0;0,0;0;0,0;0;0,0;0;0,0;0;0,0;0;0,0;0;0,0;0;0,0;0;0,0;0;0,0;0;0,0;0;0,0;0;0,0;0;0,0;0;0,0;0;0,0;0;0,0;0;0,0;0;0,0;0;0,0;0;0,0;0;0,0;0;0,0;0;0,0;0;0,0;0;0,0;0;0,0;0;0,0;0;0,0;0;0,0;0;0,0;0;0,0;0;0,0;0;0,0;0;0,0;0;0,0;0;0,0;0;0,0;0;0,0;0;0,0;0;0,0;0;0,0;0;0,0;0;0,0;0;0,0;0;0,0;0;0,0;0;0,0;0;0,0;0;0,0;0;0,0;0;0,0;0;0,0;0;0,0;0;0,0;0;0,0;0;0,0;0;0,0;0;0,0;0;0,0;0;0,0;0;0,0;0;0,0;0;0,0;0;0,0;0;0,0;0;0,0;0;0,0;0;0,0;0;0,0;0;0,0;0;0,0;0;0,0;0;0,0;0;0,0;0;0,0;0;0,0;0;0,0;0;0,0;0;0,0;0;0,0;0;0,0;0;0,0;0;0,0;0;0,0;0;0,0;0;0,0;0;0,0;0;0,0;0;0,0;0;0,0
AI1101;1;Abgeordnetenhauswahlkreis;Lichtenberg 1;1101;O;26.09.20;20:14:01;57;24;42,1;34019;25947;76,3;8072;23,7;0;0,0;9470;60,1;2044;21,6;2044;21,6;9158;96,7;312;3,3;2674;29,2;493;5,4;260;2,8;1821;19,9;3167;34,6;92;1,0;0;0,0;0;0,0;97;1,1;0;0,0;0;0,0;0;0,0;0;0,0;0;0,0;0;0,0;0;0,0;0;0,0;0;0,0;0;0,0;0;0,0;0;0,0;0;0,0;0;0,0;554;6,0;0;0,0;0;0,0;0;0,0;0;0,0;0;0,0;0;0,0;0;0,0;0;0,0;0;0,0;0;0,0;0;0,0;0;0,0;0;0,0;0;0,0;0;0,0;0;0,0;0;0,0;0;0,0;0;0,0;0;0,0;0;0,0;0;0,0;0;0,0;0;0,0;0;0,0;0;0,0;0;0,0;0;0,0;0;0,0;0;0,0;0;0,0;0;0,0;0;0,0;0;0,0;0;0,0;0;0,0;0;0,0;0;0,0;0;0,0;0;0,0;0;0,0;0;0,0;0;0,0;0;0,0;0;0,0;0;0,0;0;0,0;0;0,0;0;0,0;0;0,0;0;0,0;0;0,0;0;0,0;0;0,0;0;0,0;0;0,0;0;0,0;0;0,0;0;0,0;0;0,0;0;0,0;0;0,0;0;0,0;0;0,0;0;0,0;0;0,0;0;0,0;0;0,0;0;0,0;0;0,0;0;0,0;0;0,0;0;0,0;0;0,0;0;0,0;0;0,0;0;0,0;0;0,0;0;0,0;0;0,0;0;0,0;0;0,0;0;0,0;0;0,0;0;0,0;0;0,0;0;0,0;0;0,0;0;0,0;0;0,0;0;0,0;0;0,0;0;0,0;0;0,0;0;0,0;0;0,0
AI1102;1;Abgeordnetenhauswahlkreis;Lichtenberg 2;1102;O;26.09.20;20:14:01;55;23;41,8;32875;23072;70,2;9803;29,8;0;0,0;9062;46,1;417;4,6;417;4,6;8783;96,9;279;3,1;2121;24,1;551;6,3;364;4,1;1970;22,4;2990;34,0;113;1,3;0;0,0;0;0,0;167;1,9;0;0,0;0;0,0;0;0,0;0;0,0;0;0,0;0;0,0;0;0,0;0;0,0;0;0,0;0;0,0;0;0,0;0;0,0;0;0,0;0;0,0;507;5,8;0;0,0;0;0,0;0;0,0;0;0,0;0;0,0;0;0,0;0;0,0;0;0,0;0;0,0;0;0,0;0;0,0;0;0,0;0;0,0;0;0,0;0;0,0;0;0,0;0;0,0;0;0,0;0;0,0;0;0,0;0;0,0;0;0,0;0;0,0;0;0,0;0;0,0;0;0,0;0;0,0;0;0,0;0;0,0;0;0,0;0;0,0;0;0,0;0;0,0;0;0,0;0;0,0;0;0,0;0;0,0;0;0,0;0;0,0;0;0,0;0;0,0;0;0,0;0;0,0;0;0,0;0;0,0;0;0,0;0;0,0;0;0,0;0;0,0;0;0,0;0;0,0;0;0,0;0;0,0;0;0,0;0;0,0;0;0,0;0;0,0;0;0,0;0;0,0;0;0,0;0;0,0;0;0,0;0;0,0;0;0,0;0;0,0;0;0,0;0;0,0;0;0,0;0;0,0;0;0,0;0;0,0;0;0,0;0;0,0;0;0,0;0;0,0;0;0,0;0;0,0;0;0,0;0;0,0;0;0,0;0;0,0;0;0,0;0;0,0;0;0,0;0;0,0;0;0,0;0;0,0;0;0,0;0;0,0;0;0,0;0;0,0;0;0,0;0;0,0;0;0,0;0;0,0;0;0,0
AI1103;1;Abgeordnetenhauswahlkreis;Lichtenberg 3;1103;O;26.09.20;20:14:01;58;26;44,8;33724;24286;72,0;9438;28,0;0;0,0;9654;50,3;1749;18,1;1749;18,1;9357;96,9;297;3,1;1478;15,8;774;8,3;528;5,6;3009;32,2;2526;27,0;151;1,6;0;0,0;0;0,0;211;2,3;0;0,0;0;0,0;0;0,0;0;0,0;0;0,0;0;0,0;0;0,0;0;0,0;0;0,0;0;0,0;0;0,0;0;0,0;0;0,0;0;0,0;680;7,3;0;0,0;0;0,0;0;0,0;0;0,0;0;0,0;0;0,0;0;0,0;0;0,0;0;0,0;0;0,0;0;0,0;0;0,0;0;0,0;0;0,0;0;0,0;0;0,0;0;0,0;0;0,0;0;0,0;0;0,0;0;0,0;0;0,0;0;0,0;0;0,0;0;0,0;0;0,0;0;0,0;0;0,0;0;0,0;0;0,0;0;0,0;0;0,0;0;0,0;0;0,0;0;0,0;0;0,0;0;0,0;0;0,0;0;0,0;0;0,0;0;0,0;0;0,0;0;0,0;0;0,0;0;0,0;0;0,0;0;0,0;0;0,0;0;0,0;0;0,0;0;0,0;0;0,0;0;0,0;0;0,0;0;0,0;0;0,0;0;0,0;0;0,0;0;0,0;0;0,0;0;0,0;0;0,0;0;0,0;0;0,0;0;0,0;0;0,0;0;0,0;0;0,0;0;0,0;0;0,0;0;0,0;0;0,0;0;0,0;0;0,0;0;0,0;0;0,0;0;0,0;0;0,0;0;0,0;0;0,0;0;0,0;0;0,0;0;0,0;0;0,0;0;0,0;0;0,0;0;0,0;0;0,0;0;0,0;0;0,0;0;0,0;0;0,0;0;0,0;0;0,0;0;0,0;0;0,0
AI1104;1;Abgeordnetenhauswahlkreis;Lichtenberg 4;1104;O;26.09.20;20:14:01;57;26;45,6;33474;22895;68,4;10579;31,6;0;0,0;9985;43,8;0;0,0;0;0,0;9733;97,5;252;2,5;1076;11,1;970;10,0;914;9,4;3503;36,0;2161;22,2;141;1,4;286;2,9;0;0,0;196;2,0;0;0,0;0;0,0;0;0,0;0;0,0;0;0,0;0;0,0;0;0,0;0;0,0;0;0,0;0;0,0;0;0,0;0;0,0;0;0,0;0;0,0;486;5,0;0;0,0;0;0,0;0;0,0;0;0,0;0;0,0;0;0,0;0;0,0;0;0,0;0;0,0;0;0,0;0;0,0;0;0,0;0;0,0;0;0,0;0;0,0;0;0,0;0;0,0;0;0,0;0;0,0;0;0,0;0;0,0;0;0,0;0;0,0;0;0,0;0;0,0;0;0,0;0;0,0;0;0,0;0;0,0;0;0,0;0;0,0;0;0,0;0;0,0;0;0,0;0;0,0;0;0,0;0;0,0;0;0,0;0;0,0;0;0,0;0;0,0;0;0,0;0;0,0;0;0,0;0;0,0;0;0,0;0;0,0;0;0,0;0;0,0;0;0,0;0;0,0;0;0,0;0;0,0;0;0,0;0;0,0;0;0,0;0;0,0;0;0,0;0;0,0;0;0,0;0;0,0;0;0,0;0;0,0;0;0,0;0;0,0;0;0,0;0;0,0;0;0,0;0;0,0;0;0,0;0;0,0;0;0,0;0;0,0;0;0,0;0;0,0;0;0,0;0;0,0;0;0,0;0;0,0;0;0,0;0;0,0;0;0,0;0;0,0;0;0,0;0;0,0;0;0,0;0;0,0;0;0,0;0;0,0;0;0,0;0;0,0;0;0,0;0;0,0;0;0,0;0;0,0;0;0,0
AI1105;1;Abgeordnetenhauswahlkreis;Lichtenberg 5;1105;O;26.09.20;20:14:01;57;25;43,9;32853;22830;69,5;10023;30,5;0;0,0;9638;49,7;935;9,7;935;9,7;9386;97,4;252;2,6;963;10,3;733;7,8;809;8,6;3676;39,2;2204;23,5;165;1,8;0;0,0;0;0,0;257;2,7;0;0,0;0;0,0;0;0,0;0;0,0;0;0,0;0;0,0;0;0,0;0;0,0;0;0,0;0;0,0;0;0,0;0;0,0;0;0,0;0;0,0;579;6,2;0;0,0;0;0,0;0;0,0;0;0,0;0;0,0;0;0,0;0;0,0;0;0,0;0;0,0;0;0,0;0;0,0;0;0,0;0;0,0;0;0,0;0;0,0;0;0,0;0;0,0;0;0,0;0;0,0;0;0,0;0;0,0;0;0,0;0;0,0;0;0,0;0;0,0;0;0,0;0;0,0;0;0,0;0;0,0;0;0,0;0;0,0;0;0,0;0;0,0;0;0,0;0;0,0;0;0,0;0;0,0;0;0,0;0;0,0;0;0,0;0;0,0;0;0,0;0;0,0;0;0,0;0;0,0;0;0,0;0;0,0;0;0,0;0;0,0;0;0,0;0;0,0;0;0,0;0;0,0;0;0,0;0;0,0;0;0,0;0;0,0;0;0,0;0;0,0;0;0,0;0;0,0;0;0,0;0;0,0;0;0,0;0;0,0;0;0,0;0;0,0;0;0,0;0;0,0;0;0,0;0;0,0;0;0,0;0;0,0;0;0,0;0;0,0;0;0,0;0;0,0;0;0,0;0;0,0;0;0,0;0;0,0;0;0,0;0;0,0;0;0,0;0;0,0;0;0,0;0;0,0;0;0,0;0;0,0;0;0,0;0;0,0;0;0,0;0;0,0;0;0,0;0;0,0;0;0,0
AI1106;1;Abgeordnetenhauswahlkreis;Lichtenberg 6;1106;O;26.09.20;20:14:01;54;22;40,7;32731;21167;64,7;11564;35,3;0;0,0;9887;55,3;1183;12,0;1183;12,0;9700;98,1;187;1,9;1711;17,6;952;9,8;1057;10,9;3024;31,2;1774;18,3;169;1,7;218;2,2;0;0,0;192;2,0;0;0,0;0;0,0;0;0,0;0;0,0;0;0,0;0;0,0;0;0,0;0;0,0;0;0,0;0;0,0;0;0,0;0;0,0;0;0,0;0;0,0;552;5,7;0;0,0;0;0,0;0;0,0;0;0,0;0;0,0;0;0,0;0;0,0;51;0,5;0;0,0;0;0,0;0;0,0;0;0,0;0;0,0;0;0,0;0;0,0;0;0,0;0;0,0;0;0,0;0;0,0;0;0,0;0;0,0;0;0,0;0;0,0;0;0,0;0;0,0;0;0,0;0;0,0;0;0,0;0;0,0;0;0,0;0;0,0;0;0,0;0;0,0;0;0,0;0;0,0;0;0,0;0;0,0;0;0,0;0;0,0;0;0,0;0;0,0;0;0,0;0;0,0;0;0,0;0;0,0;0;0,0;0;0,0;0;0,0;0;0,0;0;0,0;0;0,0;0;0,0;0;0,0;0;0,0;0;0,0;0;0,0;0;0,0;0;0,0;0;0,0;0;0,0;0;0,0;0;0,0;0;0,0;0;0,0;0;0,0;0;0,0;0;0,0;0;0,0;0;0,0;0;0,0;0;0,0;0;0,0;0;0,0;0;0,0;0;0,0;0;0,0;0;0,0;0;0,0;0;0,0;0;0,0;0;0,0;0;0,0;0;0,0;0;0,0;0;0,0;0;0,0;0;0,0;0;0,0;0;0,0;0;0,0;0;0,0;0;0,0;0;0,0;0;0,0;0;0,0;0;0,0
AI1201;1;Abgeordnetenhauswahlkreis;Reinickendorf 1;1201;W;26.09.20;20:14:01;45;19;42,2;28098;20692;73,6;7406;26,4;0;0,0;6647;48,6;1437;21,6;1437;21,6;6478;97,5;169;2,5;1198;18,5;968;14,9;494;7,6;1861;28,7;1386;21,4;107;1,7;0;0,0;0;0,0;133;2,1;0;0,0;0;0,0;0;0,0;0;0,0;0;0,0;0;0,0;0;0,0;0;0,0;0;0,0;0;0,0;0;0,0;0;0,0;0;0,0;0;0,0;331;5,1;0;0,0;0;0,0;0;0,0;0;0,0;0;0,0;0;0,0;0;0,0;0;0,0;0;0,0;0;0,0;0;0,0;0;0,0;0;0,0;0;0,0;0;0,0;0;0,0;0;0,0;0;0,0;0;0,0;0;0,0;0;0,0;0;0,0;0;0,0;0;0,0;0;0,0;0;0,0;0;0,0;0;0,0;0;0,0;0;0,0;0;0,0;0;0,0;0;0,0;0;0,0;0;0,0;0;0,0;0;0,0;0;0,0;0;0,0;0;0,0;0;0,0;0;0,0;0;0,0;0;0,0;0;0,0;0;0,0;0;0,0;0;0,0;0;0,0;0;0,0;0;0,0;0;0,0;0;0,0;0;0,0;0;0,0;0;0,0;0;0,0;0;0,0;0;0,0;0;0,0;0;0,0;0;0,0;0;0,0;0;0,0;0;0,0;0;0,0;0;0,0;0;0,0;0;0,0;0;0,0;0;0,0;0;0,0;0;0,0;0;0,0;0;0,0;0;0,0;0;0,0;0;0,0;0;0,0;0;0,0;0;0,0;0;0,0;0;0,0;0;0,0;0;0,0;0;0,0;0;0,0;0;0,0;0;0,0;0;0,0;0;0,0;0;0,0;0;0,0;0;0,0;0;0,0;0;0,0
AI1202;1;Abgeordnetenhauswahlkreis;Reinickendorf 2;1202;W;26.09.20;20:14:01;48;10;20,8;28783;20710;72,0;8073;28,0;0;0,0;3394;68,7;1303;38,4;1303;38,4;3321;97,8;73;2,2;1078;32,5;480;14,5;234;7,0;580;17,5;680;20,5;70;2,1;0;0,0;0;0,0;53;1,6;0;0,0;0;0,0;0;0,0;0;0,0;0;0,0;0;0,0;0;0,0;0;0,0;0;0,0;0;0,0;0;0,0;0;0,0;0;0,0;0;0,0;146;4,4;0;0,0;0;0,0;0;0,0;0;0,0;0;0,0;0;0,0;0;0,0;0;0,0;0;0,0;0;0,0;0;0,0;0;0,0;0;0,0;0;0,0;0;0,0;0;0,0;0;0,0;0;0,0;0;0,0;0;0,0;0;0,0;0;0,0;0;0,0;0;0,0;0;0,0;0;0,0;0;0,0;0;0,0;0;0,0;0;0,0;0;0,0;0;0,0;0;0,0;0;0,0;0;0,0;0;0,0;0;0,0;0;0,0;0;0,0;0;0,0;0;0,0;0;0,0;0;0,0;0;0,0;0;0,0;0;0,0;0;0,0;0;0,0;0;0,0;0;0,0;0;0,0;0;0,0;0;0,0;0;0,0;0;0,0;0;0,0;0;0,0;0;0,0;0;0,0;0;0,0;0;0,0;0;0,0;0;0,0;0;0,0;0;0,0;0;0,0;0;0,0;0;0,0;0;0,0;0;0,0;0;0,0;0;0,0;0;0,0;0;0,0;0;0,0;0;0,0;0;0,0;0;0,0;0;0,0;0;0,0;0;0,0;0;0,0;0;0,0;0;0,0;0;0,0;0;0,0;0;0,0;0;0,0;0;0,0;0;0,0;0;0,0;0;0,0;0;0,0;0;0,0;0;0,0;0;0,0
AI1203;1;Abgeordnetenhauswahlkreis;Reinickendorf 3;1203;W;26.09.20;20:14:01;57;25;43,9;30061;19104;63,6;10957;36,4;0;0,0;10504;65,3;2960;28,2;2960;28,2;10293;98,0;211;2,0;3389;32,9;1773;17,2;1283;12,5;1075;10,4;1733;16,8;335;3,3;0;0,0;0;0,0;414;4,0;0;0,0;0;0,0;0;0,0;0;0,0;0;0,0;0;0,0;0;0,0;0;0,0;0;0,0;0;0,0;0;0,0;0;0,0;0;0,0;0;0,0;291;2,8;0;0,0;0;0,0;0;0,0;0;0,0;0;0,0;0;0,0;0;0,0;0;0,0;0;0,0;0;0,0;0;0,0;0;0,0;0;0,0;0;0,0;0;0,0;0;0,0;0;0,0;0;0,0;0;0,0;0;0,0;0;0,0;0;0,0;0;0,0;0;0,0;0;0,0;0;0,0;0;0,0;0;0,0;0;0,0;0;0,0;0;0,0;0;0,0;0;0,0;0;0,0;0;0,0;0;0,0;0;0,0;0;0,0;0;0,0;0;0,0;0;0,0;0;0,0;0;0,0;0;0,0;0;0,0;0;0,0;0;0,0;0;0,0;0;0,0;0;0,0;0;0,0;0;0,0;0;0,0;0;0,0;0;0,0;0;0,0;0;0,0;0;0,0;0;0,0;0;0,0;0;0,0;0;0,0;0;0,0;0;0,0;0;0,0;0;0,0;0;0,0;0;0,0;0;0,0;0;0,0;0;0,0;0;0,0;0;0,0;0;0,0;0;0,0;0;0,0;0;0,0;0;0,0;0;0,0;0;0,0;0;0,0;0;0,0;0;0,0;0;0,0;0;0,0;0;0,0;0;0,0;0;0,0;0;0,0;0;0,0;0;0,0;0;0,0;0;0,0;0;0,0;0;0,0;0;0,0
AI1204;1;Abgeordnetenhauswahlkreis;Reinickendorf 4;1204;W;26.09.20;20:14:01;57;23;40,4;31549;21570;68,4;9979;31,6;0;0,0;8920;55,5;2174;24,4;2174;24,4;8692;97,4;228;2,6;2151;24,7;1592;18,3;824;9,5;1264;14,5;1960;22,5;309;3,6;0;0,0;0;0,0;138;1,6;0;0,0;121;1,4;0;0,0;0;0,0;0;0,0;0;0,0;0;0,0;0;0,0;0;0,0;0;0,0;0;0,0;0;0,0;0;0,0;0;0,0;333;3,8;0;0,0;0;0,0;0;0,0;0;0,0;0;0,0;0;0,0;0;0,0;0;0,0;0;0,0;0;0,0;0;0,0;0;0,0;0;0,0;0;0,0;0;0,0;0;0,0;0;0,0;0;0,0;0;0,0;0;0,0;0;0,0;0;0,0;0;0,0;0;0,0;0;0,0;0;0,0;0;0,0;0;0,0;0;0,0;0;0,0;0;0,0;0;0,0;0;0,0;0;0,0;0;0,0;0;0,0;0;0,0;0;0,0;0;0,0;0;0,0;0;0,0;0;0,0;0;0,0;0;0,0;0;0,0;0;0,0;0;0,0;0;0,0;0;0,0;0;0,0;0;0,0;0;0,0;0;0,0;0;0,0;0;0,0;0;0,0;0;0,0;0;0,0;0;0,0;0;0,0;0;0,0;0;0,0;0;0,0;0;0,0;0;0,0;0;0,0;0;0,0;0;0,0;0;0,0;0;0,0;0;0,0;0;0,0;0;0,0;0;0,0;0;0,0;0;0,0;0;0,0;0;0,0;0;0,0;0;0,0;0;0,0;0;0,0;0;0,0;0;0,0;0;0,0;0;0,0;0;0,0;0;0,0;0;0,0;0;0,0;0;0,0;0;0,0;0;0,0;0;0,0;0;0,0;0;0,0
AI1205;1;Abgeordnetenhauswahlkreis;Reinickendorf 5;1205;W;26.09.20;20:14:01;43;13;30,2;27604;21190;76,8;6414;23,2;0;0,0;4937;41,3;0;0,0;0;0,0;4747;96,2;190;3,8;905;19,1;587;12,4;287;6,0;1026;21,6;1481;31,2;96;2,0;0;0,0;0;0,0;77;1,6;0;0,0;0;0,0;0;0,0;0;0,0;0;0,0;0;0,0;0;0,0;0;0,0;0;0,0;0;0,0;0;0,0;0;0,0;0;0,0;0;0,0;288;6,1;0;0,0;0;0,0;0;0,0;0;0,0;0;0,0;0;0,0;0;0,0;0;0,0;0;0,0;0;0,0;0;0,0;0;0,0;0;0,0;0;0,0;0;0,0;0;0,0;0;0,0;0;0,0;0;0,0;0;0,0;0;0,0;0;0,0;0;0,0;0;0,0;0;0,0;0;0,0;0;0,0;0;0,0;0;0,0;0;0,0;0;0,0;0;0,0;0;0,0;0;0,0;0;0,0;0;0,0;0;0,0;0;0,0;0;0,0;0;0,0;0;0,0;0;0,0;0;0,0;0;0,0;0;0,0;0;0,0;0;0,0;0;0,0;0;0,0;0;0,0;0;0,0;0;0,0;0;0,0;0;0,0;0;0,0;0;0,0;0;0,0;0;0,0;0;0,0;0;0,0;0;0,0;0;0,0;0;0,0;0;0,0;0;0,0;0;0,0;0;0,0;0;0,0;0;0,0;0;0,0;0;0,0;0;0,0;0;0,0;0;0,0;0;0,0;0;0,0;0;0,0;0;0,0;0;0,0;0;0,0;0;0,0;0;0,0;0;0,0;0;0,0;0;0,0;0;0,0;0;0,0;0;0,0;0;0,0;0;0,0;0;0,0;0;0,0;0;0,0;0;0,0;0;0,0;0;0,0
AI1206;1;Abgeordnetenhauswahlkreis;Reinickendorf 6;1206;W;26.09.20;20:14:01;61;27;44,3;29204;17520;60,0;11684;40,0;0;0,0;11333;58,0;2063;18,2;2063;18,2;11175;98,6;158;1,4;3892;34,8;1812;16,2;2098;18,8;849;7,6;1477;13,2;379;3,4;174;1,6;0;0,0;247;2,2;0;0,0;0;0,0;0;0,0;0;0,0;0;0,0;0;0,0;0;0,0;0;0,0;0;0,0;0;0,0;0;0,0;0;0,0;0;0,0;0;0,0;247;2,2;0;0,0;0;0,0;0;0,0;0;0,0;0;0,0;0;0,0;0;0,0;0;0,0;0;0,0;0;0,0;0;0,0;0;0,0;0;0,0;0;0,0;0;0,0;0;0,0;0;0,0;0;0,0;0;0,0;0;0,0;0;0,0;0;0,0;0;0,0;0;0,0;0;0,0;0;0,0;0;0,0;0;0,0;0;0,0;0;0,0;0;0,0;0;0,0;0;0,0;0;0,0;0;0,0;0;0,0;0;0,0;0;0,0;0;0,0;0;0,0;0;0,0;0;0,0;0;0,0;0;0,0;0;0,0;0;0,0;0;0,0;0;0,0;0;0,0;0;0,0;0;0,0;0;0,0;0;0,0;0;0,0;0;0,0;0;0,0;0;0,0;0;0,0;0;0,0;0;0,0;0;0,0;0;0,0;0;0,0;0;0,0;0;0,0;0;0,0;0;0,0;0;0,0;0;0,0;0;0,0;0;0,0;0;0,0;0;0,0;0;0,0;0;0,0;0;0,0;0;0,0;0;0,0;0;0,0;0;0,0;0;0,0;0;0,0;0;0,0;0;0,0;0;0,0;0;0,0;0;0,0;0;0,0;0;0,0;0;0,0;0;0,0;0;0,0;0;0,0;0;0,0;0;0,0;0;0,0
BI0074;1;Bundestagswahlkreis;Berlin-Mitte;74;X;26.09.20;20:14:01;328;154;47,0;211894;144544;68,2;67350;31,8;0;0,0;62536;47,7;7121;11,4;7121;11,4;61335;98,1;1201;1,9;7880;12,8;6822;11,1;13703;22,3;21172;34,5;6101;9,9;1308;2,1;0;0,0;76;0,1;1469;2,4;0;0,0;0;0,0;0;0,0;0;0,0;0;0,0;0;0,0;0;0,0;0;0,0;0;0,0;0;0,0;0;0,0;0;0,0;0;0,0;0;0,0;2682;4,4;0;0,0;70;0,1;0;0,0;0;0,0;0;0,0;0;0,0;0;0,0;0;0,0;52;0,1;0;0,0;0;0,0;0;0,0;0;0,0;0;0,0;0;0,0;0;0,0;0;0,0;0;0,0;0;0,0;0;0,0;0;0,0;0;0,0;0;0,0;0;0,0;0;0,0;0;0,0;0;0,0;0;0,0;0;0,0;0;0,0;0;0,0;0;0,0;0;0,0;0;0,0;0;0,0;0;0,0;0;0,0;0;0,0;0;0,0;0;0,0;0;0,0;0;0,0;0;0,0;0;0,0;0;0,0;0;0,0;0;0,0;0;0,0;0;0,0;0;0,0;0;0,0;0;0,0;0;0,0;0;0,0;0;0,0;0;0,0;0;0,0;0;0,0;0;0,0;0;0,0;0;0,0;0;0,0;0;0,0;0;0,0;0;0,0;0;0,0;0;0,0;0;0,0;0;0,0;0;0,0;0;0,0;0;0,0;0;0,0;0;0,0;0;0,0;0;0,0;0;0,0;0;0,0;0;0,0;0;0,0;0;0,0;0;0,0;0;0,0;0;0,0;0;0,0;0;0,0;0;0,0;0;0,0;0;0,0;0;0,0;0;0,0;0;0,0;0;0,0;0;0,0;0;0,0;0;0,0
BI0075;1;Bundestagswahlkreis;Berlin-Pankow;75;O;26.09.20;20:14:01;408;210;51,5;240943;151339;62,8;89604;37,2;0;0,0;83873;45,7;1428;1,7;1428;1,7;82427;98,3;1446;1,7;12467;15,1;8814;10,7;15868;19,3;20378;24,7;16929;20,5;1505;1,8;448;0,5;0;0,0;1983;2,4;0;0,0;0;0,0;0;0,0;0;0,0;0;0,0;0;0,0;0;0,0;0;0,0;0;0,0;0;0,0;0;0,0;0;0,0;0;0,0;0;0,0;3939;4,8;0;0,0;0;0,0;0;0,0;0;0,0;10;0,0;0;0,0;0;0,0;0;0,0;0;0,0;0;0,0;0;0,0;0;0,0;0;0,0;0;0,0;86;0,1;0;0,0;0;0,0;0;0,0;0;0,0;0;0,0;0;0,0;0;0,0;0;0,0;0;0,0;0;0,0;0;0,0;0;0,0;0;0,0;0;0,0;0;0,0;0;0,0;0;0,0;0;0,0;0;0,0;0;0,0;0;0,0;0;0,0;0;0,0;0;0,0;0;0,0;0;0,0;0;0,0;0;0,0;0;0,0;0;0,0;0;0,0;0;0,0;0;0,0;0;0,0;0;0,0;0;0,0;0;0,0;0;0,0;0;0,0;0;0,0;0;0,0;0;0,0;0;0,0;0;0,0;0;0,0;0;0,0;0;0,0;0;0,0;0;0,0;0;0,0;0;0,0;0;0,0;0;0,0;0;0,0;0;0,0;0;0,0;0;0,0;0;0,0;0;0,0;0;0,0;0;0,0;0;0,0;0;0,0;0;0,0;0;0,0;0;0,0;0;0,0;0;0,0;0;0,0;0;0,0;0;0,0;0;0,0;0;0,0;0;0,0;0;0,0;0;0,0;0;0,0;0;0,0;0;0,0;0;0,0;0;0,0
BI0076;1;Bundestagswahlkreis;Berlin-Reinickendorf;76;W;26.09.20;20:14:01;311;117;37,6;175299;120786;68,9;54513;31,1;0;0,0;45735;55,6;9937;21,7;9937;21,7;44706;97,8;1029;2,2;12613;28,2;7212;16,1;5220;11,7;6655;14,9;8717;19,5;1296;2,9;174;0,4;0;0,0;1062;2,4;0;0,0;121;0,3;0;0,0;0;0,0;0;0,0;0;0,0;0;0,0;0;0,0;0;0,0;0;0,0;0;0,0;0;0,0;0;0,0;0;0,0;1636;3,7;0;0,0;0;0,0;0;0,0;0;0,0;0;0,0;0;0,0;0;0,0;0;0,0;0;0,0;0;0,0;0;0,0;0;0,0;0;0,0;0;0,0;0;0,0;0;0,0;0;0,0;0;0,0;0;0,0;0;0,0;0;0,0;0;0,0;0;0,0;0;0,0;0;0,0;0;0,0;0;0,0;0;0,0;0;0,0;0;0,0;0;0,0;0;0,0;0;0,0;0;0,0;0;0,0;0;0,0;0;0,0;0;0,0;0;0,0;0;0,0;0;0,0;0;0,0;0;0,0;0;0,0;0;0,0;0;0,0;0;0,0;0;0,0;0;0,0;0;0,0;0;0,0;0;0,0;0;0,0;0;0,0;0;0,0;0;0,0;0;0,0;0;0,0;0;0,0;0;0,0;0;0,0;0;0,0;0;0,0;0;0,0;0;0,0;0;0,0;0;0,0;0;0,0;0;0,0;0;0,0;0;0,0;0;0,0;0;0,0;0;0,0;0;0,0;0;0,0;0;0,0;0;0,0;0;0,0;0;0,0;0;0,0;0;0,0;0;0,0;0;0,0;0;0,0;0;0,0;0;0,0;0;0,0;0;0,0;0;0,0;0;0,0;0;0,0;0;0,0;0;0,0;0;0,0;0;0,0
BI0077;1;Bundestagswahlkreis;Berlin-Spandau – Charlottenburg Nord;77;W;26.09.20;20:14:01;281;111;39,5;180288;130615;72,4;49673;27,6;0;0,0;44032;67,0;16014;36,4;16014;36,4;43089;97,9;943;2,1;10604;24,6;8347;19,4;3887;9,0;7191;16,7;8438;19,6;1196;2,8;643;1,5;463;1,1;684;1,6;0;0,0;0;0,0;0;0,0;0;0,0;0;0,0;0;0,0;0;0,0;0;0,0;0;0,0;0;0,0;0;0,0;0;0,0;0;0,0;0;0,0;1636;3,8;0;0,0;0;0,0;0;0,0;0;0,0;0;0,0;0;0,0;0;0,0;0;0,0;0;0,0;0;0,0;0;0,0;0;0,0;0;0,0;0;0,0;0;0,0;0;0,0;0;0,0;0;0,0;0;0,0;0;0,0;0;0,0;0;0,0;0;0,0;0;0,0;0;0,0;0;0,0;0;0,0;0;0,0;0;0,0;0;0,0;0;0,0;0;0,0;0;0,0;0;0,0;0;0,0;0;0,0;0;0,0;0;0,0;0;0,0;0;0,0;0;0,0;0;0,0;0;0,0;0;0,0;0;0,0;0;0,0;0;0,0;0;0,0;0;0,0;0;0,0;0;0,0;0;0,0;0;0,0;0;0,0;0;0,0;0;0,0;0;0,0;0;0,0;0;0,0;0;0,0;0;0,0;0;0,0;0;0,0;0;0,0;0;0,0;0;0,0;0;0,0;0;0,0;0;0,0;0;0,0;0;0,0;0;0,0;0;0,0;0;0,0;0;0,0;0;0,0;0;0,0;0;0,0;0;0,0;0;0,0;0;0,0;0;0,0;0;0,0;0;0,0;0;0,0;0;0,0;0;0,0;0;0,0;0;0,0;0;0,0;0;0,0;0;0,0;0;0,0;0;0,0;0;0,0;0;0,0
BI0078;1;Bundestagswahlkreis;Berlin-Steglitz-Zehlendorf;78;W;26.09.20;20:14:01;412;189;45,9;217839;132930;61,0;84909;39,0;0;0,0;80502;58,5;20634;25,6;20634;25,6;79175;98,4;1327;1,6;22948;29,0;12860;16,2;16181;20,4;10795;13,6;9236;11,7;2737;3,5;0;0,0;0;0,0;2010;2,5;0;0,0;0;0,0;0;0,0;0;0,0;0;0,0;0;0,0;0;0,0;0;0,0;0;0,0;0;0,0;0;0,0;0;0,0;0;0,0;0;0,0;2408;3,0;0;0,0;0;0,0;0;0,0;0;0,0;0;0,0;0;0,0;0;0,0;0;0,0;0;0,0;0;0,0;0;0,0;0;0,0;0;0,0;0;0,0;0;0,0;0;0,0;0;0,0;0;0,0;0;0,0;0;0,0;0;0,0;0;0,0;0;0,0;0;0,0;0;0,0;0;0,0;0;0,0;0;0,0;0;0,0;0;0,0;0;0,0;0;0,0;0;0,0;0;0,0;0;0,0;0;0,0;0;0,0;0;0,0;0;0,0;0;0,0;0;0,0;0;0,0;0;0,0;0;0,0;0;0,0;0;0,0;0;0,0;0;0,0;0;0,0;0;0,0;0;0,0;0;0,0;0;0,0;0;0,0;0;0,0;0;0,0;0;0,0;0;0,0;0;0,0;0;0,0;0;0,0;0;0,0;0;0,0;0;0,0;0;0,0;0;0,0;0;0,0;0;0,0;0;0,0;0;0,0;0;0,0;0;0,0;0;0,0;0;0,0;0;0,0;0;0,0;0;0,0;0;0,0;0;0,0;0;0,0;0;0,0;0;0,0;0;0,0;0;0,0;0;0,0;0;0,0;0;0,0;0;0,0;0;0,0;0;0,0;0;0,0;0;0,0;0;0,0;0;0,0;0;0,0;0;0,0
BI0079;1;Bundestagswahlkreis;Berlin-Charlottenburg-Wilmersdorf;79;W;26.09.20;20:14:01;307;126;41,0;197950;124208;62,7;73742;37,3;0;0,0;59019;54,6;13005;22,0;13005;22,0;58054;98,4;965;1,6;15237;26,2;9148;15,8;12763;22,0;9795;16,9;5681;9,8;2124;3,7;277;0,5;0;0,0;1249;2,2;0;0,0;0;0,0;0;0,0;0;0,0;0;0,0;0;0,0;0;0,0;0;0,0;0;0,0;0;0,0;0;0,0;0;0,0;0;0,0;0;0,0;1766;3,0;0;0,0;0;0,0;0;0,0;0;0,0;0;0,0;0;0,0;0;0,0;0;0,0;0;0,0;0;0,0;0;0,0;0;0,0;0;0,0;14;0,0;0;0,0;0;0,0;0;0,0;0;0,0;0;0,0;0;0,0;0;0,0;0;0,0;0;0,0;0;0,0;0;0,0;0;0,0;0;0,0;0;0,0;0;0,0;0;0,0;0;0,0;0;0,0;0;0,0;0;0,0;0;0,0;0;0,0;0;0,0;0;0,0;0;0,0;0;0,0;0;0,0;0;0,0;0;0,0;0;0,0;0;0,0;0;0,0;0;0,0;0;0,0;0;0,0;0;0,0;0;0,0;0;0,0;0;0,0;0;0,0;0;0,0;0;0,0;0;0,0;0;0,0;0;0,0;0;0,0;0;0,0;0;0,0;0;0,0;0;0,0;0;0,0;0;0,0;0;0,0;0;0,0;0;0,0;0;0,0;0;0,0;0;0,0;0;0,0;0;0,0;0;0,0;0;0,0;0;0,0;0;0,0;0;0,0;0;0,0;0;0,0;0;0,0;0;0,0;0;0,0;0;0,0;0;0,0;0;0,0;0;0,0;0;0,0;0;0,0;0;0,0;0;0,0;0;0,0;0;0,0;0;0,0;0;0,0
BI0080;1;Bundestagswahlkreis;Berlin-Tempelhof-Schöneberg;80;W;26.09.20;20:14:01;366;176;48,1;233351;150382;64,4;82969;35,6;0;0,0;73723;44,9;3402;4,6;3402;4,6;72089;97,8;1634;2,2;14990;20,8;11713;16,2;13475;18,7;14614;20,3;10775;14,9;1572;2,2;724;1,0;0;0,0;1187;1,6;0;0,0;0;0,0;0;0,0;0;0,0;0;0,0;0;0,0;0;0,0;0;0,0;0;0,0;0;0,0;0;0,0;0;0,0;0;0,0;0;0,0;3012;4,2;0;0,0;0;0,0;0;0,0;0;0,0;0;0,0;0;0,0;0;0,0;0;0,0;0;0,0;0;0,0;0;0,0;0;0,0;0;0,0;0;0,0;0;0,0;27;0,0;0;0,0;0;0,0;0;0,0;0;0,0;0;0,0;0;0,0;0;0,0;0;0,0;0;0,0;0;0,0;0;0,0;0;0,0;0;0,0;0;0,0;0;0,0;0;0,0;0;0,0;0;0,0;0;0,0;0;0,0;0;0,0;0;0,0;0;0,0;0;0,0;0;0,0;0;0,0;0;0,0;0;0,0;0;0,0;0;0,0;0;0,0;0;0,0;0;0,0;0;0,0;0;0,0;0;0,0;0;0,0;0;0,0;0;0,0;0;0,0;0;0,0;0;0,0;0;0,0;0;0,0;0;0,0;0;0,0;0;0,0;0;0,0;0;0,0;0;0,0;0;0,0;0;0,0;0;0,0;0;0,0;0;0,0;0;0,0;0;0,0;0;0,0;0;0,0;0;0,0;0;0,0;0;0,0;0;0,0;0;0,0;0;0,0;0;0,0;0;0,0;0;0,0;0;0,0;0;0,0;0;0,0;0;0,0;0;0,0;0;0,0;0;0,0;0;0,0;0;0,0;0;0,0;0;0,0;0;0,0
BI0081;1;Bundestagswahlkreis;Berlin-Neukölln;81;W;26.09.20;20:14:01;299;133;44,5;196296;134080;68,3;62216;31,7;0;0,0;55398;49,1;8829;15,9;8829;15,9;54106;97,7;1292;2,3;8343;15,4;8367;15,5;7567;14,0;17977;33,2;8014;14,8;0;0,0;490;0,9;423;0,8;797;1,5;0;0,0;0;0,0;0;0,0;0;0,0;0;0,0;0;0,0;0;0,0;0;0,0;0;0,0;0;0,0;0;0,0;0;0,0;0;0,0;0;0,0;1939;3,6;0;0,0;0;0,0;0;0,0;0;0,0;0;0,0;0;0,0;0;0,0;0;0,0;0;0,0;56;0,1;0;0,0;0;0,0;104;0,2;0;0,0;0;0,0;0;0,0;29;0,1;0;0,0;0;0,0;0;0,0;0;0,0;0;0,0;0;0,0;0;0,0;0;0,0;0;0,0;0;0,0;0;0,0;0;0,0;0;0,0;0;0,0;0;0,0;0;0,0;0;0,0;0;0,0;0;0,0;0;0,0;0;0,0;0;0,0;0;0,0;0;0,0;0;0,0;0;0,0;0;0,0;0;0,0;0;0,0;0;0,0;0;0,0;0;0,0;0;0,0;0;0,0;0;0,0;0;0,0;0;0,0;0;0,0;0;0,0;0;0,0;0;0,0;0;0,0;0;0,0;0;0,0;0;0,0;0;0,0;0;0,0;0;0,0;0;0,0;0;0,0;0;0,0;0;0,0;0;0,0;0;0,0;0;0,0;0;0,0;0;0,0;0;0,0;0;0,0;0;0,0;0;0,0;0;0,0;0;0,0;0;0,0;0;0,0;0;0,0;0;0,0;0;0,0;0;0,0;0;0,0;0;0,0;0;0,0;0;0,0;0;0,0;0;0,0;0;0,0;0;0,0;0;0,0;0;0,0
BI0082;1;Bundestagswahlkreis;Berlin-Friedrichshain-Kreuzberg – Prenzlauer Berg Ost;82;X;26.09.20;20:14:01;413;149;36,1;221985;143151;64,5;78834;35,5;0;0,0;61693;50,7;7285;11,8;7285;11,8;60753;98,5;940;1,5;5338;8,8;6675;11,0;13717;22,6;23549;38,8;5491;9,0;990;1,6;341;0,6;627;1,0;1548;2,5;0;0,0;0;0,0;0;0,0;0;0,0;0;0,0;0;0,0;18;0,0;0;0,0;0;0,0;0;0,0;0;0,0;0;0,0;0;0,0;0;0,0;2232;3,7;0;0,0;61;0,1;0;0,0;0;0,0;5;0,0;18;0,0;30;0,0;0;0,0;0;0,0;0;0,0;20;0,0;93;0,2;0;0,0;0;0,0;0;0,0;0;0,0;0;0,0;0;0,0;0;0,0;0;0,0;0;0,0;0;0,0;0;0,0;0;0,0;0;0,0;0;0,0;0;0,0;0;0,0;0;0,0;0;0,0;0;0,0;0;0,0;0;0,0;0;0,0;0;0,0;0;0,0;0;0,0;0;0,0;0;0,0;0;0,0;0;0,0;0;0,0;0;0,0;0;0,0;0;0,0;0;0,0;0;0,0;0;0,0;0;0,0;0;0,0;0;0,0;0;0,0;0;0,0;0;0,0;0;0,0;0;0,0;0;0,0;0;0,0;0;0,0;0;0,0;0;0,0;0;0,0;0;0,0;0;0,0;0;0,0;0;0,0;0;0,0;0;0,0;0;0,0;0;0,0;0;0,0;0;0,0;0;0,0;0;0,0;0;0,0;0;0,0;0;0,0;0;0,0;0;0,0;0;0,0;0;0,0;0;0,0;0;0,0;0;0,0;0;0,0;0;0,0;0;0,0;0;0,0;0;0,0;0;0,0;0;0,0;0;0,0;0;0,0;0;0,0;0;0,0;0;0,0
BI0083;1;Bundestagswahlkreis;Berlin-Treptow-Köpenick;83;O;26.09.20;20:14:01;329;209;63,5;212027;146474;69,1;65553;30,9;0;0,0;100203;65,6;26949;26,9;26949;26,9;98002;97,8;2201;2,2;16126;16,5;12690;12,9;8048;8,2;27086;27,6;24228;24,7;1423;1,5;340;0,3;263;0,3;1974;2,0;0;0,0;0;0,0;0;0,0;147;0,1;0;0,0;0;0,0;0;0,0;0;0,0;0;0,0;0;0,0;0;0,0;0;0,0;0;0,0;0;0,0;5677;5,8;0;0,0;0;0,0;0;0,0;0;0,0;0;0,0;0;0,0;0;0,0;0;0,0;0;0,0;0;0,0;0;0,0;0;0,0;0;0,0;0;0,0;0;0,0;0;0,0;0;0,0;0;0,0;0;0,0;0;0,0;0;0,0;0;0,0;0;0,0;0;0,0;0;0,0;0;0,0;0;0,0;0;0,0;0;0,0;0;0,0;0;0,0;0;0,0;0;0,0;0;0,0;0;0,0;0;0,0;0;0,0;0;0,0;0;0,0;0;0,0;0;0,0;0;0,0;0;0,0;0;0,0;0;0,0;0;0,0;0;0,0;0;0,0;0;0,0;0;0,0;0;0,0;0;0,0;0;0,0;0;0,0;0;0,0;0;0,0;0;0,0;0;0,0;0;0,0;0;0,0;0;0,0;0;0,0;0;0,0;0;0,0;0;0,0;0;0,0;0;0,0;0;0,0;0;0,0;0;0,0;0;0,0;0;0,0;0;0,0;0;0,0;0;0,0;0;0,0;0;0,0;0;0,0;0;0,0;0;0,0;0;0,0;0;0,0;0;0,0;0;0,0;0;0,0;0;0,0;0;0,0;0;0,0;0;0,0;0;0,0;0;0,0;0;0,0;0;0,0;0;0,0;0;0,0;0;0,0
BI0084;1;Bundestagswahlkreis;Berlin-Marzahn-Hellersdorf;84;O;26.09.20;20:14:01;322;123;38,2;199770;145397;72,8;54373;27,2;0;0,0;50679;76,3;21330;42,1;21330;42,1;49541;97,8;1138;2,2;11290;22,8;4185;8,4;3053;6,2;10091;20,4;15472;31,2;997;2,0;0;0,0;0;0,0;989;2,0;0;0,0;0;0,0;0;0,0;0;0,0;0;0,0;0;0,0;0;0,0;0;0,0;0;0,0;0;0,0;0;0,0;0;0,0;0;0,0;0;0,0;3464;7,0;0;0,0;0;0,0;0;0,0;0;0,0;0;0,0;0;0,0;0;0,0;0;0,0;0;0,0;0;0,0;0;0,0;0;0,0;0;0,0;0;0,0;0;0,0;0;0,0;0;0,0;0;0,0;0;0,0;0;0,0;0;0,0;0;0,0;0;0,0;0;0,0;0;0,0;0;0,0;0;0,0;0;0,0;0;0,0;0;0,0;0;0,0;0;0,0;0;0,0;0;0,0;0;0,0;0;0,0;0;0,0;0;0,0;0;0,0;0;0,0;0;0,0;0;0,0;0;0,0;0;0,0;0;0,0;0;0,0;0;0,0;0;0,0;0;0,0;0;0,0;0;0,0;0;0,0;0;0,0;0;0,0;0;0,0;0;0,0;0;0,0;0;0,0;0;0,0;0;0,0;0;0,0;0;0,0;0;0,0;0;0,0;0;0,0;0;0,0;0;0,0;0;0,0;0;0,0;0;0,0;0;0,0;0;0,0;0;0,0;0;0,0;0;0,0;0;0,0;0;0,0;0;0,0;0;0,0;0;0,0;0;0,0;0;0,0;0;0,0;0;0,0;0;0,0;0;0,0;0;0,0;0;0,0;0;0,0;0;0,0;0;0,0;0;0,0;0;0,0;0;0,0;0;0,0;0;0,0
BI0085;1;Bundestagswahlkreis;Berlin-Lichtenberg;85;O;26.09.20;20:14:01;338;146;43,2;199676;140197;70,2;59479;29,8;0;0,0;57696;50,3;6328;11,0;6328;11,0;56117;97,3;1579;2,7;10023;17,9;4473;8,0;3932;7,0;17003;30,3;14822;26,4;831;1,5;504;0,9;0;0,0;1120;2,0;0;0,0;0;0,0;0;0,0;0;0,0;0;0,0;0;0,0;0;0,0;0;0,0;0;0,0;0;0,0;0;0,0;0;0,0;0;0,0;0;0,0;3358;6,0;0;0,0;0;0,0;0;0,0;0;0,0;0;0,0;0;0,0;0;0,0;51;0,1;0;0,0;0;0,0;0;0,0;0;0,0;0;0,0;0;0,0;0;0,0;0;0,0;0;0,0;0;0,0;0;0,0;0;0,0;0;0,0;0;0,0;0;0,0;0;0,0;0;0,0;0;0,0;0;0,0;0;0,0;0;0,0;0;0,0;0;0,0;0;0,0;0;0,0;0;0,0;0;0,0;0;0,0;0;0,0;0;0,0;0;0,0;0;0,0;0;0,0;0;0,0;0;0,0;0;0,0;0;0,0;0;0,0;0;0,0;0;0,0;0;0,0;0;0,0;0;0,0;0;0,0;0;0,0;0;0,0;0;0,0;0;0,0;0;0,0;0;0,0;0;0,0;0;0,0;0;0,0;0;0,0;0;0,0;0;0,0;0;0,0;0;0,0;0;0,0;0;0,0;0;0,0;0;0,0;0;0,0;0;0,0;0;0,0;0;0,0;0;0,0;0;0,0;0;0,0;0;0,0;0;0,0;0;0,0;0;0,0;0;0,0;0;0,0;0;0,0;0;0,0;0;0,0;0;0,0;0;0,0;0;0,0;0;0,0;0;0,0;0;0,0;0;0,0;0;0,0;0;0,0;0;0,0
VI0100;1;Bezirk;Mitte;01;X;26.09.20;20:14:01;328;154;47,0;211894;144544;68,2;67350;31,8;0;0,0;62536;47,7;7121;11,4;7121;11,4;61335;98,1;1201;1,9;7880;12,8;6822;11,1;13703;22,3;21172;34,5;6101;9,9;1308;2,1;0;0,0;76;0,1;1469;2,4;0;0,0;0;0,0;0;0,0;0;0,0;0;0,0;0;0,0;0;0,0;0;0,0;0;0,0;0;0,0;0;0,0;0;0,0;0;0,0;0;0,0;2682;4,4;0;0,0;70;0,1;0;0,0;0;0,0;0;0,0;0;0,0;0;0,0;0;0,0;52;0,1;0;0,0;0;0,0;0;0,0;0;0,0;0;0,0;0;0,0;0;0,0;0;0,0;0;0,0;0;0,0;0;0,0;0;0,0;0;0,0;0;0,0;0;0,0;0;0,0;0;0,0;0;0,0;0;0,0;0;0,0;0;0,0;0;0,0;0;0,0;0;0,0;0;0,0;0;0,0;0;0,0;0;0,0;0;0,0;0;0,0;0;0,0;0;0,0;0;0,0;0;0,0;0;0,0;0;0,0;0;0,0;0;0,0;0;0,0;0;0,0;0;0,0;0;0,0;0;0,0;0;0,0;0;0,0;0;0,0;0;0,0;0;0,0;0;0,0;0;0,0;0;0,0;0;0,0;0;0,0;0;0,0;0;0,0;0;0,0;0;0,0;0;0,0;0;0,0;0;0,0;0;0,0;0;0,0;0;0,0;0;0,0;0;0,0;0;0,0;0;0,0;0;0,0;0;0,0;0;0,0;0;0,0;0;0,0;0;0,0;0;0,0;0;0,0;0;0,0;0;0,0;0;0,0;0;0,0;0;0,0;0;0,0;0;0,0;0;0,0;0;0,0;0;0,0;0;0,0;0;0,0
VI0200;1;Bezirk;Friedrichshain-Kreuzberg;02;X;26.09.20;20:14:01;328;112;34,1;171438;111875;65,3;59563;34,7;0;0,0;47464;52,6;6772;14,3;6772;14,3;46760;98,5;704;1,5;4030;8,6;4247;9,1;10994;23,5;19322;41,3;3521;7,5;749;1,6;248;0,5;627;1,3;1154;2,5;0;0,0;0;0,0;0;0,0;0;0,0;0;0,0;0;0,0;18;0,0;0;0,0;0;0,0;0;0,0;0;0,0;0;0,0;0;0,0;0;0,0;1628;3,5;0;0,0;61;0,1;0;0,0;0;0,0;0;0,0;18;0,0;30;0,1;0;0,0;0;0,0;0;0,0;20;0,0;93;0,2;0;0,0;0;0,0;0;0,0;0;0,0;0;0,0;0;0,0;0;0,0;0;0,0;0;0,0;0;0,0;0;0,0;0;0,0;0;0,0;0;0,0;0;0,0;0;0,0;0;0,0;0;0,0;0;0,0;0;0,0;0;0,0;0;0,0;0;0,0;0;0,0;0;0,0;0;0,0;0;0,0;0;0,0;0;0,0;0;0,0;0;0,0;0;0,0;0;0,0;0;0,0;0;0,0;0;0,0;0;0,0;0;0,0;0;0,0;0;0,0;0;0,0;0;0,0;0;0,0;0;0,0;0;0,0;0;0,0;0;0,0;0;0,0;0;0,0;0;0,0;0;0,0;0;0,0;0;0,0;0;0,0;0;0,0;0;0,0;0;0,0;0;0,0;0;0,0;0;0,0;0;0,0;0;0,0;0;0,0;0;0,0;0;0,0;0;0,0;0;0,0;0;0,0;0;0,0;0;0,0;0;0,0;0;0,0;0;0,0;0;0,0;0;0,0;0;0,0;0;0,0;0;0,0;0;0,0;0;0,0;0;0,0;0;0,0;0;0,0;0;0,0
VI0300;1;Bezirk;Pankow;03;O;26.09.20;20:14:01;493;247;50,1;291490;182615;62,6;108875;37,4;0;0,0;98102;45,6;1941;2,0;1941;2,0;96420;98,3;1682;1,7;13775;14,3;11242;11,7;18591;19,3;24605;25,5;18899;19,6;1746;1,8;541;0,6;0;0,0;2377;2,5;0;0,0;0;0,0;0;0,0;0;0,0;0;0,0;0;0,0;0;0,0;0;0,0;0;0,0;0;0,0;0;0,0;0;0,0;0;0,0;0;0,0;4543;4,7;0;0,0;0;0,0;0;0,0;0;0,0;15;0,0;0;0,0;0;0,0;0;0,0;0;0,0;0;0,0;0;0,0;0;0,0;0;0,0;0;0,0;86;0,1;0;0,0;0;0,0;0;0,0;0;0,0;0;0,0;0;0,0;0;0,0;0;0,0;0;0,0;0;0,0;0;0,0;0;0,0;0;0,0;0;0,0;0;0,0;0;0,0;0;0,0;0;0,0;0;0,0;0;0,0;0;0,0;0;0,0;0;0,0;0;0,0;0;0,0;0;0,0;0;0,0;0;0,0;0;0,0;0;0,0;0;0,0;0;0,0;0;0,0;0;0,0;0;0,0;0;0,0;0;0,0;0;0,0;0;0,0;0;0,0;0;0,0;0;0,0;0;0,0;0;0,0;0;0,0;0;0,0;0;0,0;0;0,0;0;0,0;0;0,0;0;0,0;0;0,0;0;0,0;0;0,0;0;0,0;0;0,0;0;0,0;0;0,0;0;0,0;0;0,0;0;0,0;0;0,0;0;0,0;0;0,0;0;0,0;0;0,0;0;0,0;0;0,0;0;0,0;0;0,0;0;0,0;0;0,0;0;0,0;0;0,0;0;0,0;0;0,0;0;0,0;0;0,0;0;0,0;0;0,0;0;0,0
VI0400;1;Bezirk;Charlottenburg-Wilmersdorf;04;W;26.09.20;20:14:01;337;146;43,3;218378;138718;63,5;79660;36,5;0;0,0;67515;54,9;15303;22,7;15303;22,7;66391;98,3;1124;1,7;16527;24,9;10932;16,5;13704;20,6;12028;18,1;6948;10,5;2318;3,5;459;0,7;0;0,0;1377;2,1;0;0,0;0;0,0;0;0,0;0;0,0;0;0,0;0;0,0;0;0,0;0;0,0;0;0,0;0;0,0;0;0,0;0;0,0;0;0,0;0;0,0;2084;3,1;0;0,0;0;0,0;0;0,0;0;0,0;0;0,0;0;0,0;0;0,0;0;0,0;0;0,0;0;0,0;0;0,0;0;0,0;0;0,0;14;0,0;0;0,0;0;0,0;0;0,0;0;0,0;0;0,0;0;0,0;0;0,0;0;0,0;0;0,0;0;0,0;0;0,0;0;0,0;0;0,0;0;0,0;0;0,0;0;0,0;0;0,0;0;0,0;0;0,0;0;0,0;0;0,0;0;0,0;0;0,0;0;0,0;0;0,0;0;0,0;0;0,0;0;0,0;0;0,0;0;0,0;0;0,0;0;0,0;0;0,0;0;0,0;0;0,0;0;0,0;0;0,0;0;0,0;0;0,0;0;0,0;0;0,0;0;0,0;0;0,0;0;0,0;0;0,0;0;0,0;0;0,0;0;0,0;0;0,0;0;0,0;0;0,0;0;0,0;0;0,0;0;0,0;0;0,0;0;0,0;0;0,0;0;0,0;0;0,0;0;0,0;0;0,0;0;0,0;0;0,0;0;0,0;0;0,0;0;0,0;0;0,0;0;0,0;0;0,0;0;0,0;0;0,0;0;0,0;0;0,0;0;0,0;0;0,0;0;0,0;0;0,0;0;0,0;0;0,0;0;0,0;0;0,0;0;0,0
VI0500;1;Bezirk;Spandau;05;W;26.09.20;20:14:01;251;91;36,3;159860;116105;72,6;43755;27,4;0;0,0;35536;69,8;13716;38,6;13716;38,6;34752;97,8;784;2,2;9314;26,8;6563;18,9;2946;8,5;4958;14,3;7171;20,6;1002;2,9;461;1,3;463;1,3;556;1,6;0;0,0;0;0,0;0;0,0;0;0,0;0;0,0;0;0,0;0;0,0;0;0,0;0;0,0;0;0,0;0;0,0;0;0,0;0;0,0;0;0,0;1318;3,8;0;0,0;0;0,0;0;0,0;0;0,0;0;0,0;0;0,0;0;0,0;0;0,0;0;0,0;0;0,0;0;0,0;0;0,0;0;0,0;0;0,0;0;0,0;0;0,0;0;0,0;0;0,0;0;0,0;0;0,0;0;0,0;0;0,0;0;0,0;0;0,0;0;0,0;0;0,0;0;0,0;0;0,0;0;0,0;0;0,0;0;0,0;0;0,0;0;0,0;0;0,0;0;0,0;0;0,0;0;0,0;0;0,0;0;0,0;0;0,0;0;0,0;0;0,0;0;0,0;0;0,0;0;0,0;0;0,0;0;0,0;0;0,0;0;0,0;0;0,0;0;0,0;0;0,0;0;0,0;0;0,0;0;0,0;0;0,0;0;0,0;0;0,0;0;0,0;0;0,0;0;0,0;0;0,0;0;0,0;0;0,0;0;0,0;0;0,0;0;0,0;0;0,0;0;0,0;0;0,0;0;0,0;0;0,0;0;0,0;0;0,0;0;0,0;0;0,0;0;0,0;0;0,0;0;0,0;0;0,0;0;0,0;0;0,0;0;0,0;0;0,0;0;0,0;0;0,0;0;0,0;0;0,0;0;0,0;0;0,0;0;0,0;0;0,0;0;0,0;0;0,0;0;0,0;0;0,0
VI0600;1;Bezirk;Steglitz-Zehlendorf;06;W;26.09.20;20:14:01;412;189;45,9;217839;132930;61,0;84909;39,0;0;0,0;80502;58,5;20634;25,6;20634;25,6;79175;98,4;1327;1,6;22948;29,0;12860;16,2;16181;20,4;10795;13,6;9236;11,7;2737;3,5;0;0,0;0;0,0;2010;2,5;0;0,0;0;0,0;0;0,0;0;0,0;0;0,0;0;0,0;0;0,0;0;0,0;0;0,0;0;0,0;0;0,0;0;0,0;0;0,0;0;0,0;2408;3,0;0;0,0;0;0,0;0;0,0;0;0,0;0;0,0;0;0,0;0;0,0;0;0,0;0;0,0;0;0,0;0;0,0;0;0,0;0;0,0;0;0,0;0;0,0;0;0,0;0;0,0;0;0,0;0;0,0;0;0,0;0;0,0;0;0,0;0;0,0;0;0,0;0;0,0;0;0,0;0;0,0;0;0,0;0;0,0;0;0,0;0;0,0;0;0,0;0;0,0;0;0,0;0;0,0;0;0,0;0;0,0;0;0,0;0;0,0;0;0,0;0;0,0;0;0,0;0;0,0;0;0,0;0;0,0;0;0,0;0;0,0;0;0,0;0;0,0;0;0,0;0;0,0;0;0,0;0;0,0;0;0,0;0;0,0;0;0,0;0;0,0;0;0,0;0;0,0;0;0,0;0;0,0;0;0,0;0;0,0;0;0,0;0;0,0;0;0,0;0;0,0;0;0,0;0;0,0;0;0,0;0;0,0;0;0,0;0;0,0;0;0,0;0;0,0;0;0,0;0;0,0;0;0,0;0;0,0;0;0,0;0;0,0;0;0,0;0;0,0;0;0,0;0;0,0;0;0,0;0;0,0;0;0,0;0;0,0;0;0,0;0;0,0;0;0,0;0;0,0;0;0,0;0;0,0;0;0,0
VI0700;1;Bezirk;Tempelhof-Schöneberg;07;W;26.09.20;20:14:01;366;176;48,1;233351;150382;64,4;82969;35,6;0;0,0;73723;44,9;3402;4,6;3402;4,6;72089;97,8;1634;2,2;14990;20,8;11713;16,2;13475;18,7;14614;20,3;10775;14,9;1572;2,2;724;1,0;0;0,0;1187;1,6;0;0,0;0;0,0;0;0,0;0;0,0;0;0,0;0;0,0;0;0,0;0;0,0;0;0,0;0;0,0;0;0,0;0;0,0;0;0,0;0;0,0;3012;4,2;0;0,0;0;0,0;0;0,0;0;0,0;0;0,0;0;0,0;0;0,0;0;0,0;0;0,0;0;0,0;0;0,0;0;0,0;0;0,0;0;0,0;0;0,0;27;0,0;0;0,0;0;0,0;0;0,0;0;0,0;0;0,0;0;0,0;0;0,0;0;0,0;0;0,0;0;0,0;0;0,0;0;0,0;0;0,0;0;0,0;0;0,0;0;0,0;0;0,0;0;0,0;0;0,0;0;0,0;0;0,0;0;0,0;0;0,0;0;0,0;0;0,0;0;0,0;0;0,0;0;0,0;0;0,0;0;0,0;0;0,0;0;0,0;0;0,0;0;0,0;0;0,0;0;0,0;0;0,0;0;0,0;0;0,0;0;0,0;0;0,0;0;0,0;0;0,0;0;0,0;0;0,0;0;0,0;0;0,0;0;0,0;0;0,0;0;0,0;0;0,0;0;0,0;0;0,0;0;0,0;0;0,0;0;0,0;0;0,0;0;0,0;0;0,0;0;0,0;0;0,0;0;0,0;0;0,0;0;0,0;0;0,0;0;0,0;0;0,0;0;0,0;0;0,0;0;0,0;0;0,0;0;0,0;0;0,0;0;0,0;0;0,0;0;0,0;0;0,0;0;0,0;0;0,0;0;0,0
VI0800;1;Bezirk;Neukölln;08;W;26.09.20;20:14:01;299;133;44,5;196296;134080;68,3;62216;31,7;0;0,0;55398;49,1;8829;15,9;8829;15,9;54106;97,7;1292;2,3;8343;15,4;8367;15,5;7567;14,0;17977;33,2;8014;14,8;0;0,0;490;0,9;423;0,8;797;1,5;0;0,0;0;0,0;0;0,0;0;0,0;0;0,0;0;0,0;0;0,0;0;0,0;0;0,0;0;0,0;0;0,0;0;0,0;0;0,0;0;0,0;1939;3,6;0;0,0;0;0,0;0;0,0;0;0,0;0;0,0;0;0,0;0;0,0;0;0,0;0;0,0;56;0,1;0;0,0;0;0,0;104;0,2;0;0,0;0;0,0;0;0,0;29;0,1;0;0,0;0;0,0;0;0,0;0;0,0;0;0,0;0;0,0;0;0,0;0;0,0;0;0,0;0;0,0;0;0,0;0;0,0;0;0,0;0;0,0;0;0,0;0;0,0;0;0,0;0;0,0;0;0,0;0;0,0;0;0,0;0;0,0;0;0,0;0;0,0;0;0,0;0;0,0;0;0,0;0;0,0;0;0,0;0;0,0;0;0,0;0;0,0;0;0,0;0;0,0;0;0,0;0;0,0;0;0,0;0;0,0;0;0,0;0;0,0;0;0,0;0;0,0;0;0,0;0;0,0;0;0,0;0;0,0;0;0,0;0;0,0;0;0,0;0;0,0;0;0,0;0;0,0;0;0,0;0;0,0;0;0,0;0;0,0;0;0,0;0;0,0;0;0,0;0;0,0;0;0,0;0;0,0;0;0,0;0;0,0;0;0,0;0;0,0;0;0,0;0;0,0;0;0,0;0;0,0;0;0,0;0;0,0;0;0,0;0;0,0;0;0,0;0;0,0;0;0,0;0;0,0;0;0,0
VI0900;1;Bezirk;Treptow-Köpenick;09;O;26.09.20;20:14:01;329;209;63,5;212027;146474;69,1;65553;30,9;0;0,0;100203;65,6;26949;26,9;26949;26,9;98002;97,8;2201;2,2;16126;16,5;12690;12,9;8048;8,2;27086;27,6;24228;24,7;1423;1,5;340;0,3;263;0,3;1974;2,0;0;0,0;0;0,0;0;0,0;147;0,1;0;0,0;0;0,0;0;0,0;0;0,0;0;0,0;0;0,0;0;0,0;0;0,0;0;0,0;0;0,0;5677;5,8;0;0,0;0;0,0;0;0,0;0;0,0;0;0,0;0;0,0;0;0,0;0;0,0;0;0,0;0;0,0;0;0,0;0;0,0;0;0,0;0;0,0;0;0,0;0;0,0;0;0,0;0;0,0;0;0,0;0;0,0;0;0,0;0;0,0;0;0,0;0;0,0;0;0,0;0;0,0;0;0,0;0;0,0;0;0,0;0;0,0;0;0,0;0;0,0;0;0,0;0;0,0;0;0,0;0;0,0;0;0,0;0;0,0;0;0,0;0;0,0;0;0,0;0;0,0;0;0,0;0;0,0;0;0,0;0;0,0;0;0,0;0;0,0;0;0,0;0;0,0;0;0,0;0;0,0;0;0,0;0;0,0;0;0,0;0;0,0;0;0,0;0;0,0;0;0,0;0;0,0;0;0,0;0;0,0;0;0,0;0;0,0;0;0,0;0;0,0;0;0,0;0;0,0;0;0,0;0;0,0;0;0,0;0;0,0;0;0,0;0;0,0;0;0,0;0;0,0;0;0,0;0;0,0;0;0,0;0;0,0;0;0,0;0;0,0;0;0,0;0;0,0;0;0,0;0;0,0;0;0,0;0;0,0;0;0,0;0;0,0;0;0,0;0;0,0;0;0,0;0;0,0;0;0,0;0;0,0
VI1000;1;Bezirk;Marzahn-Hellersdorf;10;O;26.09.20;20:14:01;322;123;38,2;199770;145397;72,8;54373;27,2;0;0,0;50679;76,3;21330;42,1;21330;42,1;49541;97,8;1138;2,2;11290;22,8;4185;8,4;3053;6,2;10091;20,4;15472;31,2;997;2,0;0;0,0;0;0,0;989;2,0;0;0,0;0;0,0;0;0,0;0;0,0;0;0,0;0;0,0;0;0,0;0;0,0;0;0,0;0;0,0;0;0,0;0;0,0;0;0,0;0;0,0;3464;7,0;0;0,0;0;0,0;0;0,0;0;0,0;0;0,0;0;0,0;0;0,0;0;0,0;0;0,0;0;0,0;0;0,0;0;0,0;0;0,0;0;0,0;0;0,0;0;0,0;0;0,0;0;0,0;0;0,0;0;0,0;0;0,0;0;0,0;0;0,0;0;0,0;0;0,0;0;0,0;0;0,0;0;0,0;0;0,0;0;0,0;0;0,0;0;0,0;0;0,0;0;0,0;0;0,0;0;0,0;0;0,0;0;0,0;0;0,0;0;0,0;0;0,0;0;0,0;0;0,0;0;0,0;0;0,0;0;0,0;0;0,0;0;0,0;0;0,0;0;0,0;0;0,0;0;0,0;0;0,0;0;0,0;0;0,0;0;0,0;0;0,0;0;0,0;0;0,0;0;0,0;0;0,0;0;0,0;0;0,0;0;0,0;0;0,0;0;0,0;0;0,0;0;0,0;0;0,0;0;0,0;0;0,0;0;0,0;0;0,0;0;0,0;0;0,0;0;0,0;0;0,0;0;0,0;0;0,0;0;0,0;0;0,0;0;0,0;0;0,0;0;0,0;0;0,0;0;0,0;0;0,0;0;0,0;0;0,0;0;0,0;0;0,0;0;0,0;0;0,0;0;0,0;0;0,0;0;0,0
VI1100;1;Bezirk;Lichtenberg;11;O;26.09.20;20:14:01;338;146;43,2;199676;140197;70,2;59479;29,8;0;0,0;57696;50,3;6328;11,0;6328;11,0;56117;97,3;1579;2,7;10023;17,9;4473;8,0;3932;7,0;17003;30,3;14822;26,4;831;1,5;504;0,9;0;0,0;1120;2,0;0;0,0;0;0,0;0;0,0;0;0,0;0;0,0;0;0,0;0;0,0;0;0,0;0;0,0;0;0,0;0;0,0;0;0,0;0;0,0;0;0,0;3358;6,0;0;0,0;0;0,0;0;0,0;0;0,0;0;0,0;0;0,0;0;0,0;51;0,1;0;0,0;0;0,0;0;0,0;0;0,0;0;0,0;0;0,0;0;0,0;0;0,0;0;0,0;0;0,0;0;0,0;0;0,0;0;0,0;0;0,0;0;0,0;0;0,0;0;0,0;0;0,0;0;0,0;0;0,0;0;0,0;0;0,0;0;0,0;0;0,0;0;0,0;0;0,0;0;0,0;0;0,0;0;0,0;0;0,0;0;0,0;0;0,0;0;0,0;0;0,0;0;0,0;0;0,0;0;0,0;0;0,0;0;0,0;0;0,0;0;0,0;0;0,0;0;0,0;0;0,0;0;0,0;0;0,0;0;0,0;0;0,0;0;0,0;0;0,0;0;0,0;0;0,0;0;0,0;0;0,0;0;0,0;0;0,0;0;0,0;0;0,0;0;0,0;0;0,0;0;0,0;0;0,0;0;0,0;0;0,0;0;0,0;0;0,0;0;0,0;0;0,0;0;0,0;0;0,0;0;0,0;0;0,0;0;0,0;0;0,0;0;0,0;0;0,0;0;0,0;0;0,0;0;0,0;0;0,0;0;0,0;0;0,0;0;0,0;0;0,0;0;0,0;0;0,0;0;0,0;0;0,0
VI1200;1;Bezirk;Reinickendorf;12;W;26.09.20;20:14:01;311;117;37,6;175299;120786;68,9;54513;31,1;0;0,0;45735;55,6;9937;21,7;9937;21,7;44706;97,8;1029;2,2;12613;28,2;7212;16,1;5220;11,7;6655;14,9;8717;19,5;1296;2,9;174;0,4;0;0,0;1062;2,4;0;0,0;121;0,3;0;0,0;0;0,0;0;0,0;0;0,0;0;0,0;0;0,0;0;0,0;0;0,0;0;0,0;0;0,0;0;0,0;0;0,0;1636;3,7;0;0,0;0;0,0;0;0,0;0;0,0;0;0,0;0;0,0;0;0,0;0;0,0;0;0,0;0;0,0;0;0,0;0;0,0;0;0,0;0;0,0;0;0,0;0;0,0;0;0,0;0;0,0;0;0,0;0;0,0;0;0,0;0;0,0;0;0,0;0;0,0;0;0,0;0;0,0;0;0,0;0;0,0;0;0,0;0;0,0;0;0,0;0;0,0;0;0,0;0;0,0;0;0,0;0;0,0;0;0,0;0;0,0;0;0,0;0;0,0;0;0,0;0;0,0;0;0,0;0;0,0;0;0,0;0;0,0;0;0,0;0;0,0;0;0,0;0;0,0;0;0,0;0;0,0;0;0,0;0;0,0;0;0,0;0;0,0;0;0,0;0;0,0;0;0,0;0;0,0;0;0,0;0;0,0;0;0,0;0;0,0;0;0,0;0;0,0;0;0,0;0;0,0;0;0,0;0;0,0;0;0,0;0;0,0;0;0,0;0;0,0;0;0,0;0;0,0;0;0,0;0;0,0;0;0,0;0;0,0;0;0,0;0;0,0;0;0,0;0;0,0;0;0,0;0;0,0;0;0,0;0;0,0;0;0,0;0;0,0;0;0,0;0;0,0;0;0,0;0;0,0;0;0,0;0;0,0
GI9900;1;Bundesland;Berlin;00;X;26.09.20;20:14:01;4114;1843;44,8;2487318;1664103;66,9;823215;33,1;0;0,0;775089;53,8;142262;18,4;142262;18,4;759394;98,0;15695;2,0;147859;19,5;101306;13,3;117414;15,5;186306;24,5;133904;17,6;15979;2,1;3941;0,5;1852;0,2;16072;2,1;0;0,0;121;0,0;0;0,0;147;0,0;0;0,0;0;0,0;18;0,0;0;0,0;0;0,0;0;0,0;0;0,0;0;0,0;0;0,0;0;0,0;33749;4,4;0;0,0;131;0,0;0;0,0;0;0,0;15;0,0;18;0,0;30;0,0;51;0,0;52;0,0;56;0,0;20;0,0;93;0,0;104;0,0;14;0,0;86;0,0;27;0,0;29;0,0;0;0,0;0;0,0;0;0,0;0;0,0;0;0,0;0;0,0;0;0,0;0;0,0;0;0,0;0;0,0;0;0,0;0;0,0;0;0,0;0;0,0;0;0,0;0;0,0;0;0,0;0;0,0;0;0,0;0;0,0;0;0,0;0;0,0;0;0,0;0;0,0;0;0,0;0;0,0;0;0,0;0;0,0;0;0,0;0;0,0;0;0,0;0;0,0;0;0,0;0;0,0;0;0,0;0;0,0;0;0,0;0;0,0;0;0,0;0;0,0;0;0,0;0;0,0;0;0,0;0;0,0;0;0,0;0;0,0;0;0,0;0;0,0;0;0,0;0;0,0;0;0,0;0;0,0;0;0,0;0;0,0;0;0,0;0;0,0;0;0,0;0;0,0;0;0,0;0;0,0;0;0,0;0;0,0;0;0,0;0;0,0;0;0,0;0;0,0;0;0,0;0;0,0;0;0,0;0;0,0;0;0,0;0;0,0;0;0,0;0;0,0;0;0,0;0;0,0;0;0,0;0;0,0;0;0,0
GI9901;1;Ost/West;Berlin-Ost;01;O;26.09.20;20:14:01;1746;843;48,3;1051217;707191;67,3;344026;32,7;0;0,0;356556;55,2;63811;17,9;63811;17,9;349171;97,9;7385;2,1;57347;16,4;37386;10,7;44899;12,9;95800;27,4;78050;22,4;6085;1,7;1560;0,4;706;0,2;7997;2,3;0;0,0;0;0,0;0;0,0;147;0,0;0;0,0;0;0,0;18;0,0;0;0,0;0;0,0;0;0,0;0;0,0;0;0,0;0;0,0;0;0,0;18828;5,4;0;0,0;16;0,0;0;0,0;0;0,0;15;0,0;0;0,0;25;0,0;51;0,0;49;0,0;0;0,0;13;0,0;93;0,0;0;0,0;0;0,0;86;0,0;0;0,0;0;0,0;0;0,0;0;0,0;0;0,0;0;0,0;0;0,0;0;0,0;0;0,0;0;0,0;0;0,0;0;0,0;0;0,0;0;0,0;0;0,0;0;0,0;0;0,0;0;0,0;0;0,0;0;0,0;0;0,0;0;0,0;0;0,0;0;0,0;0;0,0;0;0,0;0;0,0;0;0,0;0;0,0;0;0,0;0;0,0;0;0,0;0;0,0;0;0,0;0;0,0;0;0,0;0;0,0;0;0,0;0;0,0;0;0,0;0;0,0;0;0,0;0;0,0;0;0,0;0;0,0;0;0,0;0;0,0;0;0,0;0;0,0;0;0,0;0;0,0;0;0,0;0;0,0;0;0,0;0;0,0;0;0,0;0;0,0;0;0,0;0;0,0;0;0,0;0;0,0;0;0,0;0;0,0;0;0,0;0;0,0;0;0,0;0;0,0;0;0,0;0;0,0;0;0,0;0;0,0;0;0,0;0;0,0;0;0,0;0;0,0;0;0,0;0;0,0;0;0,0;0;0,0;0;0,0;0;0,0
GI9902;1;Ost/West;Berlin-West;02;W;26.09.20;20:14:01;2368;1000;42,2;1436101;956912;66,6;479189;33,4;0;0,0;418533;52,7;78451;18,7;78451;18,7;410223;98,0;8310;2,0;90512;22,1;63920;15,6;72515;17,7;90506;22,1;55854;13,6;9894;2,4;2381;0,6;1146;0,3;8075;2,0;0;0,0;121;0,0;0;0,0;0;0,0;0;0,0;0;0,0;0;0,0;0;0,0;0;0,0;0;0,0;0;0,0;0;0,0;0;0,0;0;0,0;14921;3,6;0;0,0;115;0,0;0;0,0;0;0,0;0;0,0;18;0,0;5;0,0;0;0,0;3;0,0;56;0,0;7;0,0;0;0,0;104;0,0;14;0,0;0;0,0;27;0,0;29;0,0;0;0,0;0;0,0;0;0,0;0;0,0;0;0,0;0;0,0;0;0,0;0;0,0;0;0,0;0;0,0;0;0,0;0;0,0;0;0,0;0;0,0;0;0,0;0;0,0;0;0,0;0;0,0;0;0,0;0;0,0;0;0,0;0;0,0;0;0,0;0;0,0;0;0,0;0;0,0;0;0,0;0;0,0;0;0,0;0;0,0;0;0,0;0;0,0;0;0,0;0;0,0;0;0,0;0;0,0;0;0,0;0;0,0;0;0,0;0;0,0;0;0,0;0;0,0;0;0,0;0;0,0;0;0,0;0;0,0;0;0,0;0;0,0;0;0,0;0;0,0;0;0,0;0;0,0;0;0,0;0;0,0;0;0,0;0;0,0;0;0,0;0;0,0;0;0,0;0;0,0;0;0,0;0;0,0;0;0,0;0;0,0;0;0,0;0;0,0;0;0,0;0;0,0;0;0,0;0;0,0;0;0,0;0;0,0;0;0,0;0;0,0;0;0,0;0;0,0;0;0,0;0;0,0;0;0,0
